/*
SQLyog Ultimate v8.32 
MySQL - 5.6.14 : Database - ivodent
*********************************************************************
*/

/*!40101 SET NAMES utf8 */;

/*!40101 SET SQL_MODE=''*/;

/*!40014 SET @OLD_UNIQUE_CHECKS=@@UNIQUE_CHECKS, UNIQUE_CHECKS=0 */;
/*!40101 SET @OLD_SQL_MODE=@@SQL_MODE, SQL_MODE='NO_AUTO_VALUE_ON_ZERO' */;
/*!40111 SET @OLD_SQL_NOTES=@@SQL_NOTES, SQL_NOTES=0 */;
/*Table structure for table `ivo_categories` */

DROP TABLE IF EXISTS `ivo_categories`;

CREATE TABLE `ivo_categories` (
  `id` int(11) NOT NULL AUTO_INCREMENT,
  `parent_id` int(11) DEFAULT '0',
  `code` varchar(255) DEFAULT NULL,
  `name` varchar(255) DEFAULT NULL,
  `description` text,
  `featured_image` int(11) DEFAULT NULL,
  `slug` varchar(255) DEFAULT NULL,
  `seo_title` varchar(255) DEFAULT NULL,
  `seo_description` varchar(255) DEFAULT NULL,
  `seo_keyword` varchar(255) DEFAULT NULL,
  `created_at` time DEFAULT NULL,
  `updated_at` time DEFAULT NULL,
  PRIMARY KEY (`id`)
) ENGINE=InnoDB AUTO_INCREMENT=11 DEFAULT CHARSET=latin1;

/*Data for the table `ivo_categories` */

insert  into `ivo_categories`(`id`,`parent_id`,`code`,`name`,`description`,`featured_image`,`slug`,`seo_title`,`seo_description`,`seo_keyword`,`created_at`,`updated_at`) values (1,5,'SWISH','Swish™ System','The Swish™ Implant System now offers the simplicity of one surgical tray and one price at any level. Each Swish implant design is surgicallycompatible with the Straumann drills1 and deliver All-in-1 Packaging with a transfer/carrier, cover screw and healing collar. The new bonelevel SwishActive implant features platform-shifting and a conical hex connection. The internal hex provides six indexing positions for precise prosthetic placement while matched transgingival profiles on a range of prosthetics also allow for consistent soft tissue management throughout treatment.',0,'swish-system','Swish Products','The Swish™ Implant System now offers the simplicity of one surgical tray and one price at any level.','','10:46:42','04:25:08'),(2,0,'SALE10','Sale 10%','',NULL,'sale-10','Sale 10%','Sale 10%','','04:43:47','04:43:47'),(3,0,'LEGACY','Legacy™ System','',NULL,'legacy-system','','','','04:15:48','04:15:48'),(4,0,'FEATURED','Featured Products','',NULL,'featured-products','','','','20:15:10','20:15:10'),(5,0,'IMPLANS','Implants by Sistem','',7,'implants-by-sistem','Implants by Sistem','Implants by Sistem','Implants by Sistem','05:58:45','10:56:13'),(6,5,'Interactive System','Interactive System','',NULL,'interactive-system','Interactive System','Interactive System','Interactive System','06:12:34','06:21:07'),(7,6,'Interactive','Interactive','Interactive',NULL,'interactive','Interactive','Interactive','Interactive','06:37:29','06:49:09'),(8,7,'Interactive 3.2mmD SBM','Interactive 3.2mmD SBM','Interactive 3.2mmD SBM',NULL,'interactive-32mmd-sbm','Interactive 3.2mmD SBM','Interactive 3.2mmD SBM','Interactive 3.2mmD SBM','06:42:32','06:50:43'),(9,1,'SwishActive','SwishActive','',3,'swishactive','','','','04:24:47','04:24:47'),(10,1,'SwishPlus','SwishPlus','',0,'swishplus','','','','05:28:58','05:28:58');

/*Table structure for table `ivo_files` */

DROP TABLE IF EXISTS `ivo_files`;

CREATE TABLE `ivo_files` (
  `id` int(11) NOT NULL AUTO_INCREMENT,
  `filename` varchar(255) DEFAULT NULL,
  `type` varchar(255) DEFAULT NULL,
  `size` varchar(255) DEFAULT NULL,
  `metadata` text,
  `created_at` datetime DEFAULT NULL,
  PRIMARY KEY (`id`)
) ENGINE=InnoDB AUTO_INCREMENT=9 DEFAULT CHARSET=latin1;

/*Data for the table `ivo_files` */

insert  into `ivo_files`(`id`,`filename`,`type`,`size`,`metadata`,`created_at`) values (2,'photo-1438557068880-c5f474830377.jpg','image/jpeg','3089.33','{\"file_name\":\"photo-1438557068880-c5f474830377.jpg\",\"file_type\":\"image\\/jpeg\",\"file_path\":\"D:\\/xampp\\/htdocs\\/ivodent\\/assets\\/uploads\\/images\\/\",\"full_path\":\"D:\\/xampp\\/htdocs\\/ivodent\\/assets\\/uploads\\/images\\/photo-1438557068880-c5f474830377.jpg\",\"raw_name\":\"photo-1438557068880-c5f474830377\",\"orig_name\":\"photo-1438557068880-c5f474830377.jpg\",\"client_name\":\"photo-1438557068880-c5f474830377.jpg\",\"file_ext\":\".jpg\",\"file_size\":3089.33,\"is_image\":true,\"image_width\":4672,\"image_height\":3104,\"image_type\":\"jpeg\",\"image_size_str\":\"width=\\\"4672\\\" height=\\\"3104\\\"\"}','2015-09-01 06:09:19'),(3,'photo-1438557068880-c5f4748303771.jpg','image/jpeg','3089.33','{\"file_name\":\"photo-1438557068880-c5f4748303771.jpg\",\"file_type\":\"image\\/jpeg\",\"file_path\":\"D:\\/xampp\\/htdocs\\/ivodent\\/assets\\/uploads\\/images\\/\",\"full_path\":\"D:\\/xampp\\/htdocs\\/ivodent\\/assets\\/uploads\\/images\\/photo-1438557068880-c5f4748303771.jpg\",\"raw_name\":\"photo-1438557068880-c5f4748303771\",\"orig_name\":\"photo-1438557068880-c5f474830377.jpg\",\"client_name\":\"photo-1438557068880-c5f474830377.jpg\",\"file_ext\":\".jpg\",\"file_size\":3089.33,\"is_image\":true,\"image_width\":4672,\"image_height\":3104,\"image_type\":\"jpeg\",\"image_size_str\":\"width=\\\"4672\\\" height=\\\"3104\\\"\"}','2015-09-02 04:51:41'),(4,'photo-1439242088854-0c76045f4124.jpg','image/jpeg','6505.09','{\"file_name\":\"photo-1439242088854-0c76045f4124.jpg\",\"file_type\":\"image\\/jpeg\",\"file_path\":\"D:\\/xampp\\/htdocs\\/ivodent\\/assets\\/uploads\\/images\\/\",\"full_path\":\"D:\\/xampp\\/htdocs\\/ivodent\\/assets\\/uploads\\/images\\/photo-1439242088854-0c76045f4124.jpg\",\"raw_name\":\"photo-1439242088854-0c76045f4124\",\"orig_name\":\"photo-1439242088854-0c76045f4124.jpg\",\"client_name\":\"photo-1439242088854-0c76045f4124.jpg\",\"file_ext\":\".jpg\",\"file_size\":6505.09,\"is_image\":true,\"image_width\":5472,\"image_height\":3648,\"image_type\":\"jpeg\",\"image_size_str\":\"width=\\\"5472\\\" height=\\\"3648\\\"\"}','2015-09-02 04:51:59'),(5,'photo-1432972045743-21ecf2f127d9.jpg','image/jpeg','1650.31','{\"file_name\":\"photo-1432972045743-21ecf2f127d9.jpg\",\"file_type\":\"image\\/jpeg\",\"file_path\":\"D:\\/xampp\\/htdocs\\/ivodent\\/assets\\/uploads\\/images\\/\",\"full_path\":\"D:\\/xampp\\/htdocs\\/ivodent\\/assets\\/uploads\\/images\\/photo-1432972045743-21ecf2f127d9.jpg\",\"raw_name\":\"photo-1432972045743-21ecf2f127d9\",\"orig_name\":\"photo-1432972045743-21ecf2f127d9.jpg\",\"client_name\":\"photo-1432972045743-21ecf2f127d9.jpg\",\"file_ext\":\".jpg\",\"file_size\":1650.31,\"is_image\":true,\"image_width\":3625,\"image_height\":5437,\"image_type\":\"jpeg\",\"image_size_str\":\"width=\\\"3625\\\" height=\\\"5437\\\"\"}','2015-09-02 06:14:09'),(6,'slide1.jpg','image/jpeg','116.93','{\"file_name\":\"slide1.jpg\",\"file_type\":\"image\\/jpeg\",\"file_path\":\"D:\\/xampp\\/htdocs\\/ivodent\\/assets\\/uploads\\/images\\/\",\"full_path\":\"D:\\/xampp\\/htdocs\\/ivodent\\/assets\\/uploads\\/images\\/slide1.jpg\",\"raw_name\":\"slide1\",\"orig_name\":\"slide1.jpg\",\"client_name\":\"slide1.jpg\",\"file_ext\":\".jpg\",\"file_size\":116.93,\"is_image\":true,\"image_width\":1140,\"image_height\":420,\"image_type\":\"jpeg\",\"image_size_str\":\"width=\\\"1140\\\" height=\\\"420\\\"\"}','2015-09-02 07:21:48'),(7,'slide2.jpg','image/jpeg','137.91','{\"file_name\":\"slide2.jpg\",\"file_type\":\"image\\/jpeg\",\"file_path\":\"D:\\/xampp\\/htdocs\\/ivodent\\/assets\\/uploads\\/images\\/\",\"full_path\":\"D:\\/xampp\\/htdocs\\/ivodent\\/assets\\/uploads\\/images\\/slide2.jpg\",\"raw_name\":\"slide2\",\"orig_name\":\"slide2.jpg\",\"client_name\":\"slide2.jpg\",\"file_ext\":\".jpg\",\"file_size\":137.91,\"is_image\":true,\"image_width\":1140,\"image_height\":420,\"image_type\":\"jpeg\",\"image_size_str\":\"width=\\\"1140\\\" height=\\\"420\\\"\"}','2015-09-02 07:21:49'),(8,'slide3.jpg','image/jpeg','310.23','{\"file_name\":\"slide3.jpg\",\"file_type\":\"image\\/jpeg\",\"file_path\":\"D:\\/xampp\\/htdocs\\/ivodent\\/assets\\/uploads\\/images\\/\",\"full_path\":\"D:\\/xampp\\/htdocs\\/ivodent\\/assets\\/uploads\\/images\\/slide3.jpg\",\"raw_name\":\"slide3\",\"orig_name\":\"slide3.jpg\",\"client_name\":\"slide3.jpg\",\"file_ext\":\".jpg\",\"file_size\":310.23,\"is_image\":true,\"image_width\":1140,\"image_height\":420,\"image_type\":\"jpeg\",\"image_size_str\":\"width=\\\"1140\\\" height=\\\"420\\\"\"}','2015-09-02 07:21:49');

/*Table structure for table `ivo_pages` */

DROP TABLE IF EXISTS `ivo_pages`;

CREATE TABLE `ivo_pages` (
  `id` int(11) NOT NULL AUTO_INCREMENT,
  `title` varchar(255) DEFAULT NULL,
  `slug` varchar(255) DEFAULT NULL,
  `content` text,
  `excerpt` text,
  `parent_id` int(11) DEFAULT NULL,
  `seo_title` varchar(255) DEFAULT NULL,
  `seo_description` varchar(255) DEFAULT NULL,
  `seo_keyword` varchar(255) DEFAULT NULL,
  `featured_image` varchar(255) DEFAULT NULL,
  `gallery` text,
  `created_at` time DEFAULT NULL,
  `updated_at` time DEFAULT NULL,
  `user_id` int(11) DEFAULT NULL,
  PRIMARY KEY (`id`)
) ENGINE=InnoDB AUTO_INCREMENT=2 DEFAULT CHARSET=latin1;

/*Data for the table `ivo_pages` */

insert  into `ivo_pages`(`id`,`title`,`slug`,`content`,`excerpt`,`parent_id`,`seo_title`,`seo_description`,`seo_keyword`,`featured_image`,`gallery`,`created_at`,`updated_at`,`user_id`) values (1,'About Us','about-us','<p>Ivodent Lab, established in 1997 by experienced dentist, Indra Guizot and located in Denpasar Bali. In the beginning year, there were only two assistants supporting Guizot to operate his lab, these two staffs were focused to support his clinic operation.</p>\r\n<p>Ivodent Lab with its motto one step ahead, always tries to be the leader in dental technic\'s matters. Less then a years running its operation. Ivodent Lab was visited by expert Germany dentist whom introduced porcelain IPS Classic and Targis - Vectris and continuously.</p>\r\n<p><img style=\"max-width: 100%;\" src=\"[base_url]assets/uploads/images/slide2.jpg\" alt=\"\" /></p>\r\n<p>Ivodent Lab builds relationship with a Dental Technician from Europe to ensure its Dental Technologies always one step ahead.</p>','Ivodent Lab, established in 1997 by experienced dentist, Indra Guizot and located in Denpasar Bali. In the beginning year, there were only two assistants supporting Guizot to operate his lab, these two staffs were focused to support his clinic operation.',0,'About Us','Ivodent Lab, established in 1997 by experienced dentist, Indra Guizot and located in Denpasar Bali. In the beginning year, there were only two assistants supporting Guizot to operate his lab, these two staffs were focused to support his clinic operation.','','4','','11:07:46','04:59:45',1);

/*Table structure for table `ivo_product_images` */

DROP TABLE IF EXISTS `ivo_product_images`;

CREATE TABLE `ivo_product_images` (
  `id` int(11) NOT NULL AUTO_INCREMENT,
  `product_id` int(11) DEFAULT NULL,
  `file_id` int(11) DEFAULT NULL,
  PRIMARY KEY (`id`)
) ENGINE=InnoDB AUTO_INCREMENT=22 DEFAULT CHARSET=latin1;

/*Data for the table `ivo_product_images` */

insert  into `ivo_product_images`(`id`,`product_id`,`file_id`) values (1,3,2),(2,3,4),(3,4,4),(5,7,2),(6,8,2),(7,9,4),(8,10,5),(9,11,3),(10,12,5),(11,13,3),(12,14,4),(13,15,8),(14,16,3),(15,17,4),(16,1,5),(17,6,3),(18,5,4),(19,3,3),(20,3,6),(21,5,3);

/*Table structure for table `ivo_products` */

DROP TABLE IF EXISTS `ivo_products`;

CREATE TABLE `ivo_products` (
  `id` int(10) unsigned NOT NULL AUTO_INCREMENT,
  `sku` varchar(255) DEFAULT NULL,
  `barcode` varchar(255) DEFAULT NULL,
  `name` varchar(255) DEFAULT NULL,
  `sequence` int(11) DEFAULT '1',
  `category_id` int(10) unsigned DEFAULT NULL,
  `description` text,
  `excerpt` text,
  `price` double DEFAULT NULL,
  `sale_price` double DEFAULT NULL,
  `note` text,
  `status` int(1) DEFAULT '1',
  `slug` varchar(255) DEFAULT NULL,
  `inventory_tracking` int(1) DEFAULT '1',
  `quantity` int(1) DEFAULT '0',
  `seo_title` varchar(255) DEFAULT NULL,
  `seo_description` varchar(255) DEFAULT NULL,
  `seo_keyword` varchar(255) DEFAULT NULL,
  `created_at` time NOT NULL,
  `updated_at` time DEFAULT NULL,
  PRIMARY KEY (`id`)
) ENGINE=InnoDB AUTO_INCREMENT=18 DEFAULT CHARSET=latin1;

/*Data for the table `ivo_products` */

insert  into `ivo_products`(`id`,`sku`,`barcode`,`name`,`sequence`,`category_id`,`description`,`excerpt`,`price`,`sale_price`,`note`,`status`,`slug`,`inventory_tracking`,`quantity`,`seo_title`,`seo_description`,`seo_keyword`,`created_at`,`updated_at`) values (1,'33mmD','','SwishActive - Bone-Level Implant',0,NULL,'<p>Features &amp; Benefits</p>\r\n<ul>\r\n<li>Bone-level implant featuring surgical compatibility with Straumann&reg; drills1</li>\r\n<li>12&deg; conical hex connection with platform switching(utilizes InterActive prosthetics)</li>\r\n<li>Micro-grooves for improved tissue attachment &amp; reduced stress2</li>\r\n<li>Progressively-deeper single-lead threads for increased initial stability</li>\r\n<li>Self-tapping groove for surgical simplicity</li>\r\n<li>2mm extender retained by cover screw for use as a healing collar for one-stage surgery features a concave</li>\r\n<li>transgingival profile which matches prosthetics</li>\r\n<li>Color-coded carrier features demarcations for easy indexing and functions as a transfer</li>\r\n</ul>','Bone-level implant featuring surgical compatibility with Straumann® drills1',150,0,'',1,'swishactive-bone-level-implant',1,10,'','','','11:06:19','17:45:47'),(3,'','','Legacy1',0,NULL,'<p>Two-Piece Implant for Two-Stage Surgery</p>','',0,0,'',1,'legacy1',1,0,'','','','04:18:56','04:41:22'),(4,'','','Replacement Surgical Cover Screws',0,NULL,'<p>Components include Tri-Grip&trade; feature for use with 1.25mmD Hex Tool,<br />Nobel Unigrip ScrewDriver orStraumann<br />SCS Driver</p>','',20,0,'',1,'replacement-surgical-cover-screws',1,0,'','','','04:56:30','20:19:20'),(5,'','','SwishPlus: Tissue-Level Implant',0,NULL,'<p>Features &amp; Benefits<br />&bull; Complete compatibility with Straumann&reg; Tissue-Level drills,<br />tools &amp; prosthetics plus standard ratchet &amp; hex tools (excluding<br />3.3mmD &amp; 5.7mmD)<br />&bull; 2mm neck half textured for tissue-level or esthetic placement1<br />&bull; Micro-grooves for improved tissue attachment &amp; reduced stress2*<br />&bull; Progressively-deeper single-lead threads for initial stability*<br />&bull; Self-tapping groove for surgical simplicity<br />&bull; All-in-1 Packaging includes Cover Screw, 2mm Healing Collar<br />&amp; Carrier/Transfer<br />&bull; Color-coded carrier features demarcations for easy indexing of<br />internal octagon flats<br />* Excluding the 3.3mmD which features a SwishTapered implant<br />thread pattern</p>','',150,100,'',1,'swishplus-tissue-level-implant',1,0,'','','','05:04:09','09:47:03'),(6,'','','SwishTapered Implant System',0,NULL,'<p>Features &amp; Benefits<br />&bull; Complete compatibility with Straumann&reg; Tissue-Level drills,<br />tools &amp; prosthetics plus standard ratchet &amp; hex tools (excluding<br />3.3mmD &amp; 5.7mmD)<br />&bull; Implant dimensions designed to allow insertion in soft bone using<br />Straumann drills<br />&bull; 2mm neck lightly textured for bone- or tissue-level placement<br />&bull; Micro-threads for improved tissue attachment, reduced stress &amp;<br />increased stability1<br />&bull; Tapered body for soft bone expansion<br />&bull; Progressively-deeper double-lead threads for increased initial<br />stability &amp; faster insertion<br />&bull; Self-tapping groove for surgical simplicity<br />&bull; All-in-1 Packaging includes Cover Screw, 2mm Healing Collar<br />&amp; Carrier/Transfer<br />&bull; Color-coded carrier features demarcations for easy indexing of<br />internal octagon flats</p>','SwishTapered: Bone- or Tissue-Level Implant',150,0,'',1,'swishtapered-implant-system',1,0,'','','','05:21:35','20:57:30'),(7,'','','SwishActive Narrow Healing Collars',0,NULL,'<p>Components include Tri-Grip&trade; feature for use with 1.25mmD Hex Tool, Nobel Unigrip ScrewDriver orStraumann<br />SCS Driver</p>','',35,0,'',1,'swishactive-narrow-healing-collars',1,0,'','','','23:22:51','20:19:34'),(8,'','','SwishActive Healing Collars',0,NULL,'<p>Components include Tri-Grip&trade; feature for use with 1.25mmD Hex Tool, Nobel Unigrip ScrewDriver orStraumann<br />SCS Driver</p>','',35,0,'',1,'swishactive-healing-collars',1,0,'','','','23:27:38','17:44:43'),(9,'','','SwishActive Wide Healing Collars',0,NULL,'','',35,0,'',1,'swishactive-wide-healing-collars',1,0,'','','','23:57:17','17:44:48'),(10,'','','SwishActive Open-Tray Implant Transfers',0,NULL,'<p>Includes Tri-Grip&trade; Fixation Screw</p>','',40,0,'',1,'swishactive-open-tray-implant-transfers',1,0,'','','','00:01:29','17:44:55'),(11,'','','SwishActive Closed-Tray Implant Transfers',0,NULL,'<p>Includes Tri-Grip&trade; Fixation Screw</p>','',40,0,'',1,'swishactive-closed-tray-implant-transfers',1,0,'','','','00:04:44','17:45:01'),(12,'','','SwishActive Implant Analogs',0,NULL,'','',20,0,'',1,'swishactive-implant-analogs',1,0,'','','','00:08:06','17:45:06'),(13,'','','SwishActive Straight Abutments Kits',0,NULL,'<p>Includes Straight Abutment Transfer, Analog, Castable Coping,Comfort<br />Cap &amp; Fixation Screw with Tri-Grip&trade;</p>','',125,0,'',1,'swishactive-straight-abutments-kits',1,0,'','','','00:12:00','17:45:17'),(14,'','','SwishActive Straight Abutments Transfers',0,NULL,'','',30,0,'',1,'swishactive-straight-abutments-transfers',1,0,'','','','00:21:14','17:45:23'),(15,'','','SwishActive Straight Abutment Comfort Caps',0,NULL,'','',30,0,'',1,'swishactive-straight-abutment-comfort-caps',1,0,'','','','00:23:54','17:45:29'),(16,'','','SwishActive Straight Abutment Analogs',0,NULL,'<p>Includes Castable Coping</p>','',35,0,'',1,'swishactive-straight-abutment-analogs',1,0,'','','','00:26:56','17:45:35'),(17,'','','SwishActive Straight Abutment Castable Copings',0,NULL,'','',30,0,'',1,'swishactive-straight-abutment-castable-copings',1,0,'','','','00:29:32','17:45:41');

/*Table structure for table `ivo_products_rel_categories` */

DROP TABLE IF EXISTS `ivo_products_rel_categories`;

CREATE TABLE `ivo_products_rel_categories` (
  `id` int(11) NOT NULL AUTO_INCREMENT,
  `product_id` int(11) DEFAULT NULL,
  `category_id` int(11) DEFAULT NULL,
  PRIMARY KEY (`id`)
) ENGINE=InnoDB AUTO_INCREMENT=27 DEFAULT CHARSET=latin1;

/*Data for the table `ivo_products_rel_categories` */

insert  into `ivo_products_rel_categories`(`id`,`product_id`,`category_id`) values (6,1,2),(7,3,3),(8,4,1),(9,5,1),(10,6,1),(11,8,1),(12,7,1),(13,9,1),(14,10,1),(15,11,1),(16,12,1),(17,13,1),(18,14,1),(19,15,1),(20,16,1),(21,17,1),(22,3,4),(23,4,4),(24,5,4),(25,6,4),(26,7,4);

/*Table structure for table `ivo_sessions` */

DROP TABLE IF EXISTS `ivo_sessions`;

CREATE TABLE `ivo_sessions` (
  `id` varchar(40) NOT NULL,
  `ip_address` varchar(45) NOT NULL,
  `timestamp` int(10) unsigned NOT NULL DEFAULT '0',
  `data` blob NOT NULL,
  PRIMARY KEY (`id`),
  KEY `ci_sessions_timestamp` (`timestamp`)
) ENGINE=InnoDB DEFAULT CHARSET=latin1;

/*Data for the table `ivo_sessions` */

insert  into `ivo_sessions`(`id`,`ip_address`,`timestamp`,`data`) values ('00513e52969bbb42dc84e0fb9367cf687f83d8be','::1',1441159850,'__ci_last_regenerate|i:1441159827;'),('00f2fdd9c29c42c8c1d92a142084399ebbdc62aa','::1',1439349597,'__ci_last_regenerate|i:1439349563;auth_user|a:1:{s:5:\"token\";s:88:\"WjpWhM3s/ZFdShTWLwRW2FCcXS1YbNdPrW1ATIhRvC1lByd7Fv9qoeiQUbQSgzX2nSQV/syWZjY988bqH/zDGQ==\";}'),('010b9212f1fe6c4e2d464c6ebe5d80f6d8ec62bd','::1',1439274582,'__ci_last_regenerate|i:1439274537;auth_user|a:1:{s:5:\"token\";s:88:\"ScaKKdbgxMJjm7Nl2GfQWv6DePYvCxVyk7nlnh7+zkLPPcuC0slzrz8MdudWcjzHR9PZYbJk4IF5016j1QC8PQ==\";}'),('01bd7c54de5c44e906cd3eaa10ec252ec47ebd27','::1',1441248611,'__ci_last_regenerate|i:1441248378;auth_user|a:1:{s:5:\"token\";s:88:\"CFjgBYlxvqYPh2YAJC3xezDBXYotgLWH4kHVYuaZRQRhPvYPcUtIaTxpmh8g71ILE4OF7OwW6Pv1LAWb/StC7A==\";}'),('02deb55e8714a2409c1a06bd5e340bc5a7fd13e8','::1',1439347431,'__ci_last_regenerate|i:1439347379;auth_user|a:1:{s:5:\"token\";s:88:\"WjpWhM3s/ZFdShTWLwRW2FCcXS1YbNdPrW1ATIhRvC1lByd7Fv9qoeiQUbQSgzX2nSQV/syWZjY988bqH/zDGQ==\";}'),('0313e795f59dab6efdb2eeaf6dede346ba86f2b0','::1',1441789666,'__ci_last_regenerate|i:1441789666;auth_user|a:1:{s:5:\"token\";s:88:\"hw/SiLGuZzXNZ9JYowttltw5daaybzQeLMLHMiEH9QhpnVbv6ps11FX9lgaC4c03QkShIrto+nZDMeC8nusA0Q==\";}success|s:27:\"A product has been created.\";__ci_vars|a:1:{s:7:\"success\";s:3:\"old\";}'),('0362b2d774f8807e12b9ae508ec5dd5b43129d1c','::1',1439882585,'__ci_last_regenerate|i:1439882585;auth_user|a:1:{s:5:\"token\";s:88:\"WAB4y4d5ooggLQyLUM9xXBrdbJEdtKigvUyjnTNYg47NFSyOUPkkgIPDvL5i8wN+pTwkFxUoe0GccKjO58fB4g==\";}'),('03690cf0b8cea9da868c8c80ef8f613d025f3513','::1',1441610428,'__ci_last_regenerate|i:1441610261;'),('040e373cc6f8bb833c8f093bed691a366ce64e2d','::1',1439523864,'__ci_last_regenerate|i:1439523678;auth_user|a:1:{s:5:\"token\";s:88:\"lmqPsudzFOEGK5+s3wenWDhCijps+bGOouZcINJ6cb0enadxINRESIetePVCUoec39f3BLheAGqULxbOUOJ4Eg==\";}'),('047f38968b85427e210da6bec299a96f8a94eaa8','::1',1441790405,'__ci_last_regenerate|i:1441790134;auth_user|a:1:{s:5:\"token\";s:88:\"hw/SiLGuZzXNZ9JYowttltw5daaybzQeLMLHMiEH9QhpnVbv6ps11FX9lgaC4c03QkShIrto+nZDMeC8nusA0Q==\";}'),('05475bdda0b2e2a9514fcf35e8e804ce391e0cbf','::1',1439541182,'__ci_last_regenerate|i:1439541182;auth_user|a:1:{s:5:\"token\";s:88:\"mb+kIj3sXtVyitvjHQiYkwqn7jqTg0sR3VPp6OCMsYlO5utQlXTAtEZO0oikRLQLuk2rgEH1eB3u6j6XLpjDXw==\";}'),('05528bba4d9f265ffff30de6f6b3290ee89da79e','::1',1440665519,'__ci_last_regenerate|i:1440665225;'),('0823d8fda17a6b6d48819bba870befdb5d238cfc','::1',1440054729,'__ci_last_regenerate|i:1440054513;auth_user|a:1:{s:5:\"token\";s:88:\"5Bovl4AHXPZCXiTolQ2DNcDUU7GfUYMT2LrMsOEClsx8bjf1zoA8O6PDOTj5NX5tnY2gz4a5lqvomjqhmqQMwA==\";}'),('08832ba4bc455705b3a9d43db1a86b242ae06e36','::1',1440383850,'__ci_last_regenerate|i:1440383839;'),('0b2acaede3104f793906889d1923d36a2939f88d','::1',1440992177,'__ci_last_regenerate|i:1440992137;auth_user|a:1:{s:5:\"token\";s:88:\"pU+xXlRfIAVZNHg8Wf3yCN27qoEBSsycqyBV7JN06vm3cyEAMuoLCDlo45yDwvUBDC1TkrytKr5FVkqvQ6n+aQ==\";}'),('0baa10cd02293eda496c46d393065fc0318a3bb9','::1',1441261153,'__ci_last_regenerate|i:1441261127;'),('0c53dd2d4d88ea0fe3340221f312e961cc7c6176','::1',1439955821,'__ci_last_regenerate|i:1439955592;auth_user|a:1:{s:5:\"token\";s:88:\"bO1z4jHREaFvrh0CjXWPztPjQtkdliTbEcbwJSVmDgEz5rH1jcBGjKTvIY7u/R2b4Mdz0Y6GPH0IPiiQh3ZjIg==\";}'),('0c773cc527be60610e180efffc47e33112f0eec6','::1',1441088983,'__ci_last_regenerate|i:1441088980;auth_user|a:1:{s:5:\"token\";s:88:\"++wSnx2RS5OCqttI0mn+wZjL0Bbtr3s/uIz8y7CT+0TWJ51cyKZimvqLKbhH55jch8PFuxCTwfWeKLxrGaFKMA==\";}'),('0cbd4b5fbaf3447345febc522396ddc3249bdd3e','::1',1441248259,'__ci_last_regenerate|i:1441248076;auth_user|a:1:{s:5:\"token\";s:88:\"CFjgBYlxvqYPh2YAJC3xezDBXYotgLWH4kHVYuaZRQRhPvYPcUtIaTxpmh8g71ILE4OF7OwW6Pv1LAWb/StC7A==\";}'),('0d5b6f28be6318503105811337417a3bbe1304e4','::1',1441943913,'__ci_last_regenerate|i:1441943666;auth_user|a:1:{s:5:\"token\";s:88:\"qeiqWsoBgBi5y1lzYrayrosA5CGPyF0ElcVYJ5Vpu1PYiJU+IdjxcCuoUOBcDNi61YRIu8aNiUZCGJ2HQeXOvQ==\";}'),('0d8fe9c1228293f25e038c90d415bc6ce6059f1f','::1',1439518073,'__ci_last_regenerate|i:1439518056;auth_user|a:1:{s:5:\"token\";s:88:\"lmqPsudzFOEGK5+s3wenWDhCijps+bGOouZcINJ6cb0enadxINRESIetePVCUoec39f3BLheAGqULxbOUOJ4Eg==\";}'),('0de4e2db203647e26a4e9d1800da8e54683720da','::1',1441873171,'__ci_last_regenerate|i:1441872964;auth_user|a:1:{s:5:\"token\";s:88:\"eSU/khxa29udxVlWBXhU6DtQRom6C7wNygIT6YBGUoRPkaX6XYLNbBjCEwWdWavUPVPmmx1QSsyYJzgxJjtj6Q==\";}'),('1048d67fadc8e9be2617ed9f6c71deac0eeb070f','::1',1441264271,'__ci_last_regenerate|i:1441264159;auth_user|a:1:{s:5:\"token\";s:88:\"i7m07krTgsukT44k33+zIiWArPkyUUXCiYkZLYR6cuMPgaw4uj/wS5EBmYPt2r2tGbVexEQL1Yc4/p/LyhvDAQ==\";}'),('115086946098e24778e89fa3689e369be0a370b6','::1',1440987094,'__ci_last_regenerate|i:1440986889;'),('1223ac1e8f3eaa11d76094aab0ae3b3d6c3f992c','::1',1441077145,'__ci_last_regenerate|i:1441077102;auth_user|a:1:{s:5:\"token\";s:88:\"++wSnx2RS5OCqttI0mn+wZjL0Bbtr3s/uIz8y7CT+0TWJ51cyKZimvqLKbhH55jch8PFuxCTwfWeKLxrGaFKMA==\";}'),('1237137c239004cdc67782db0a1baa2d169ea7e1','::1',1441348826,'__ci_last_regenerate|i:1441348809;'),('129d1df61efe1e58f620444d08a67f32faba9453','::1',1441869963,'__ci_last_regenerate|i:1441869842;auth_user|a:1:{s:5:\"token\";s:88:\"eSU/khxa29udxVlWBXhU6DtQRom6C7wNygIT6YBGUoRPkaX6XYLNbBjCEwWdWavUPVPmmx1QSsyYJzgxJjtj6Q==\";}'),('12ab22a14a64ce6349042cef507cb3be22dc16f7','::1',1441101235,'__ci_last_regenerate|i:1441100938;auth_user|a:1:{s:5:\"token\";s:88:\"++wSnx2RS5OCqttI0mn+wZjL0Bbtr3s/uIz8y7CT+0TWJ51cyKZimvqLKbhH55jch8PFuxCTwfWeKLxrGaFKMA==\";}'),('12d89635ca115b9bb3ff779eeff553dc3b3f796f','::1',1440743766,'__ci_last_regenerate|i:1440743488;'),('13072da8f1f9497a16fb95bb5048f5098cdd23e5','::1',1439283018,'__ci_last_regenerate|i:1439282770;auth_user|a:1:{s:5:\"token\";s:88:\"ScaKKdbgxMJjm7Nl2GfQWv6DePYvCxVyk7nlnh7+zkLPPcuC0slzrz8MdudWcjzHR9PZYbJk4IF5016j1QC8PQ==\";}'),('1384dd7b1f8557c7ffb5ddf2ca5fc9e3dce22ba3','::1',1439957930,'__ci_last_regenerate|i:1439957696;auth_user|a:1:{s:5:\"token\";s:88:\"bO1z4jHREaFvrh0CjXWPztPjQtkdliTbEcbwJSVmDgEz5rH1jcBGjKTvIY7u/R2b4Mdz0Y6GPH0IPiiQh3ZjIg==\";}'),('13a4cbbd9273204e754c46d6dd6bba7e0858e241','::1',1441073827,'__ci_last_regenerate|i:1441073643;auth_user|a:1:{s:5:\"token\";s:88:\"++wSnx2RS5OCqttI0mn+wZjL0Bbtr3s/uIz8y7CT+0TWJ51cyKZimvqLKbhH55jch8PFuxCTwfWeKLxrGaFKMA==\";}'),('146597bbe989f3848d28f30001f044a0a87cf0bb','::1',1439352625,'__ci_last_regenerate|i:1439352625;auth_user|a:1:{s:5:\"token\";s:88:\"WjpWhM3s/ZFdShTWLwRW2FCcXS1YbNdPrW1ATIhRvC1lByd7Fv9qoeiQUbQSgzX2nSQV/syWZjY988bqH/zDGQ==\";}'),('1470d8154240a7ca68c921ef70ef7a3505453abf','::1',1441191534,'__ci_last_regenerate|i:1441191385;'),('15762b6552d51f285b0e7a8a31aee90f878e19d9','::1',1441765695,'__ci_last_regenerate|i:1441765693;'),('15ac193235e9aafeb7b5ffa49cf4478bdd239988','127.0.0.1',1441223333,'__ci_last_regenerate|i:1441223225;auth_user|a:1:{s:5:\"token\";s:88:\"NNKHqHf4oUijbmwbR3m79HTVQJ/X4yePOE0F2R0kt+yNazVoh2eLEtxkGq5dSvFIMvEnFqkHFpODWOTTH6AgQw==\";}'),('168360ceeb2a56e8c85b90d6c941903a5340b2bf','::1',1441861368,'__ci_last_regenerate|i:1441861202;auth_user|a:1:{s:5:\"token\";s:88:\"eSU/khxa29udxVlWBXhU6DtQRom6C7wNygIT6YBGUoRPkaX6XYLNbBjCEwWdWavUPVPmmx1QSsyYJzgxJjtj6Q==\";}'),('173a47c388ead0a655016c6340b12f10c2eab40b','::1',1440036902,'__ci_last_regenerate|i:1440036747;auth_user|a:1:{s:5:\"token\";s:88:\"FpY/8WBvG6Krs12YwDJfeUiLXft9PKS3Z1pP3tq7JJj8rx6ZICalBighDsZdLs3Z0Y3N+XGylhOr1nRSxrtnEQ==\";}'),('176a18a054ea91ed1347c21677bce5e94ca3e6b2','::1',1441600039,'__ci_last_regenerate|i:1441600039;'),('17b82c81c113ea55b7c66de80e221d9d7993a0b7','::1',1439264517,'__ci_last_regenerate|i:1439264218;auth_user|a:1:{s:5:\"token\";s:88:\"ScaKKdbgxMJjm7Nl2GfQWv6DePYvCxVyk7nlnh7+zkLPPcuC0slzrz8MdudWcjzHR9PZYbJk4IF5016j1QC8PQ==\";}'),('180965cbde21884b0569c73b99f32aa3eb9e3428','::1',1441352097,'__ci_last_regenerate|i:1441352097;'),('1815d96dea0b2b9078cd84589bf4cdc4feeeea67','::1',1441768853,'__ci_last_regenerate|i:1441768848;auth_user|a:1:{s:5:\"token\";s:88:\"kcm2a+nbXX9az8GRLfe9x4xxDlYvOn9Xn+msejLS3GiAB1IWYhcvo8khFxgn61SoPNz+w5IGMfaEKMLa1AY1xw==\";}'),('19696ccbf95958fd5ae70e4e0f28d81c699b672b','::1',1439538439,'__ci_last_regenerate|i:1439538147;auth_user|a:1:{s:5:\"token\";s:88:\"mb+kIj3sXtVyitvjHQiYkwqn7jqTg0sR3VPp6OCMsYlO5utQlXTAtEZO0oikRLQLuk2rgEH1eB3u6j6XLpjDXw==\";}'),('1a3cee46799418b6ae942ac40aef5bf9188a382c','::1',1441861533,'__ci_last_regenerate|i:1441861530;auth_user|a:1:{s:5:\"token\";s:88:\"eSU/khxa29udxVlWBXhU6DtQRom6C7wNygIT6YBGUoRPkaX6XYLNbBjCEwWdWavUPVPmmx1QSsyYJzgxJjtj6Q==\";}'),('1b003ea6a54b551c5b049de7dad1d44a50359c95','::1',1440743293,'__ci_last_regenerate|i:1440743192;auth_user|a:1:{s:5:\"token\";s:88:\"sLJUtF+jHFksCQZwIPit3iJNjJuuxC18Cbbw80s122sBZi+MpjIF8F42ujo9Qc/ZKHMJZU519gqgYvU/7rHCZQ==\";}'),('1b40c9027c25668751888dc629030be6a96fd904','::1',1440061878,'__ci_last_regenerate|i:1440061833;auth_user|a:1:{s:5:\"token\";s:88:\"5Bovl4AHXPZCXiTolQ2DNcDUU7GfUYMT2LrMsOEClsx8bjf1zoA8O6PDOTj5NX5tnY2gz4a5lqvomjqhmqQMwA==\";}'),('1b4cdfc9af91d69117c775c0ff15271a9ce427e8','::1',1440745562,'__ci_last_regenerate|i:1440745562;auth_user|a:1:{s:5:\"token\";s:88:\"OGle/j2OPv27qomfGbE7qqBfLvUpU1E3XMJdwrKiut062SI+B85qubkS3dhOuqkjbhb3Uukb95L9U8iSP4tkUA==\";}'),('1b783902983d9d50c24c7a2a00889268c45722c6','::1',1440564645,'__ci_last_regenerate|i:1440564563;auth_user|a:1:{s:5:\"token\";s:88:\"qy7ZqsDRtKgeR/0SD9+PEbq6JNnb04qD98Rdv2je4jb8/UOApHZ5IAmO6gTsGH/aVd5/awpbvCGaKQLVceN8Qw==\";}'),('1b8154e25536fdea6486850588db3d8525037eb2','::1',1439350226,'__ci_last_regenerate|i:1439350226;auth_user|a:1:{s:5:\"token\";s:88:\"WjpWhM3s/ZFdShTWLwRW2FCcXS1YbNdPrW1ATIhRvC1lByd7Fv9qoeiQUbQSgzX2nSQV/syWZjY988bqH/zDGQ==\";}'),('1d5e08aa1f4df5f552f61a3b9f36eeefd999015d','::1',1440742149,'__ci_last_regenerate|i:1440741922;'),('1dcc5176d299acbd33c3e0582d4f0f5595dda1c9','::1',1441946948,'__ci_last_regenerate|i:1441946948;auth_user|a:1:{s:5:\"token\";s:88:\"qeiqWsoBgBi5y1lzYrayrosA5CGPyF0ElcVYJ5Vpu1PYiJU+IdjxcCuoUOBcDNi61YRIu8aNiUZCGJ2HQeXOvQ==\";}'),('1e2b119a14cc7a50958651d4f8caee5c23a71263','::1',1439533195,'__ci_last_regenerate|i:1439533053;auth_user|a:1:{s:5:\"token\";s:88:\"mb+kIj3sXtVyitvjHQiYkwqn7jqTg0sR3VPp6OCMsYlO5utQlXTAtEZO0oikRLQLuk2rgEH1eB3u6j6XLpjDXw==\";}'),('1e7153b9d081b803bcbb6cc91c76cc5d53b4adb3','::1',1441783881,'__ci_last_regenerate|i:1441783610;auth_user|a:1:{s:5:\"token\";s:88:\"hw/SiLGuZzXNZ9JYowttltw5daaybzQeLMLHMiEH9QhpnVbv6ps11FX9lgaC4c03QkShIrto+nZDMeC8nusA0Q==\";}'),('1ef59ccb8dbc179c5533d6191ccfd777a8065b04','::1',1441685697,'__ci_last_regenerate|i:1441685692;auth_user|a:1:{s:5:\"token\";s:88:\"uDuHOXbR1Haoyyri9lvCheh+uHSbEzml8pE/q6gpcw37iQeq1YcGGLuZdgeI8os1djGQAaUpoJy+UzaMcT7bGw==\";}'),('1f4666c09c3a211fc9c9b3a0ea72d4e7f789236a','::1',1441092130,'__ci_last_regenerate|i:1441092106;auth_user|a:1:{s:5:\"token\";s:88:\"++wSnx2RS5OCqttI0mn+wZjL0Bbtr3s/uIz8y7CT+0TWJ51cyKZimvqLKbhH55jch8PFuxCTwfWeKLxrGaFKMA==\";}'),('1fdf34dc76063ae6766c9cabb98d186b6e51d883','::1',1441867122,'__ci_last_regenerate|i:1441867008;auth_user|a:1:{s:5:\"token\";s:88:\"eSU/khxa29udxVlWBXhU6DtQRom6C7wNygIT6YBGUoRPkaX6XYLNbBjCEwWdWavUPVPmmx1QSsyYJzgxJjtj6Q==\";}'),('205cd9dc2ffbe35d4b7c52ef529ad99322d44f01','::1',1441248074,'__ci_last_regenerate|i:1441247774;auth_user|a:1:{s:5:\"token\";s:88:\"CFjgBYlxvqYPh2YAJC3xezDBXYotgLWH4kHVYuaZRQRhPvYPcUtIaTxpmh8g71ILE4OF7OwW6Pv1LAWb/StC7A==\";}'),('214e0d4974fd2030a7afdb2ea2b714cc5aed84a5','::1',1440130145,'__ci_last_regenerate|i:1440129905;'),('21c1e327f62de5d3688547b686be2af2dbabdff7','::1',1441099837,'__ci_last_regenerate|i:1441099554;auth_user|a:1:{s:5:\"token\";s:88:\"++wSnx2RS5OCqttI0mn+wZjL0Bbtr3s/uIz8y7CT+0TWJ51cyKZimvqLKbhH55jch8PFuxCTwfWeKLxrGaFKMA==\";}'),('2227323a145678c12bb596a67b247143a7602037','::1',1439350648,'__ci_last_regenerate|i:1439350605;auth_user|a:1:{s:5:\"token\";s:88:\"WjpWhM3s/ZFdShTWLwRW2FCcXS1YbNdPrW1ATIhRvC1lByd7Fv9qoeiQUbQSgzX2nSQV/syWZjY988bqH/zDGQ==\";}'),('24826f362f3b3f6fc11633e243315b9b257579af','::1',1440990272,'__ci_last_regenerate|i:1440990078;auth_user|a:1:{s:5:\"token\";s:88:\"pU+xXlRfIAVZNHg8Wf3yCN27qoEBSsycqyBV7JN06vm3cyEAMuoLCDlo45yDwvUBDC1TkrytKr5FVkqvQ6n+aQ==\";}success|s:15:\"Settings saved.\";__ci_vars|a:1:{s:7:\"success\";s:3:\"old\";}'),('262e7daae772131435bdc5f2c235e62a53ad23ad','::1',1441267282,'__ci_last_regenerate|i:1441267022;auth_user|a:1:{s:5:\"token\";s:88:\"i7m07krTgsukT44k33+zIiWArPkyUUXCiYkZLYR6cuMPgaw4uj/wS5EBmYPt2r2tGbVexEQL1Yc4/p/LyhvDAQ==\";}'),('26d07a7170d08e7c572edb77e520793f9b2201a5','::1',1441597185,'__ci_last_regenerate|i:1441597182;'),('27a02a6962b47474b8be734b57cb7ff43af7e2fd','::1',1440661505,'__ci_last_regenerate|i:1440661265;'),('286d1fff5ce6ab9aada8ce3b754147fe9fa66d9a','::1',1439446385,'__ci_last_regenerate|i:1439446216;auth_user|a:1:{s:5:\"token\";s:88:\"gduRN2gRPWS9GYxMbGL6Njsq43eFkbFIcUuiefbNnNMVk5scnzm3VcISUTuxhwquPMyJxq3cITjjv7PMGt3CCA==\";}success|s:26:\"Category has been deleted.\";__ci_vars|a:1:{s:7:\"success\";s:3:\"old\";}'),('29425cac32ebdbc03389b6e806733ae63a398d39','::1',1440036418,'__ci_last_regenerate|i:1440036407;auth_user|a:1:{s:5:\"token\";s:88:\"FpY/8WBvG6Krs12YwDJfeUiLXft9PKS3Z1pP3tq7JJj8rx6ZICalBighDsZdLs3Z0Y3N+XGylhOr1nRSxrtnEQ==\";}'),('2ab811976e1b704992701855dce7d359cc9cdda1','::1',1441264138,'__ci_last_regenerate|i:1441263838;'),('2afdb31721f06205dc38dad8b56f1bf64867ba09','::1',1439880751,'__ci_last_regenerate|i:1439880459;auth_user|a:1:{s:5:\"token\";s:88:\"WAB4y4d5ooggLQyLUM9xXBrdbJEdtKigvUyjnTNYg47NFSyOUPkkgIPDvL5i8wN+pTwkFxUoe0GccKjO58fB4g==\";}'),('2b66be59448b58fafa7ff6c2fb1c8c3962244450','::1',1441866475,'__ci_last_regenerate|i:1441866197;auth_user|a:1:{s:5:\"token\";s:88:\"eSU/khxa29udxVlWBXhU6DtQRom6C7wNygIT6YBGUoRPkaX6XYLNbBjCEwWdWavUPVPmmx1QSsyYJzgxJjtj6Q==\";}'),('2c161f15d13924a9f10c3a77c70df116906759b8','::1',1441161256,'__ci_last_regenerate|i:1441161256;auth_user|a:1:{s:5:\"token\";s:88:\"aM/2/NHVVYOxCG1yj/taMNMMFzV6eLDXRxcBB9R7kq9Tyw2/qx/BY0SbDhQmbm2alQtYVrf1YNhBLZA3ord9SQ==\";}'),('2c5e1d5834a08ffcbdabd73d814ccf048a467d14','::1',1439879198,'__ci_last_regenerate|i:1439879087;auth_user|a:1:{s:5:\"token\";s:88:\"WAB4y4d5ooggLQyLUM9xXBrdbJEdtKigvUyjnTNYg47NFSyOUPkkgIPDvL5i8wN+pTwkFxUoe0GccKjO58fB4g==\";}'),('2c62620868a30b28d1b044d41d033e35b2704ab6','::1',1441185256,'__ci_last_regenerate|i:1441185256;'),('2caec00abf0bc08e7da048c484e644dabe38ae7d','::1',1441790439,'__ci_last_regenerate|i:1441790439;auth_user|a:1:{s:5:\"token\";s:88:\"hw/SiLGuZzXNZ9JYowttltw5daaybzQeLMLHMiEH9QhpnVbv6ps11FX9lgaC4c03QkShIrto+nZDMeC8nusA0Q==\";}'),('2cb040fa961cc6d5364e611cf4645c29f98a073c','::1',1441083621,'__ci_last_regenerate|i:1441083501;auth_user|a:1:{s:5:\"token\";s:88:\"++wSnx2RS5OCqttI0mn+wZjL0Bbtr3s/uIz8y7CT+0TWJ51cyKZimvqLKbhH55jch8PFuxCTwfWeKLxrGaFKMA==\";}'),('2cb556320b9aec117bed45af6dd0a5be4caa9320','::1',1439520813,'__ci_last_regenerate|i:1439520516;auth_user|a:1:{s:5:\"token\";s:88:\"lmqPsudzFOEGK5+s3wenWDhCijps+bGOouZcINJ6cb0enadxINRESIetePVCUoec39f3BLheAGqULxbOUOJ4Eg==\";}'),('2cf3e588e9e2eec586a601822ecc18579a564d25','::1',1441013944,'__ci_last_regenerate|i:1441013944;'),('2d780926fe078ed3e408bd178c4d06785a6be237','::1',1439449795,'__ci_last_regenerate|i:1439449649;auth_user|a:1:{s:5:\"token\";s:88:\"gduRN2gRPWS9GYxMbGL6Njsq43eFkbFIcUuiefbNnNMVk5scnzm3VcISUTuxhwquPMyJxq3cITjjv7PMGt3CCA==\";}'),('2dc409d8536ae7fd2d4e92c6b046845d154fb9df','::1',1441869091,'__ci_last_regenerate|i:1441869091;auth_user|a:1:{s:5:\"token\";s:88:\"eSU/khxa29udxVlWBXhU6DtQRom6C7wNygIT6YBGUoRPkaX6XYLNbBjCEwWdWavUPVPmmx1QSsyYJzgxJjtj6Q==\";}'),('2efe385c77f74ef1a95d69d0dd7063654a4ab232','::1',1439353167,'__ci_last_regenerate|i:1439353044;auth_user|a:1:{s:5:\"token\";s:88:\"WjpWhM3s/ZFdShTWLwRW2FCcXS1YbNdPrW1ATIhRvC1lByd7Fv9qoeiQUbQSgzX2nSQV/syWZjY988bqH/zDGQ==\";}'),('31653341d48501a6a48f198adb6e79b05158c874','::1',1439877989,'__ci_last_regenerate|i:1439877767;auth_user|a:1:{s:5:\"token\";s:88:\"WAB4y4d5ooggLQyLUM9xXBrdbJEdtKigvUyjnTNYg47NFSyOUPkkgIPDvL5i8wN+pTwkFxUoe0GccKjO58fB4g==\";}'),('31a7d4e10b069df10c220cf7dd8aeded0cfc77a9','::1',1440666423,'__ci_last_regenerate|i:1440666398;'),('323c7ddf8d45bbcba3b35d85712220108d9d422b','::1',1439362839,'__ci_last_regenerate|i:1439362839;auth_user|a:1:{s:5:\"token\";s:88:\"6o7DN/pWCSXa0FKwc2saG4xmvb+A3abRd4oQJGbe5IG1EEhOVZJZZ/Pr5sEV23YeA71z7YocezRHumXPCOds0g==\";}'),('339b00d7c185bb37afa6077f84633acd0380ed7a','::1',1441599684,'__ci_last_regenerate|i:1441599684;'),('3463aaf4a8ed226fc657394f2bb042168ad4737e','::1',1441599513,'__ci_last_regenerate|i:1441599316;'),('34a756562782925314c0cfc6aa850aa76559901c','::1',1439276356,'__ci_last_regenerate|i:1439276356;auth_user|a:1:{s:5:\"token\";s:88:\"ScaKKdbgxMJjm7Nl2GfQWv6DePYvCxVyk7nlnh7+zkLPPcuC0slzrz8MdudWcjzHR9PZYbJk4IF5016j1QC8PQ==\";}'),('34b7e2f6f489fd0677ad195f8c55d5da5bd5c7a5','::1',1439524314,'__ci_last_regenerate|i:1439524124;auth_user|a:1:{s:5:\"token\";s:88:\"lmqPsudzFOEGK5+s3wenWDhCijps+bGOouZcINJ6cb0enadxINRESIetePVCUoec39f3BLheAGqULxbOUOJ4Eg==\";}'),('352d5ecf071bee48b4bbf44be41cce1cc1039cf6','::1',1439523299,'__ci_last_regenerate|i:1439523186;auth_user|a:1:{s:5:\"token\";s:88:\"lmqPsudzFOEGK5+s3wenWDhCijps+bGOouZcINJ6cb0enadxINRESIetePVCUoec39f3BLheAGqULxbOUOJ4Eg==\";}'),('35dcf307189337f7aa71808f18fad2b142effee6','::1',1441081238,'__ci_last_regenerate|i:1441081189;auth_user|a:1:{s:5:\"token\";s:88:\"++wSnx2RS5OCqttI0mn+wZjL0Bbtr3s/uIz8y7CT+0TWJ51cyKZimvqLKbhH55jch8PFuxCTwfWeKLxrGaFKMA==\";}'),('3609138375b8524bc68c9bceec4cdfb2b3cd08f7','::1',1439556215,'__ci_last_regenerate|i:1439556212;auth_user|a:1:{s:5:\"token\";s:88:\"XbyKFFju7/FsOmGR/47YulyqMkJcK1rjpkkM7LD3sKWJi9Zh1qyU21ChNADlfOjabGXqJ+voKiHMltOIJjBWwA==\";}'),('368aa69f6f6c26c9fe563fab172b08b86b1f52b3','127.0.0.1',1441217720,'__ci_last_regenerate|i:1441217641;auth_user|a:1:{s:5:\"token\";s:88:\"NNKHqHf4oUijbmwbR3m79HTVQJ/X4yePOE0F2R0kt+yNazVoh2eLEtxkGq5dSvFIMvEnFqkHFpODWOTTH6AgQw==\";}'),('36a91b9b0188453c068188845722a2d401663ae5','::1',1441167690,'__ci_last_regenerate|i:1441167459;auth_user|a:1:{s:5:\"token\";s:88:\"aM/2/NHVVYOxCG1yj/taMNMMFzV6eLDXRxcBB9R7kq9Tyw2/qx/BY0SbDhQmbm2alQtYVrf1YNhBLZA3ord9SQ==\";}'),('381a66c99cc27de4737a1dae2a86f74a67dbf933','::1',1441688142,'__ci_last_regenerate|i:1441688079;auth_user|a:1:{s:5:\"token\";s:88:\"uDuHOXbR1Haoyyri9lvCheh+uHSbEzml8pE/q6gpcw37iQeq1YcGGLuZdgeI8os1djGQAaUpoJy+UzaMcT7bGw==\";}'),('38382d3f0cf9d370a01a0ff3335af290dc9afb18','::1',1441874062,'__ci_last_regenerate|i:1441874058;auth_user|a:1:{s:5:\"token\";s:88:\"eSU/khxa29udxVlWBXhU6DtQRom6C7wNygIT6YBGUoRPkaX6XYLNbBjCEwWdWavUPVPmmx1QSsyYJzgxJjtj6Q==\";}'),('386ceef3ca559740f526669f9b6477e880ffac12','::1',1439883918,'__ci_last_regenerate|i:1439883631;auth_user|a:1:{s:5:\"token\";s:88:\"WAB4y4d5ooggLQyLUM9xXBrdbJEdtKigvUyjnTNYg47NFSyOUPkkgIPDvL5i8wN+pTwkFxUoe0GccKjO58fB4g==\";}'),('392158afcb504191d40a805220c938d1d400ceeb','::1',1439453432,'__ci_last_regenerate|i:1439453432;auth_user|a:1:{s:5:\"token\";s:88:\"gduRN2gRPWS9GYxMbGL6Njsq43eFkbFIcUuiefbNnNMVk5scnzm3VcISUTuxhwquPMyJxq3cITjjv7PMGt3CCA==\";}'),('39ae98995a20690ef52ec56f64b89048627960c1','::1',1439865008,'__ci_last_regenerate|i:1439864728;auth_user|a:1:{s:5:\"token\";s:88:\"WAB4y4d5ooggLQyLUM9xXBrdbJEdtKigvUyjnTNYg47NFSyOUPkkgIPDvL5i8wN+pTwkFxUoe0GccKjO58fB4g==\";}'),('3a56c1f7d564d5cefa011fc31310678fa562e260','::1',1441096543,'__ci_last_regenerate|i:1441096265;auth_user|a:1:{s:5:\"token\";s:88:\"++wSnx2RS5OCqttI0mn+wZjL0Bbtr3s/uIz8y7CT+0TWJ51cyKZimvqLKbhH55jch8PFuxCTwfWeKLxrGaFKMA==\";}'),('3a73327441103588430d8150e21acafff5dc53ad','::1',1439351576,'__ci_last_regenerate|i:1439351546;auth_user|a:1:{s:5:\"token\";s:88:\"WjpWhM3s/ZFdShTWLwRW2FCcXS1YbNdPrW1ATIhRvC1lByd7Fv9qoeiQUbQSgzX2nSQV/syWZjY988bqH/zDGQ==\";}'),('3aefb987755936041e281e80ece5a6841e3b821a','::1',1441856468,'__ci_last_regenerate|i:1441856428;auth_user|a:1:{s:5:\"token\";s:88:\"eSU/khxa29udxVlWBXhU6DtQRom6C7wNygIT6YBGUoRPkaX6XYLNbBjCEwWdWavUPVPmmx1QSsyYJzgxJjtj6Q==\";}'),('3b21f75f7e8775b7865d9fba053c39b8b94cfba4','::1',1441782501,'__ci_last_regenerate|i:1441782378;auth_user|a:1:{s:5:\"token\";s:88:\"hw/SiLGuZzXNZ9JYowttltw5daaybzQeLMLHMiEH9QhpnVbv6ps11FX9lgaC4c03QkShIrto+nZDMeC8nusA0Q==\";}'),('3b5c54dc2f6d52d767e0abe8588a37aca3b0a5b2','::1',1441190836,'__ci_last_regenerate|i:1441190728;'),('3b822dd151b639f2c112ef2a008be452f35c6561','::1',1438913960,'__ci_last_regenerate|i:1438913960;'),('3bc0f2ba810f847cd4e8b50f2f5e42bc8cb0c95b','127.0.0.1',1441220273,'__ci_last_regenerate|i:1441220181;auth_user|a:1:{s:5:\"token\";s:88:\"NNKHqHf4oUijbmwbR3m79HTVQJ/X4yePOE0F2R0kt+yNazVoh2eLEtxkGq5dSvFIMvEnFqkHFpODWOTTH6AgQw==\";}'),('3cfec97a25a68c055e6a44eb499b571cef61af80','::1',1441870593,'__ci_last_regenerate|i:1441870318;auth_user|a:1:{s:5:\"token\";s:88:\"eSU/khxa29udxVlWBXhU6DtQRom6C7wNygIT6YBGUoRPkaX6XYLNbBjCEwWdWavUPVPmmx1QSsyYJzgxJjtj6Q==\";}'),('3d1ae3c7e0ed6cefffb1012cd0a8301de02bc0cd','::1',1440213120,'__ci_last_regenerate|i:1440213072;'),('3db12d7f8b2d3713387b9245296422dbd4757f1c','::1',1441249437,'__ci_last_regenerate|i:1441249168;auth_user|a:1:{s:5:\"token\";s:88:\"CFjgBYlxvqYPh2YAJC3xezDBXYotgLWH4kHVYuaZRQRhPvYPcUtIaTxpmh8g71ILE4OF7OwW6Pv1LAWb/StC7A==\";}'),('3dd8fee556dcadea123b7108e19a117f753097ee','::1',1440667285,'__ci_last_regenerate|i:1440667191;'),('3f706cd64d14f6370ec05ba223a951bca4f15669','::1',1441876786,'__ci_last_regenerate|i:1441876719;auth_user|a:1:{s:5:\"token\";s:88:\"eSU/khxa29udxVlWBXhU6DtQRom6C7wNygIT6YBGUoRPkaX6XYLNbBjCEwWdWavUPVPmmx1QSsyYJzgxJjtj6Q==\";}'),('3f7d8cc1f95b1ab154dbaa2330a6dfce0d948dd3','::1',1440556292,'__ci_last_regenerate|i:1440556292;auth_user|a:1:{s:5:\"token\";s:88:\"qy7ZqsDRtKgeR/0SD9+PEbq6JNnb04qD98Rdv2je4jb8/UOApHZ5IAmO6gTsGH/aVd5/awpbvCGaKQLVceN8Qw==\";}success|s:15:\"Settings saved.\";__ci_vars|a:1:{s:7:\"success\";s:3:\"old\";}'),('40cfd357661fea5b1c6bc1c6a429bae6d3cd98cc','::1',1439269889,'__ci_last_regenerate|i:1439269824;auth_user|a:1:{s:5:\"token\";s:88:\"ScaKKdbgxMJjm7Nl2GfQWv6DePYvCxVyk7nlnh7+zkLPPcuC0slzrz8MdudWcjzHR9PZYbJk4IF5016j1QC8PQ==\";}'),('419079ac96cb5f9acd0162307fbf625118194bf4','::1',1441786769,'__ci_last_regenerate|i:1441786478;auth_user|a:1:{s:5:\"token\";s:88:\"hw/SiLGuZzXNZ9JYowttltw5daaybzQeLMLHMiEH9QhpnVbv6ps11FX9lgaC4c03QkShIrto+nZDMeC8nusA0Q==\";}'),('4235a542f9ee8d120b4f4a934df5548668f4bbb3','::1',1441853689,'__ci_last_regenerate|i:1441853585;auth_user|a:1:{s:5:\"token\";s:88:\"eSU/khxa29udxVlWBXhU6DtQRom6C7wNygIT6YBGUoRPkaX6XYLNbBjCEwWdWavUPVPmmx1QSsyYJzgxJjtj6Q==\";}'),('4287eb75a237fb672366c951701d935155cc83b4','::1',1440060922,'__ci_last_regenerate|i:1440060673;auth_user|a:1:{s:5:\"token\";s:88:\"5Bovl4AHXPZCXiTolQ2DNcDUU7GfUYMT2LrMsOEClsx8bjf1zoA8O6PDOTj5NX5tnY2gz4a5lqvomjqhmqQMwA==\";}'),('42ddf1d1adf8962fb707d1f895616b746058735f','::1',1440131250,'__ci_last_regenerate|i:1440131250;'),('433955af403bfe1ad43d99e924f031a3bceef6af','::1',1439371237,'__ci_last_regenerate|i:1439371168;auth_user|a:1:{s:5:\"token\";s:88:\"6o7DN/pWCSXa0FKwc2saG4xmvb+A3abRd4oQJGbe5IG1EEhOVZJZZ/Pr5sEV23YeA71z7YocezRHumXPCOds0g==\";}'),('43770d4dad036b6e68f15a5ba34de1bfa4e26b31','::1',1439283430,'__ci_last_regenerate|i:1439283184;auth_user|a:1:{s:5:\"token\";s:88:\"ScaKKdbgxMJjm7Nl2GfQWv6DePYvCxVyk7nlnh7+zkLPPcuC0slzrz8MdudWcjzHR9PZYbJk4IF5016j1QC8PQ==\";}'),('44c926930317bb96d3b0f751c05d869f5eaca9e6','::1',1439881151,'__ci_last_regenerate|i:1439881151;auth_user|a:1:{s:5:\"token\";s:88:\"WAB4y4d5ooggLQyLUM9xXBrdbJEdtKigvUyjnTNYg47NFSyOUPkkgIPDvL5i8wN+pTwkFxUoe0GccKjO58fB4g==\";}'),('450ae365f949dd4192b7d23721082308f46d0208','::1',1441868538,'__ci_last_regenerate|i:1441868280;auth_user|a:1:{s:5:\"token\";s:88:\"eSU/khxa29udxVlWBXhU6DtQRom6C7wNygIT6YBGUoRPkaX6XYLNbBjCEwWdWavUPVPmmx1QSsyYJzgxJjtj6Q==\";}'),('4595069b446789d7d78f8bd2f34c89ba0c7d8703','::1',1440668308,'__ci_last_regenerate|i:1440668010;'),('4657d9d4bf3db300d3adb44a40e72c488708b9d0','::1',1440563019,'__ci_last_regenerate|i:1440563019;auth_user|a:1:{s:5:\"token\";s:88:\"qy7ZqsDRtKgeR/0SD9+PEbq6JNnb04qD98Rdv2je4jb8/UOApHZ5IAmO6gTsGH/aVd5/awpbvCGaKQLVceN8Qw==\";}'),('46b947df984d5a75352cf67d25573fe621e37934','::1',1439278399,'__ci_last_regenerate|i:1439278138;auth_user|a:1:{s:5:\"token\";s:88:\"ScaKKdbgxMJjm7Nl2GfQWv6DePYvCxVyk7nlnh7+zkLPPcuC0slzrz8MdudWcjzHR9PZYbJk4IF5016j1QC8PQ==\";}'),('46e1647f44003e4cb5efe3abfe0fd40784ced01d','::1',1439449489,'__ci_last_regenerate|i:1439449321;auth_user|a:1:{s:5:\"token\";s:88:\"gduRN2gRPWS9GYxMbGL6Njsq43eFkbFIcUuiefbNnNMVk5scnzm3VcISUTuxhwquPMyJxq3cITjjv7PMGt3CCA==\";}'),('476374f1127e4aa23aa44c9c7f480b64b3ae99a3','::1',1441009997,'__ci_last_regenerate|i:1441009708;'),('47cf949ad11df816b91441f7ed8c327cf8d9aa31','::1',1438843508,'__ci_last_regenerate|i:1438843224;auth_user|a:1:{s:5:\"token\";s:88:\"iIkCkCnURZ2SqMNeKvV4mDx7PiGh1QOz/zyDnc+jIyc+gkbhoGDF2UdYAORvcbKitd7C6nCFv2qBt4oHUb2Rjw==\";}'),('47ebf23c44b6875f75bb7ec01ee9ccd37e84d45e','::1',1440398770,'__ci_last_regenerate|i:1440398617;auth_user|a:1:{s:5:\"token\";s:88:\"qXYzFo0RmTjR98WBQfgQlIOzuSjSpgnWNOYdz4NJvjohWW7YuNNbnbEauwS2PrafWthyVfYcqiFde9TToYQ8Tw==\";}'),('47f7ecf47b2efb8a1de4201b30cf3cb93526de8e','::1',1441160877,'__ci_last_regenerate|i:1441160877;auth_user|a:1:{s:5:\"token\";s:88:\"aM/2/NHVVYOxCG1yj/taMNMMFzV6eLDXRxcBB9R7kq9Tyw2/qx/BY0SbDhQmbm2alQtYVrf1YNhBLZA3ord9SQ==\";}'),('4856e9eb9a9fbfd17633e1966bc3df966ed1d170','::1',1440484724,'__ci_last_regenerate|i:1440484724;'),('48efa0ce1c893cf4a3e28f761fc37c6e2a40ad44','::1',1438842237,'__ci_last_regenerate|i:1438842232;auth_user|a:1:{s:5:\"token\";s:88:\"iIkCkCnURZ2SqMNeKvV4mDx7PiGh1QOz/zyDnc+jIyc+gkbhoGDF2UdYAORvcbKitd7C6nCFv2qBt4oHUb2Rjw==\";}'),('490ed1521b5b2633ada29e5c9161237cdc97eac7','::1',1439968591,'__ci_last_regenerate|i:1439968300;auth_user|a:1:{s:5:\"token\";s:88:\"4kUsxe6C8dZXdRaZJi859EWQ1NwrVHIpI9FxTUEd17A9STUpetsycYczF2X0nIKJiooDPYb7r/1Rs6S3lTXrqA==\";}'),('49e59ca34bf1e7f941ecde6a098c12e733a7511c','::1',1441875381,'__ci_last_regenerate|i:1441875184;auth_user|a:1:{s:5:\"token\";s:88:\"eSU/khxa29udxVlWBXhU6DtQRom6C7wNygIT6YBGUoRPkaX6XYLNbBjCEwWdWavUPVPmmx1QSsyYJzgxJjtj6Q==\";}'),('4b915e1d1759a97fe0026014abd90e2711f8e2e6','::1',1440564479,'__ci_last_regenerate|i:1440564222;auth_user|a:1:{s:5:\"token\";s:88:\"qy7ZqsDRtKgeR/0SD9+PEbq6JNnb04qD98Rdv2je4jb8/UOApHZ5IAmO6gTsGH/aVd5/awpbvCGaKQLVceN8Qw==\";}'),('4cdb5127dbe01bb777126403c4cd4d77c4ded95a','::1',1440990053,'__ci_last_regenerate|i:1440989776;auth_user|a:1:{s:5:\"token\";s:88:\"pU+xXlRfIAVZNHg8Wf3yCN27qoEBSsycqyBV7JN06vm3cyEAMuoLCDlo45yDwvUBDC1TkrytKr5FVkqvQ6n+aQ==\";}'),('4ce0d2a54092308ad018a2011830fef6a77eee73','::1',1441690396,'__ci_last_regenerate|i:1441690123;auth_user|a:1:{s:5:\"token\";s:88:\"uDuHOXbR1Haoyyri9lvCheh+uHSbEzml8pE/q6gpcw37iQeq1YcGGLuZdgeI8os1djGQAaUpoJy+UzaMcT7bGw==\";}'),('4ec1c262ec3c8e0402082bc3544552cab3e0a7d5','::1',1440384816,'__ci_last_regenerate|i:1440384695;'),('50212bc2ee2105ae4305f72ac2994cf6f38f6011','::1',1441097399,'__ci_last_regenerate|i:1441097216;auth_user|a:1:{s:5:\"token\";s:88:\"++wSnx2RS5OCqttI0mn+wZjL0Bbtr3s/uIz8y7CT+0TWJ51cyKZimvqLKbhH55jch8PFuxCTwfWeKLxrGaFKMA==\";}'),('50779317431962a502ed2af334a0a164941d6da5','::1',1440744354,'__ci_last_regenerate|i:1440744102;auth_user|a:1:{s:5:\"token\";s:88:\"OGle/j2OPv27qomfGbE7qqBfLvUpU1E3XMJdwrKiut062SI+B85qubkS3dhOuqkjbhb3Uukb95L9U8iSP4tkUA==\";}'),('50aae8e5f8ba8a6a6c3c4b27a5ac85245cadf775','::1',1440400162,'__ci_last_regenerate|i:1440399969;auth_user|a:1:{s:5:\"token\";s:88:\"qXYzFo0RmTjR98WBQfgQlIOzuSjSpgnWNOYdz4NJvjohWW7YuNNbnbEauwS2PrafWthyVfYcqiFde9TToYQ8Tw==\";}'),('51a6d7624bc1deeaa75349b86bb44591be45fb98','::1',1441610828,'__ci_last_regenerate|i:1441610682;'),('5296dfc1fd5467aa065907164767b1fa3da84295','::1',1441596967,'__ci_last_regenerate|i:1441596857;'),('53f8a8d705ac5184bf3a38b2924e83983af81354','::1',1441860273,'__ci_last_regenerate|i:1441860151;auth_user|a:1:{s:5:\"token\";s:88:\"eSU/khxa29udxVlWBXhU6DtQRom6C7wNygIT6YBGUoRPkaX6XYLNbBjCEwWdWavUPVPmmx1QSsyYJzgxJjtj6Q==\";}'),('5476a61ae1512c76729811137eb1e4667e616bac','::1',1440741686,'__ci_last_regenerate|i:1440741459;'),('54de1736505d68bbfac0416569740b151521fdbe','::1',1439368374,'__ci_last_regenerate|i:1439368322;auth_user|a:1:{s:5:\"token\";s:88:\"6o7DN/pWCSXa0FKwc2saG4xmvb+A3abRd4oQJGbe5IG1EEhOVZJZZ/Pr5sEV23YeA71z7YocezRHumXPCOds0g==\";}'),('551c16ba223e153ef3199f3485dd2c7fcb52f688','::1',1441347410,'__ci_last_regenerate|i:1441347400;'),('5551e11560a4037dc97aa117d53d689db46b37fd','::1',1441860130,'__ci_last_regenerate|i:1441859849;auth_user|a:1:{s:5:\"token\";s:88:\"eSU/khxa29udxVlWBXhU6DtQRom6C7wNygIT6YBGUoRPkaX6XYLNbBjCEwWdWavUPVPmmx1QSsyYJzgxJjtj6Q==\";}'),('558672be265d64136b1f6b4dc39d94d8ba899910','::1',1439450134,'__ci_last_regenerate|i:1439450041;auth_user|a:1:{s:5:\"token\";s:88:\"gduRN2gRPWS9GYxMbGL6Njsq43eFkbFIcUuiefbNnNMVk5scnzm3VcISUTuxhwquPMyJxq3cITjjv7PMGt3CCA==\";}'),('560caf6bb7ac3c91e62d4af46750a7a44e29b4cd','::1',1440992632,'__ci_last_regenerate|i:1440992463;auth_user|a:1:{s:5:\"token\";s:88:\"pU+xXlRfIAVZNHg8Wf3yCN27qoEBSsycqyBV7JN06vm3cyEAMuoLCDlo45yDwvUBDC1TkrytKr5FVkqvQ6n+aQ==\";}'),('562f8482004dfe624f8d345fd519a0644697b9cd','::1',1440125794,'__ci_last_regenerate|i:1440125794;'),('564bfb6b585945bbf8d6f5c44dd85dda7b4021bb','::1',1439365018,'__ci_last_regenerate|i:1439364780;auth_user|a:1:{s:5:\"token\";s:88:\"6o7DN/pWCSXa0FKwc2saG4xmvb+A3abRd4oQJGbe5IG1EEhOVZJZZ/Pr5sEV23YeA71z7YocezRHumXPCOds0g==\";}'),('564dc6949de88a27315300bc628c2064143e9b75','::1',1441938523,'__ci_last_regenerate|i:1441938249;auth_user|a:1:{s:5:\"token\";s:88:\"qeiqWsoBgBi5y1lzYrayrosA5CGPyF0ElcVYJ5Vpu1PYiJU+IdjxcCuoUOBcDNi61YRIu8aNiUZCGJ2HQeXOvQ==\";}'),('5650d6837101507a91e7c221e0783e7f20e80a0e','::1',1439519360,'__ci_last_regenerate|i:1439519106;auth_user|a:1:{s:5:\"token\";s:88:\"lmqPsudzFOEGK5+s3wenWDhCijps+bGOouZcINJ6cb0enadxINRESIetePVCUoec39f3BLheAGqULxbOUOJ4Eg==\";}'),('569093f65c16e244f37f064e5b058f8ae3f029f4','::1',1439367161,'__ci_last_regenerate|i:1439367009;auth_user|a:1:{s:5:\"token\";s:88:\"6o7DN/pWCSXa0FKwc2saG4xmvb+A3abRd4oQJGbe5IG1EEhOVZJZZ/Pr5sEV23YeA71z7YocezRHumXPCOds0g==\";}'),('572e61299059e188249435a5abe32502c881fb2c','::1',1441168844,'__ci_last_regenerate|i:1441168549;auth_user|a:1:{s:5:\"token\";s:88:\"aM/2/NHVVYOxCG1yj/taMNMMFzV6eLDXRxcBB9R7kq9Tyw2/qx/BY0SbDhQmbm2alQtYVrf1YNhBLZA3ord9SQ==\";}success|s:26:\"Category has been updated.\";__ci_vars|a:1:{s:7:\"success\";s:3:\"new\";}'),('57f4e9688e78a479b16b50e8830c857382c24788','::1',1439353897,'__ci_last_regenerate|i:1439353895;auth_user|a:1:{s:5:\"token\";s:88:\"WjpWhM3s/ZFdShTWLwRW2FCcXS1YbNdPrW1ATIhRvC1lByd7Fv9qoeiQUbQSgzX2nSQV/syWZjY988bqH/zDGQ==\";}'),('5810323c5783ebe222dbcd64fe4aa027bea87826','::1',1440743159,'__ci_last_regenerate|i:1440743140;auth_user|a:1:{s:5:\"token\";s:88:\"PyWSO9YSn/KWMvp3ydV+75YZ5pK5/f12txdiTOm7Wbx3MXWlSj7yhExREagBQce47Cu1wNsCS6bLYoxsDZWoDw==\";}'),('5883d45d899916d7d24e41a56c25231f72b03790','::1',1439276086,'__ci_last_regenerate|i:1439276046;auth_user|a:1:{s:5:\"token\";s:88:\"ScaKKdbgxMJjm7Nl2GfQWv6DePYvCxVyk7nlnh7+zkLPPcuC0slzrz8MdudWcjzHR9PZYbJk4IF5016j1QC8PQ==\";}'),('59a6311e11fec8903e45e4a415ef347c8d2dad5a','::1',1439277692,'__ci_last_regenerate|i:1439277552;auth_user|a:1:{s:5:\"token\";s:88:\"ScaKKdbgxMJjm7Nl2GfQWv6DePYvCxVyk7nlnh7+zkLPPcuC0slzrz8MdudWcjzHR9PZYbJk4IF5016j1QC8PQ==\";}'),('5a2b53994ba6e69125e12fb6f55c02444a51c8a2','::1',1440665018,'__ci_last_regenerate|i:1440664876;'),('5ab20da54ef01bd35f06bf88363a0b2a53c7e087','::1',1440741024,'__ci_last_regenerate|i:1440741024;'),('5acc3c7d372f12eb0772ec6d99c6baa12ed0dfee','::1',1440559976,'__ci_last_regenerate|i:1440559976;auth_user|a:1:{s:5:\"token\";s:88:\"qy7ZqsDRtKgeR/0SD9+PEbq6JNnb04qD98Rdv2je4jb8/UOApHZ5IAmO6gTsGH/aVd5/awpbvCGaKQLVceN8Qw==\";}'),('5b0d1356bd9ccba5bb72b1ce084b8135b91cf917','::1',1441857538,'__ci_last_regenerate|i:1441857463;auth_user|a:1:{s:5:\"token\";s:88:\"eSU/khxa29udxVlWBXhU6DtQRom6C7wNygIT6YBGUoRPkaX6XYLNbBjCEwWdWavUPVPmmx1QSsyYJzgxJjtj6Q==\";}'),('5bb0f8bc51c1df726d716e267e31dd9b8658eb57','::1',1440661790,'__ci_last_regenerate|i:1440661606;'),('5ca4d3663a4f502444916755d88fbe65fbb6be03','::1',1441099358,'__ci_last_regenerate|i:1441099188;auth_user|a:1:{s:5:\"token\";s:88:\"++wSnx2RS5OCqttI0mn+wZjL0Bbtr3s/uIz8y7CT+0TWJ51cyKZimvqLKbhH55jch8PFuxCTwfWeKLxrGaFKMA==\";}'),('5ce40535c2354c2663fa884fc05a28aba0d03c51','::1',1441944123,'__ci_last_regenerate|i:1441944032;auth_user|a:1:{s:5:\"token\";s:88:\"qeiqWsoBgBi5y1lzYrayrosA5CGPyF0ElcVYJ5Vpu1PYiJU+IdjxcCuoUOBcDNi61YRIu8aNiUZCGJ2HQeXOvQ==\";}'),('5d894e13963fce5d8c9d2a478338e200059fb46b','::1',1439555842,'__ci_last_regenerate|i:1439555547;auth_user|a:1:{s:5:\"token\";s:88:\"XbyKFFju7/FsOmGR/47YulyqMkJcK1rjpkkM7LD3sKWJi9Zh1qyU21ChNADlfOjabGXqJ+voKiHMltOIJjBWwA==\";}success|s:32:\"Product varian has been updated.\";__ci_vars|a:1:{s:7:\"success\";s:3:\"new\";}'),('5d9e6b28f4ed5df76b21c8354876f6c6e986f5a9','::1',1440212279,'__ci_last_regenerate|i:1440212279;'),('5da500ead411b6cad2cf893d1026538cd4da61e1','::1',1440132795,'__ci_last_regenerate|i:1440132795;'),('5e04d041199e64eb37820e8acecc448e95d7cd62','::1',1440650352,'__ci_last_regenerate|i:1440650158;'),('5e50761eef9716e20fbea79ac3f1b7d20c404e16','::1',1441169903,'__ci_last_regenerate|i:1441169846;auth_user|a:1:{s:5:\"token\";s:88:\"aM/2/NHVVYOxCG1yj/taMNMMFzV6eLDXRxcBB9R7kq9Tyw2/qx/BY0SbDhQmbm2alQtYVrf1YNhBLZA3ord9SQ==\";}'),('5eac86422038537ed25e3bd7444a6f2b23aedc7b','::1',1441076415,'__ci_last_regenerate|i:1441076415;auth_user|a:1:{s:5:\"token\";s:88:\"++wSnx2RS5OCqttI0mn+wZjL0Bbtr3s/uIz8y7CT+0TWJ51cyKZimvqLKbhH55jch8PFuxCTwfWeKLxrGaFKMA==\";}'),('5faf860e385a4fb77221f3f4e2cfba3bafc8b3d7','::1',1441162497,'__ci_last_regenerate|i:1441162297;auth_user|a:1:{s:5:\"token\";s:88:\"aM/2/NHVVYOxCG1yj/taMNMMFzV6eLDXRxcBB9R7kq9Tyw2/qx/BY0SbDhQmbm2alQtYVrf1YNhBLZA3ord9SQ==\";}'),('6127594511898e1e79cb0ed11bfe00a937edd1cf','::1',1439544452,'__ci_last_regenerate|i:1439544171;auth_user|a:1:{s:5:\"token\";s:88:\"mb+kIj3sXtVyitvjHQiYkwqn7jqTg0sR3VPp6OCMsYlO5utQlXTAtEZO0oikRLQLuk2rgEH1eB3u6j6XLpjDXw==\";}'),('6181051f3721f6ee13ce34d97197785cae5102f8','127.0.0.1',1441220802,'__ci_last_regenerate|i:1441220544;auth_user|a:1:{s:5:\"token\";s:88:\"NNKHqHf4oUijbmwbR3m79HTVQJ/X4yePOE0F2R0kt+yNazVoh2eLEtxkGq5dSvFIMvEnFqkHFpODWOTTH6AgQw==\";}'),('62a1c0ee3b2c4712794de260cf53f25b6eb336b7','::1',1441098998,'__ci_last_regenerate|i:1441098756;auth_user|a:1:{s:5:\"token\";s:88:\"++wSnx2RS5OCqttI0mn+wZjL0Bbtr3s/uIz8y7CT+0TWJ51cyKZimvqLKbhH55jch8PFuxCTwfWeKLxrGaFKMA==\";}'),('62da4f9901c304c00646f170509d77d95a357cb9','::1',1440668665,'__ci_last_regenerate|i:1440668661;'),('633b5ad0e11d2c008363111fc1e6057d58aecacc','::1',1441687875,'__ci_last_regenerate|i:1441687591;auth_user|a:1:{s:5:\"token\";s:88:\"uDuHOXbR1Haoyyri9lvCheh+uHSbEzml8pE/q6gpcw37iQeq1YcGGLuZdgeI8os1djGQAaUpoJy+UzaMcT7bGw==\";}'),('63689359c3bf121c3c06b8b962c1fea31052966e','::1',1441874834,'__ci_last_regenerate|i:1441874534;auth_user|a:1:{s:5:\"token\";s:88:\"eSU/khxa29udxVlWBXhU6DtQRom6C7wNygIT6YBGUoRPkaX6XYLNbBjCEwWdWavUPVPmmx1QSsyYJzgxJjtj6Q==\";}'),('64fa045983a4ea01f28ba13d155b87923bb33cc9','::1',1441088797,'__ci_last_regenerate|i:1441088672;auth_user|a:1:{s:5:\"token\";s:88:\"++wSnx2RS5OCqttI0mn+wZjL0Bbtr3s/uIz8y7CT+0TWJ51cyKZimvqLKbhH55jch8PFuxCTwfWeKLxrGaFKMA==\";}'),('6544e088b8b29598209bc016437a0fb0117671a6','::1',1441873997,'__ci_last_regenerate|i:1441873723;auth_user|a:1:{s:5:\"token\";s:88:\"eSU/khxa29udxVlWBXhU6DtQRom6C7wNygIT6YBGUoRPkaX6XYLNbBjCEwWdWavUPVPmmx1QSsyYJzgxJjtj6Q==\";}'),('661bcec7ec404ced3012d2a7424b08f8920c9996','::1',1441875129,'__ci_last_regenerate|i:1441874835;auth_user|a:1:{s:5:\"token\";s:88:\"eSU/khxa29udxVlWBXhU6DtQRom6C7wNygIT6YBGUoRPkaX6XYLNbBjCEwWdWavUPVPmmx1QSsyYJzgxJjtj6Q==\";}'),('6637d7258ea82800967772f3721aa77f31261c80','127.0.0.1',1441222651,'__ci_last_regenerate|i:1441222500;auth_user|a:1:{s:5:\"token\";s:88:\"NNKHqHf4oUijbmwbR3m79HTVQJ/X4yePOE0F2R0kt+yNazVoh2eLEtxkGq5dSvFIMvEnFqkHFpODWOTTH6AgQw==\";}'),('672e2d52b879e7e0d319c05184eb8035e18d2ba3','::1',1441098374,'__ci_last_regenerate|i:1441098367;auth_user|a:1:{s:5:\"token\";s:88:\"++wSnx2RS5OCqttI0mn+wZjL0Bbtr3s/uIz8y7CT+0TWJ51cyKZimvqLKbhH55jch8PFuxCTwfWeKLxrGaFKMA==\";}'),('673ab752e39e8d69686b79fe26a2f3fd5acf2059','::1',1439864573,'__ci_last_regenerate|i:1439864391;auth_user|a:1:{s:5:\"token\";s:88:\"WAB4y4d5ooggLQyLUM9xXBrdbJEdtKigvUyjnTNYg47NFSyOUPkkgIPDvL5i8wN+pTwkFxUoe0GccKjO58fB4g==\";}success|s:26:\"Category has been deleted.\";__ci_vars|a:1:{s:7:\"success\";s:3:\"old\";}'),('676c1b9795df7df852261e7edcb989f461bc1dc1','::1',1440989013,'__ci_last_regenerate|i:1440989005;auth_user|a:1:{s:5:\"token\";s:88:\"pU+xXlRfIAVZNHg8Wf3yCN27qoEBSsycqyBV7JN06vm3cyEAMuoLCDlo45yDwvUBDC1TkrytKr5FVkqvQ6n+aQ==\";}'),('69099502a81f6058277253df7e7a11039aff26e9','::1',1441765793,'__ci_last_regenerate|i:1441765693;auth_user|a:1:{s:5:\"token\";s:88:\"kcm2a+nbXX9az8GRLfe9x4xxDlYvOn9Xn+msejLS3GiAB1IWYhcvo8khFxgn61SoPNz+w5IGMfaEKMLa1AY1xw==\";}'),('6a6165740ffcbb70b7dd3673247c1563bb326fdd','::1',1439369677,'__ci_last_regenerate|i:1439369391;auth_user|a:1:{s:5:\"token\";s:88:\"6o7DN/pWCSXa0FKwc2saG4xmvb+A3abRd4oQJGbe5IG1EEhOVZJZZ/Pr5sEV23YeA71z7YocezRHumXPCOds0g==\";}'),('6b195edeaa8d71c92994d922cf2c0aa81441005d','::1',1441858267,'__ci_last_regenerate|i:1441858015;auth_user|a:1:{s:5:\"token\";s:88:\"eSU/khxa29udxVlWBXhU6DtQRom6C7wNygIT6YBGUoRPkaX6XYLNbBjCEwWdWavUPVPmmx1QSsyYJzgxJjtj6Q==\";}'),('6b4209c846008fb3a38cf6bb01250bf56456e191','::1',1441944539,'__ci_last_regenerate|i:1441944376;auth_user|a:1:{s:5:\"token\";s:88:\"qeiqWsoBgBi5y1lzYrayrosA5CGPyF0ElcVYJ5Vpu1PYiJU+IdjxcCuoUOBcDNi61YRIu8aNiUZCGJ2HQeXOvQ==\";}'),('6b7bf4c2aa9a7cfc45b534c5bf1fb148fa55c458','::1',1439952305,'__ci_last_regenerate|i:1439952248;'),('6c6ed2c5be7a3e0fa88b22f84aabdb4727f552b5','::1',1441159628,'__ci_last_regenerate|i:1441159361;'),('6d02954fad3506faee173621a2278ac35153155b','::1',1441942142,'__ci_last_regenerate|i:1441941937;auth_user|a:1:{s:5:\"token\";s:88:\"qeiqWsoBgBi5y1lzYrayrosA5CGPyF0ElcVYJ5Vpu1PYiJU+IdjxcCuoUOBcDNi61YRIu8aNiUZCGJ2HQeXOvQ==\";}'),('6d70ada7021a54c6ca499e51c80a90edb8c121d8','::1',1441083211,'__ci_last_regenerate|i:1441083180;auth_user|a:1:{s:5:\"token\";s:88:\"++wSnx2RS5OCqttI0mn+wZjL0Bbtr3s/uIz8y7CT+0TWJ51cyKZimvqLKbhH55jch8PFuxCTwfWeKLxrGaFKMA==\";}'),('6d8762f9404c09ad7a4dd76c7b3a571d0bed0436','::1',1439865102,'__ci_last_regenerate|i:1439865066;auth_user|a:1:{s:5:\"token\";s:88:\"WAB4y4d5ooggLQyLUM9xXBrdbJEdtKigvUyjnTNYg47NFSyOUPkkgIPDvL5i8wN+pTwkFxUoe0GccKjO58fB4g==\";}success|s:26:\"Category has been deleted.\";__ci_vars|a:1:{s:7:\"success\";s:3:\"old\";}'),('6db4014cb90ab5982f577e83c7262f342d513148','::1',1441859570,'__ci_last_regenerate|i:1441859461;auth_user|a:1:{s:5:\"token\";s:88:\"eSU/khxa29udxVlWBXhU6DtQRom6C7wNygIT6YBGUoRPkaX6XYLNbBjCEwWdWavUPVPmmx1QSsyYJzgxJjtj6Q==\";}'),('6eeb6c161a6bf4bc5a35f4858cac6e32bedda06e','::1',1439370393,'__ci_last_regenerate|i:1439370144;auth_user|a:1:{s:5:\"token\";s:88:\"6o7DN/pWCSXa0FKwc2saG4xmvb+A3abRd4oQJGbe5IG1EEhOVZJZZ/Pr5sEV23YeA71z7YocezRHumXPCOds0g==\";}'),('6ef177f4d6375f04b1d55201d255075280560037','::1',1440663085,'__ci_last_regenerate|i:1440662804;'),('6f9274f687874869acf4e8ad4036968babf972c0','::1',1440379745,'__ci_last_regenerate|i:1440379462;'),('6fee06b7a795dd03d6ad08ad2db2a1ac9d685577','::1',1439368974,'__ci_last_regenerate|i:1439368690;auth_user|a:1:{s:5:\"token\";s:88:\"6o7DN/pWCSXa0FKwc2saG4xmvb+A3abRd4oQJGbe5IG1EEhOVZJZZ/Pr5sEV23YeA71z7YocezRHumXPCOds0g==\";}'),('700f6ff2c81fb88416b106907487e7bc88033a7b','::1',1441781721,'__ci_last_regenerate|i:1441781614;auth_user|a:1:{s:5:\"token\";s:88:\"hw/SiLGuZzXNZ9JYowttltw5daaybzQeLMLHMiEH9QhpnVbv6ps11FX9lgaC4c03QkShIrto+nZDMeC8nusA0Q==\";}'),('7041ba18426f96806f4688a7d72f6aa12d243e2b','::1',1440053078,'__ci_last_regenerate|i:1440053078;auth_user|a:1:{s:5:\"token\";s:88:\"5Bovl4AHXPZCXiTolQ2DNcDUU7GfUYMT2LrMsOEClsx8bjf1zoA8O6PDOTj5NX5tnY2gz4a5lqvomjqhmqQMwA==\";}'),('705c5f9b913cd987c3482f15a2dbdfb4924aa511','::1',1439370140,'__ci_last_regenerate|i:1439369843;auth_user|a:1:{s:5:\"token\";s:88:\"6o7DN/pWCSXa0FKwc2saG4xmvb+A3abRd4oQJGbe5IG1EEhOVZJZZ/Pr5sEV23YeA71z7YocezRHumXPCOds0g==\";}'),('70e3886193899d78e29e6260faad1f44244e40ae','::1',1441016248,'__ci_last_regenerate|i:1441016245;'),('71694531e9905da154f9d06de7e19d60ea18a223','::1',1441172617,'__ci_last_regenerate|i:1441172373;auth_user|a:1:{s:5:\"token\";s:88:\"aM/2/NHVVYOxCG1yj/taMNMMFzV6eLDXRxcBB9R7kq9Tyw2/qx/BY0SbDhQmbm2alQtYVrf1YNhBLZA3ord9SQ==\";}'),('7171deb82f5230b281eb2454dd4b74ce3c8a0e9b','::1',1438914689,'__ci_last_regenerate|i:1438914688;'),('7236c6a60693b5955239dbaae2b1701a42867ccd','::1',1441169149,'__ci_last_regenerate|i:1441168868;auth_user|a:1:{s:5:\"token\";s:88:\"aM/2/NHVVYOxCG1yj/taMNMMFzV6eLDXRxcBB9R7kq9Tyw2/qx/BY0SbDhQmbm2alQtYVrf1YNhBLZA3ord9SQ==\";}'),('7247eac976ef7f648133e0a54c6db11ada50206b','::1',1440668356,'__ci_last_regenerate|i:1440668312;'),('728f1ef73525a0b0fca8274b2c78f877e2cfd5bd','::1',1440061763,'__ci_last_regenerate|i:1440061470;auth_user|a:1:{s:5:\"token\";s:88:\"5Bovl4AHXPZCXiTolQ2DNcDUU7GfUYMT2LrMsOEClsx8bjf1zoA8O6PDOTj5NX5tnY2gz4a5lqvomjqhmqQMwA==\";}'),('73842b3d25d35eedd17fd9b3b15c8f44d519a833','::1',1441160728,'__ci_last_regenerate|i:1441160468;auth_user|a:1:{s:5:\"token\";s:88:\"aM/2/NHVVYOxCG1yj/taMNMMFzV6eLDXRxcBB9R7kq9Tyw2/qx/BY0SbDhQmbm2alQtYVrf1YNhBLZA3ord9SQ==\";}'),('746275ddaacd0405956396fc03770fc9ee59e3f3','::1',1439448900,'__ci_last_regenerate|i:1439448845;auth_user|a:1:{s:5:\"token\";s:88:\"gduRN2gRPWS9GYxMbGL6Njsq43eFkbFIcUuiefbNnNMVk5scnzm3VcISUTuxhwquPMyJxq3cITjjv7PMGt3CCA==\";}'),('751cd17119f14f1326dfb85fcbee71273ee0555c','::1',1439345946,'__ci_last_regenerate|i:1439345758;auth_user|a:1:{s:5:\"token\";s:88:\"WjpWhM3s/ZFdShTWLwRW2FCcXS1YbNdPrW1ATIhRvC1lByd7Fv9qoeiQUbQSgzX2nSQV/syWZjY988bqH/zDGQ==\";}'),('76736e352cde98e27faaf9f8a480f0669792fbec','::1',1440651415,'__ci_last_regenerate|i:1440651116;'),('76ac3c7fb5a54bb0e9175633c130bee5ffc608ed','::1',1439559716,'__ci_last_regenerate|i:1439559709;auth_user|a:1:{s:5:\"token\";s:88:\"XbyKFFju7/FsOmGR/47YulyqMkJcK1rjpkkM7LD3sKWJi9Zh1qyU21ChNADlfOjabGXqJ+voKiHMltOIJjBWwA==\";}'),('77ac295a0015bcf07453b454d67c6090e6c26e0c','::1',1439347871,'__ci_last_regenerate|i:1439347771;auth_user|a:1:{s:5:\"token\";s:88:\"WjpWhM3s/ZFdShTWLwRW2FCcXS1YbNdPrW1ATIhRvC1lByd7Fv9qoeiQUbQSgzX2nSQV/syWZjY988bqH/zDGQ==\";}'),('78451b39eaae3b5e45e86c6b0b25ff2d7ba8d8ac','::1',1441866550,'__ci_last_regenerate|i:1441866501;auth_user|a:1:{s:5:\"token\";s:88:\"eSU/khxa29udxVlWBXhU6DtQRom6C7wNygIT6YBGUoRPkaX6XYLNbBjCEwWdWavUPVPmmx1QSsyYJzgxJjtj6Q==\";}'),('78ca1e447739c2fb3728be28135e6060b2c624ed','::1',1441595450,'__ci_last_regenerate|i:1441595450;'),('798f812c220fd975c6256de098b56b3848d8b9a9','::1',1440753986,'__ci_last_regenerate|i:1440753879;auth_user|a:1:{s:5:\"token\";s:88:\"OGle/j2OPv27qomfGbE7qqBfLvUpU1E3XMJdwrKiut062SI+B85qubkS3dhOuqkjbhb3Uukb95L9U8iSP4tkUA==\";}'),('7997afdc4436b2160c7867c48d037f58b3a46dfb','::1',1440753093,'__ci_last_regenerate|i:1440753073;auth_user|a:1:{s:5:\"token\";s:88:\"OGle/j2OPv27qomfGbE7qqBfLvUpU1E3XMJdwrKiut062SI+B85qubkS3dhOuqkjbhb3Uukb95L9U8iSP4tkUA==\";}'),('79e84c5eb2c94d34b48057c8621b240254d365c2','::1',1441098337,'__ci_last_regenerate|i:1441098052;auth_user|a:1:{s:5:\"token\";s:88:\"++wSnx2RS5OCqttI0mn+wZjL0Bbtr3s/uIz8y7CT+0TWJ51cyKZimvqLKbhH55jch8PFuxCTwfWeKLxrGaFKMA==\";}'),('7a3159fec0b0136b7e032ec2b2363d2efbd42c04','::1',1439275222,'__ci_last_regenerate|i:1439274996;auth_user|a:1:{s:5:\"token\";s:88:\"ScaKKdbgxMJjm7Nl2GfQWv6DePYvCxVyk7nlnh7+zkLPPcuC0slzrz8MdudWcjzHR9PZYbJk4IF5016j1QC8PQ==\";}'),('7ab3dd658082bb6e6101785a1f69e289430ba72d','::1',1440388637,'__ci_last_regenerate|i:1440388391;'),('7c28da35deb917efbaf9f80ad072ec7fdf5cbe05','::1',1441247413,'__ci_last_regenerate|i:1441247341;auth_user|a:1:{s:5:\"token\";s:88:\"CFjgBYlxvqYPh2YAJC3xezDBXYotgLWH4kHVYuaZRQRhPvYPcUtIaTxpmh8g71ILE4OF7OwW6Pv1LAWb/StC7A==\";}'),('7fe2595ba81971640cc33ca69db79f21fc40f7f9','::1',1441594696,'__ci_last_regenerate|i:1441594609;'),('7fe4a7396c074c1add1d4ec270c292b7fec60775','::1',1440555859,'__ci_last_regenerate|i:1440555833;auth_user|a:1:{s:5:\"token\";s:88:\"qy7ZqsDRtKgeR/0SD9+PEbq6JNnb04qD98Rdv2je4jb8/UOApHZ5IAmO6gTsGH/aVd5/awpbvCGaKQLVceN8Qw==\";}'),('81e5fb5c20e0786b7c1be659be3951c7d1977b40','::1',1441092041,'__ci_last_regenerate|i:1441091756;auth_user|a:1:{s:5:\"token\";s:88:\"++wSnx2RS5OCqttI0mn+wZjL0Bbtr3s/uIz8y7CT+0TWJ51cyKZimvqLKbhH55jch8PFuxCTwfWeKLxrGaFKMA==\";}'),('8241bdbf6ac143d15481fe0f45aed70762882582','::1',1440651567,'__ci_last_regenerate|i:1440651420;'),('83056ae928d72e6f96697866adb004b8618658f3','::1',1441942577,'__ci_last_regenerate|i:1441942287;auth_user|a:1:{s:5:\"token\";s:88:\"qeiqWsoBgBi5y1lzYrayrosA5CGPyF0ElcVYJ5Vpu1PYiJU+IdjxcCuoUOBcDNi61YRIu8aNiUZCGJ2HQeXOvQ==\";}'),('8442fecdd29213c92ce9969f62db175814f8cfa2','::1',1441080562,'__ci_last_regenerate|i:1441080311;auth_user|a:1:{s:5:\"token\";s:88:\"++wSnx2RS5OCqttI0mn+wZjL0Bbtr3s/uIz8y7CT+0TWJ51cyKZimvqLKbhH55jch8PFuxCTwfWeKLxrGaFKMA==\";}'),('847de2a6a8f439144e7119043b5fe723a1b85c46','::1',1441765699,'__ci_last_regenerate|i:1441765693;'),('85281b2e84d51a6ae096e27621eb1cdf3040fe1e','::1',1439879494,'__ci_last_regenerate|i:1439879494;auth_user|a:1:{s:5:\"token\";s:88:\"WAB4y4d5ooggLQyLUM9xXBrdbJEdtKigvUyjnTNYg47NFSyOUPkkgIPDvL5i8wN+pTwkFxUoe0GccKjO58fB4g==\";}'),('8536a36ec8a557222cf7de9eac00d8d743a2e77d','::1',1441593685,'__ci_last_regenerate|i:1441593679;'),('854408e43e54370ee93f3765b3ba347d57c7104d','::1',1441269298,'__ci_last_regenerate|i:1441269202;auth_user|a:1:{s:5:\"token\";s:88:\"i7m07krTgsukT44k33+zIiWArPkyUUXCiYkZLYR6cuMPgaw4uj/wS5EBmYPt2r2tGbVexEQL1Yc4/p/LyhvDAQ==\";}'),('85fe33260e3ddb2ca8a359723fca7fd07bdfe515','::1',1440647772,'__ci_last_regenerate|i:1440647772;'),('87537e7fa793f386100399f1386d60db6960d8bc','::1',1439542682,'__ci_last_regenerate|i:1439542681;auth_user|a:1:{s:5:\"token\";s:88:\"mb+kIj3sXtVyitvjHQiYkwqn7jqTg0sR3VPp6OCMsYlO5utQlXTAtEZO0oikRLQLuk2rgEH1eB3u6j6XLpjDXw==\";}success|s:34:\"A product varian has been created.\";__ci_vars|a:1:{s:7:\"success\";s:3:\"old\";}'),('87877b60dd5a24c13c1ad5b35be5d45e1bbacc77','::1',1441089691,'__ci_last_regenerate|i:1441089516;auth_user|a:1:{s:5:\"token\";s:88:\"++wSnx2RS5OCqttI0mn+wZjL0Bbtr3s/uIz8y7CT+0TWJ51cyKZimvqLKbhH55jch8PFuxCTwfWeKLxrGaFKMA==\";}'),('87bf7ba8f95303b6e10a5f78ed1b3ab80579f506','::1',1441091414,'__ci_last_regenerate|i:1441091261;auth_user|a:1:{s:5:\"token\";s:88:\"++wSnx2RS5OCqttI0mn+wZjL0Bbtr3s/uIz8y7CT+0TWJ51cyKZimvqLKbhH55jch8PFuxCTwfWeKLxrGaFKMA==\";}'),('87defed6b92627495d4dacfcb4f5075d4ae83a83','::1',1439870479,'__ci_last_regenerate|i:1439870180;auth_user|a:1:{s:5:\"token\";s:88:\"WAB4y4d5ooggLQyLUM9xXBrdbJEdtKigvUyjnTNYg47NFSyOUPkkgIPDvL5i8wN+pTwkFxUoe0GccKjO58fB4g==\";}'),('87ee3c634a0ccdba82fbae51d0b1e2772bffb34a','::1',1439879042,'__ci_last_regenerate|i:1439878759;auth_user|a:1:{s:5:\"token\";s:88:\"WAB4y4d5ooggLQyLUM9xXBrdbJEdtKigvUyjnTNYg47NFSyOUPkkgIPDvL5i8wN+pTwkFxUoe0GccKjO58fB4g==\";}'),('89e715c03f8774e5d880f3d8fcde4827f11daede','::1',1439283580,'__ci_last_regenerate|i:1439283535;auth_user|a:1:{s:5:\"token\";s:88:\"ScaKKdbgxMJjm7Nl2GfQWv6DePYvCxVyk7nlnh7+zkLPPcuC0slzrz8MdudWcjzHR9PZYbJk4IF5016j1QC8PQ==\";}'),('8bb68b8867e4f3b70c423e23c192406635f0d702','::1',1439558306,'__ci_last_regenerate|i:1439558109;auth_user|a:1:{s:5:\"token\";s:88:\"XbyKFFju7/FsOmGR/47YulyqMkJcK1rjpkkM7LD3sKWJi9Zh1qyU21ChNADlfOjabGXqJ+voKiHMltOIJjBWwA==\";}'),('8c347ed8fe01f6b011b29606c884f24ebccf856a','::1',1441858880,'__ci_last_regenerate|i:1441858744;auth_user|a:1:{s:5:\"token\";s:88:\"eSU/khxa29udxVlWBXhU6DtQRom6C7wNygIT6YBGUoRPkaX6XYLNbBjCEwWdWavUPVPmmx1QSsyYJzgxJjtj6Q==\";}'),('8c48947c27b7b9c8af3144dd902b2846be852bc9','::1',1440667949,'__ci_last_regenerate|i:1440667702;'),('8cd2d69bda76f01ac8213bd5e99ac4dfc0c221c1','::1',1439366961,'__ci_last_regenerate|i:1439366694;auth_user|a:1:{s:5:\"token\";s:88:\"6o7DN/pWCSXa0FKwc2saG4xmvb+A3abRd4oQJGbe5IG1EEhOVZJZZ/Pr5sEV23YeA71z7YocezRHumXPCOds0g==\";}'),('8d12681da5678c35d9ed1faeccfceec8f2240cf5','::1',1439521470,'__ci_last_regenerate|i:1439521353;auth_user|a:1:{s:5:\"token\";s:88:\"lmqPsudzFOEGK5+s3wenWDhCijps+bGOouZcINJ6cb0enadxINRESIetePVCUoec39f3BLheAGqULxbOUOJ4Eg==\";}'),('8d232e660d907fd0ac80eab2b318fab5768ac8e0','::1',1440650091,'__ci_last_regenerate|i:1440649850;'),('8d3b6064da88fe7fb73bca33273e3aac6a145eee','::1',1440400660,'__ci_last_regenerate|i:1440400660;auth_user|a:1:{s:5:\"token\";s:88:\"qXYzFo0RmTjR98WBQfgQlIOzuSjSpgnWNOYdz4NJvjohWW7YuNNbnbEauwS2PrafWthyVfYcqiFde9TToYQ8Tw==\";}'),('8d3b86a9bad3674814c46f066232b93c8005e8ff','::1',1439877455,'__ci_last_regenerate|i:1439877413;auth_user|a:1:{s:5:\"token\";s:88:\"WAB4y4d5ooggLQyLUM9xXBrdbJEdtKigvUyjnTNYg47NFSyOUPkkgIPDvL5i8wN+pTwkFxUoe0GccKjO58fB4g==\";}'),('8d9524ec6cc8c915f24d270f3533765e6171e634','::1',1441350214,'__ci_last_regenerate|i:1441350032;'),('8e00e2e3434f6176b43adc240fd83f74eab50cda','::1',1441074098,'__ci_last_regenerate|i:1441074055;auth_user|a:1:{s:5:\"token\";s:88:\"++wSnx2RS5OCqttI0mn+wZjL0Bbtr3s/uIz8y7CT+0TWJ51cyKZimvqLKbhH55jch8PFuxCTwfWeKLxrGaFKMA==\";}'),('8e0c108793bcb4bf7931fb785063155e723440fe','::1',1441272770,'__ci_last_regenerate|i:1441272703;auth_user|a:1:{s:5:\"token\";s:88:\"i7m07krTgsukT44k33+zIiWArPkyUUXCiYkZLYR6cuMPgaw4uj/wS5EBmYPt2r2tGbVexEQL1Yc4/p/LyhvDAQ==\";}'),('8e3b27de26226a6ea3b079a7082dcb8c0d5b40ce','::1',1441014882,'__ci_last_regenerate|i:1441014791;'),('8e8a8c7f4551589dd7e12062df184a73c1203e25','::1',1441867941,'__ci_last_regenerate|i:1441867660;auth_user|a:1:{s:5:\"token\";s:88:\"eSU/khxa29udxVlWBXhU6DtQRom6C7wNygIT6YBGUoRPkaX6XYLNbBjCEwWdWavUPVPmmx1QSsyYJzgxJjtj6Q==\";}'),('906fb8f7fbbc352ca1cc4dc85e645f0c8e8c482a','127.0.0.1',1441208747,'__ci_last_regenerate|i:1441208646;auth_user|a:1:{s:5:\"token\";s:88:\"p2Fn1INi3jcO17GQaBk7Zl4oBPbsN55hmS/zC/lZbDIhEiDYue97U6GoniRFXGGmqCqz8DnLrbYJRF3PCq55nA==\";}success|s:26:\"Category has been updated.\";__ci_vars|a:1:{s:7:\"success\";s:3:\"old\";}'),('909d0407eeaebde55624107c6d84aa3b4b1ddf6b','::1',1439866267,'__ci_last_regenerate|i:1439866267;auth_user|a:1:{s:5:\"token\";s:88:\"WAB4y4d5ooggLQyLUM9xXBrdbJEdtKigvUyjnTNYg47NFSyOUPkkgIPDvL5i8wN+pTwkFxUoe0GccKjO58fB4g==\";}'),('912f8cbcdf410a2f73e1f05829fce1a7f1d7122b','::1',1441265751,'__ci_last_regenerate|i:1441265745;auth_user|a:1:{s:5:\"token\";s:88:\"i7m07krTgsukT44k33+zIiWArPkyUUXCiYkZLYR6cuMPgaw4uj/wS5EBmYPt2r2tGbVexEQL1Yc4/p/LyhvDAQ==\";}'),('9261ef9b47ee11bd7dc63dd976e38bd8ceb83a5e','::1',1440123904,'__ci_last_regenerate|i:1440123903;'),('927caf5dd38874f935f55dc65d996ed9fb2010ee','::1',1439369081,'__ci_last_regenerate|i:1439369081;auth_user|a:1:{s:5:\"token\";s:88:\"6o7DN/pWCSXa0FKwc2saG4xmvb+A3abRd4oQJGbe5IG1EEhOVZJZZ/Pr5sEV23YeA71z7YocezRHumXPCOds0g==\";}'),('937234f752e4eaa734457fac2c2159776f65e52b','::1',1439881613,'__ci_last_regenerate|i:1439881496;auth_user|a:1:{s:5:\"token\";s:88:\"WAB4y4d5ooggLQyLUM9xXBrdbJEdtKigvUyjnTNYg47NFSyOUPkkgIPDvL5i8wN+pTwkFxUoe0GccKjO58fB4g==\";}'),('93ede249e5d9ec7f51be7a55c458048d44f6e337','::1',1440055155,'__ci_last_regenerate|i:1440054961;auth_user|a:1:{s:5:\"token\";s:88:\"5Bovl4AHXPZCXiTolQ2DNcDUU7GfUYMT2LrMsOEClsx8bjf1zoA8O6PDOTj5NX5tnY2gz4a5lqvomjqhmqQMwA==\";}'),('942bee06bf97de380a6f6c33b2c8d2a5a02c95f5','::1',1441767754,'__ci_last_regenerate|i:1441767509;auth_user|a:1:{s:5:\"token\";s:88:\"kcm2a+nbXX9az8GRLfe9x4xxDlYvOn9Xn+msejLS3GiAB1IWYhcvo8khFxgn61SoPNz+w5IGMfaEKMLa1AY1xw==\";}'),('9438d9f9a4d2763112a3a0fc37ecdd0aadefe65f','::1',1439951101,'__ci_last_regenerate|i:1439951101;'),('94fa944ab76b52e563a1eb421bd9d41906e7598e','::1',1441168194,'__ci_last_regenerate|i:1441167901;auth_user|a:1:{s:5:\"token\";s:88:\"aM/2/NHVVYOxCG1yj/taMNMMFzV6eLDXRxcBB9R7kq9Tyw2/qx/BY0SbDhQmbm2alQtYVrf1YNhBLZA3ord9SQ==\";}'),('951e61f865c494c2c11bf3efbdb204b649b25eaa','::1',1441162279,'__ci_last_regenerate|i:1441161971;auth_user|a:1:{s:5:\"token\";s:88:\"aM/2/NHVVYOxCG1yj/taMNMMFzV6eLDXRxcBB9R7kq9Tyw2/qx/BY0SbDhQmbm2alQtYVrf1YNhBLZA3ord9SQ==\";}'),('954010e52dd5bf21233f46f7d88f6b39c9a4a81b','::1',1441162732,'__ci_last_regenerate|i:1441162637;auth_user|a:1:{s:5:\"token\";s:88:\"aM/2/NHVVYOxCG1yj/taMNMMFzV6eLDXRxcBB9R7kq9Tyw2/qx/BY0SbDhQmbm2alQtYVrf1YNhBLZA3ord9SQ==\";}'),('95cd83a8e29574458ec5f760a29e6c167e4c1d8a','::1',1441612229,'__ci_last_regenerate|i:1441612140;'),('96af0f54bfbf772028ab716e6b108a068342e8eb','::1',1440555808,'__ci_last_regenerate|i:1440555529;auth_user|a:1:{s:5:\"token\";s:88:\"qy7ZqsDRtKgeR/0SD9+PEbq6JNnb04qD98Rdv2je4jb8/UOApHZ5IAmO6gTsGH/aVd5/awpbvCGaKQLVceN8Qw==\";}'),('97dac20fb5e5d34a11e18b1ac88616b00eaa4ada','::1',1441787254,'__ci_last_regenerate|i:1441787254;auth_user|a:1:{s:5:\"token\";s:88:\"hw/SiLGuZzXNZ9JYowttltw5daaybzQeLMLHMiEH9QhpnVbv6ps11FX9lgaC4c03QkShIrto+nZDMeC8nusA0Q==\";}'),('9830c3d4bb8c62e00cdbfb9ee1bc9330490244a4','::1',1440666094,'__ci_last_regenerate|i:1440665885;'),('9a4abf840d559237a678f1b74b36b93b16d9308c','::1',1441012801,'__ci_last_regenerate|i:1441012801;'),('9abc231868d885cb948f4e5a344c25cdc57e4ffa','::1',1441191239,'__ci_last_regenerate|i:1441191045;'),('9af4effce5180e49ac1d5f4ab72088c1cbd513fb','::1',1441784000,'__ci_last_regenerate|i:1441783970;auth_user|a:1:{s:5:\"token\";s:88:\"hw/SiLGuZzXNZ9JYowttltw5daaybzQeLMLHMiEH9QhpnVbv6ps11FX9lgaC4c03QkShIrto+nZDMeC8nusA0Q==\";}'),('9b3c332890a445085a2d864db538da54ffb421a0','::1',1439544679,'__ci_last_regenerate|i:1439544504;auth_user|a:1:{s:5:\"token\";s:88:\"mb+kIj3sXtVyitvjHQiYkwqn7jqTg0sR3VPp6OCMsYlO5utQlXTAtEZO0oikRLQLuk2rgEH1eB3u6j6XLpjDXw==\";}'),('9d5bc9d22f2ad9414b28a5d7b08219e6a8ca2659','::1',1440648919,'__ci_last_regenerate|i:1440648816;'),('9dcc43974291b5ce4064723c36b80e916bfa0fc4','::1',1439348244,'__ci_last_regenerate|i:1439348187;auth_user|a:1:{s:5:\"token\";s:88:\"WjpWhM3s/ZFdShTWLwRW2FCcXS1YbNdPrW1ATIhRvC1lByd7Fv9qoeiQUbQSgzX2nSQV/syWZjY988bqH/zDGQ==\";}'),('9de7aa502b9a1cc9f6f71fce224271792f64fd84','::1',1440128826,'__ci_last_regenerate|i:1440128570;'),('9ec12925c5e912bbdfdccf7444dc35f551002091','::1',1441078608,'__ci_last_regenerate|i:1441078603;auth_user|a:1:{s:5:\"token\";s:88:\"++wSnx2RS5OCqttI0mn+wZjL0Bbtr3s/uIz8y7CT+0TWJ51cyKZimvqLKbhH55jch8PFuxCTwfWeKLxrGaFKMA==\";}'),('9ee65432eba23e80519ebe3e63d22cc49fd436bf','::1',1441768359,'__ci_last_regenerate|i:1441768093;auth_user|a:1:{s:5:\"token\";s:88:\"kcm2a+nbXX9az8GRLfe9x4xxDlYvOn9Xn+msejLS3GiAB1IWYhcvo8khFxgn61SoPNz+w5IGMfaEKMLa1AY1xw==\";}'),('9fa7896ffe634952f437dc524aba4eef6e617583','::1',1441876085,'__ci_last_regenerate|i:1441875871;auth_user|a:1:{s:5:\"token\";s:88:\"eSU/khxa29udxVlWBXhU6DtQRom6C7wNygIT6YBGUoRPkaX6XYLNbBjCEwWdWavUPVPmmx1QSsyYJzgxJjtj6Q==\";}'),('9fb30240beefd71fe37d5dcec542a6e384bf6ad2','::1',1439524724,'__ci_last_regenerate|i:1439524496;auth_user|a:1:{s:5:\"token\";s:88:\"lmqPsudzFOEGK5+s3wenWDhCijps+bGOouZcINJ6cb0enadxINRESIetePVCUoec39f3BLheAGqULxbOUOJ4Eg==\";}'),('a0d0295f326f0de6289b5cab45648647bfb4fdac','::1',1441939075,'__ci_last_regenerate|i:1441938889;auth_user|a:1:{s:5:\"token\";s:88:\"qeiqWsoBgBi5y1lzYrayrosA5CGPyF0ElcVYJ5Vpu1PYiJU+IdjxcCuoUOBcDNi61YRIu8aNiUZCGJ2HQeXOvQ==\";}'),('a11eef5f5143b630ece4192936ba61b057de4a50','::1',1441168504,'__ci_last_regenerate|i:1441168206;auth_user|a:1:{s:5:\"token\";s:88:\"aM/2/NHVVYOxCG1yj/taMNMMFzV6eLDXRxcBB9R7kq9Tyw2/qx/BY0SbDhQmbm2alQtYVrf1YNhBLZA3ord9SQ==\";}'),('a13e7b33db166d2d65295263d564d8bcd0e76698','::1',1439348679,'__ci_last_regenerate|i:1439348657;auth_user|a:1:{s:5:\"token\";s:88:\"WjpWhM3s/ZFdShTWLwRW2FCcXS1YbNdPrW1ATIhRvC1lByd7Fv9qoeiQUbQSgzX2nSQV/syWZjY988bqH/zDGQ==\";}'),('a1bb2bf785560983a3058fdbdb4975da1bde2577','::1',1438842744,'__ci_last_regenerate|i:1438842584;auth_user|a:1:{s:5:\"token\";s:88:\"iIkCkCnURZ2SqMNeKvV4mDx7PiGh1QOz/zyDnc+jIyc+gkbhoGDF2UdYAORvcbKitd7C6nCFv2qBt4oHUb2Rjw==\";}'),('a279fe7f6ed83e6fc970eca82b69e523090c8ec3','::1',1439362493,'__ci_last_regenerate|i:1439362493;auth_user|a:1:{s:5:\"token\";s:88:\"6o7DN/pWCSXa0FKwc2saG4xmvb+A3abRd4oQJGbe5IG1EEhOVZJZZ/Pr5sEV23YeA71z7YocezRHumXPCOds0g==\";}'),('a2dbb1fdf2d0d48c440fa4972dd8d258f4b641d0','::1',1441939818,'__ci_last_regenerate|i:1441939818;auth_user|a:1:{s:5:\"token\";s:88:\"qeiqWsoBgBi5y1lzYrayrosA5CGPyF0ElcVYJ5Vpu1PYiJU+IdjxcCuoUOBcDNi61YRIu8aNiUZCGJ2HQeXOvQ==\";}'),('a3b8a4847253e6ccff1523a51b7095b6d1666c4d','::1',1439533752,'__ci_last_regenerate|i:1439533752;auth_user|a:1:{s:5:\"token\";s:88:\"mb+kIj3sXtVyitvjHQiYkwqn7jqTg0sR3VPp6OCMsYlO5utQlXTAtEZO0oikRLQLuk2rgEH1eB3u6j6XLpjDXw==\";}'),('a416a8203f384a51562cb860caccd4b15ee6ed5d','::1',1441091224,'__ci_last_regenerate|i:1441090960;auth_user|a:1:{s:5:\"token\";s:88:\"++wSnx2RS5OCqttI0mn+wZjL0Bbtr3s/uIz8y7CT+0TWJ51cyKZimvqLKbhH55jch8PFuxCTwfWeKLxrGaFKMA==\";}'),('a49f314a2d2d8691c7c1d514965fc189e440b190','::1',1441852790,'__ci_last_regenerate|i:1441852517;auth_user|a:1:{s:5:\"token\";s:88:\"eSU/khxa29udxVlWBXhU6DtQRom6C7wNygIT6YBGUoRPkaX6XYLNbBjCEwWdWavUPVPmmx1QSsyYJzgxJjtj6Q==\";}'),('a4f2d90bd540997a7a8c973e33100660401979e2','::1',1441854073,'__ci_last_regenerate|i:1441853985;auth_user|a:1:{s:5:\"token\";s:88:\"eSU/khxa29udxVlWBXhU6DtQRom6C7wNygIT6YBGUoRPkaX6XYLNbBjCEwWdWavUPVPmmx1QSsyYJzgxJjtj6Q==\";}'),('a56f4d8e5940f9dec395fec84fe642ab51b648fd','::1',1439537231,'__ci_last_regenerate|i:1439537184;auth_user|a:1:{s:5:\"token\";s:88:\"mb+kIj3sXtVyitvjHQiYkwqn7jqTg0sR3VPp6OCMsYlO5utQlXTAtEZO0oikRLQLuk2rgEH1eB3u6j6XLpjDXw==\";}'),('a58af21f9d906c349f483d4b54fe3c6fe2d2c3c1','::1',1439274001,'__ci_last_regenerate|i:1439273948;auth_user|a:1:{s:5:\"token\";s:88:\"ScaKKdbgxMJjm7Nl2GfQWv6DePYvCxVyk7nlnh7+zkLPPcuC0slzrz8MdudWcjzHR9PZYbJk4IF5016j1QC8PQ==\";}'),('a610d014a8987dd7a6d2124489b462513eaaa956','::1',1441870942,'__ci_last_regenerate|i:1441870676;auth_user|a:1:{s:5:\"token\";s:88:\"eSU/khxa29udxVlWBXhU6DtQRom6C7wNygIT6YBGUoRPkaX6XYLNbBjCEwWdWavUPVPmmx1QSsyYJzgxJjtj6Q==\";}'),('a62dcebfc65c803abca3deb7d4d465ea2e34c942','::1',1440381530,'__ci_last_regenerate|i:1440381505;'),('a6c81c8f2de9a43b118566a61a1c45b9acd4abe2','::1',1439520963,'__ci_last_regenerate|i:1439520955;auth_user|a:1:{s:5:\"token\";s:88:\"lmqPsudzFOEGK5+s3wenWDhCijps+bGOouZcINJ6cb0enadxINRESIetePVCUoec39f3BLheAGqULxbOUOJ4Eg==\";}'),('a8f15baea20002fed353b27a09dd6a09c1aae3a9','::1',1439540929,'__ci_last_regenerate|i:1439540680;auth_user|a:1:{s:5:\"token\";s:88:\"mb+kIj3sXtVyitvjHQiYkwqn7jqTg0sR3VPp6OCMsYlO5utQlXTAtEZO0oikRLQLuk2rgEH1eB3u6j6XLpjDXw==\";}'),('a98a3a6f90f72028c7ef13f2e1a0e65e4d99a356','::1',1441865681,'__ci_last_regenerate|i:1441865681;auth_user|a:1:{s:5:\"token\";s:88:\"eSU/khxa29udxVlWBXhU6DtQRom6C7wNygIT6YBGUoRPkaX6XYLNbBjCEwWdWavUPVPmmx1QSsyYJzgxJjtj6Q==\";}'),('a99691ad2ffa5275a8f717681c8c2fe56fec6f40','::1',1441868260,'__ci_last_regenerate|i:1441867963;auth_user|a:1:{s:5:\"token\";s:88:\"eSU/khxa29udxVlWBXhU6DtQRom6C7wNygIT6YBGUoRPkaX6XYLNbBjCEwWdWavUPVPmmx1QSsyYJzgxJjtj6Q==\";}'),('aaa9000230999b73854ed36884380e17bde137ed','::1',1439346568,'__ci_last_regenerate|i:1439346279;auth_user|a:1:{s:5:\"token\";s:88:\"WjpWhM3s/ZFdShTWLwRW2FCcXS1YbNdPrW1ATIhRvC1lByd7Fv9qoeiQUbQSgzX2nSQV/syWZjY988bqH/zDGQ==\";}'),('ab433cfffdde7d274a8cbabc3afdf9a518db6571','::1',1440037965,'__ci_last_regenerate|i:1440037869;auth_user|a:1:{s:5:\"token\";s:88:\"FpY/8WBvG6Krs12YwDJfeUiLXft9PKS3Z1pP3tq7JJj8rx6ZICalBighDsZdLs3Z0Y3N+XGylhOr1nRSxrtnEQ==\";}'),('ac5eacba26254cfcd6c23b07979ddef3ec4cb107','::1',1440062474,'__ci_last_regenerate|i:1440062276;auth_user|a:1:{s:5:\"token\";s:88:\"5Bovl4AHXPZCXiTolQ2DNcDUU7GfUYMT2LrMsOEClsx8bjf1zoA8O6PDOTj5NX5tnY2gz4a5lqvomjqhmqQMwA==\";}success|s:15:\"Settings saved.\";__ci_vars|a:1:{s:7:\"success\";s:3:\"old\";}'),('ac78ddc4ad64a78111970ade4693dec42cb388c2','::1',1441263402,'__ci_last_regenerate|i:1441263306;'),('acf64cdfcf271d90dbe7471b5fe260e2260b0d81','::1',1439539107,'__ci_last_regenerate|i:1439538819;auth_user|a:1:{s:5:\"token\";s:88:\"mb+kIj3sXtVyitvjHQiYkwqn7jqTg0sR3VPp6OCMsYlO5utQlXTAtEZO0oikRLQLuk2rgEH1eB3u6j6XLpjDXw==\";}'),('af952ba08155dfc05af18f8e32710612cf1f7d2b','::1',1440055680,'__ci_last_regenerate|i:1440055433;auth_user|a:1:{s:5:\"token\";s:88:\"5Bovl4AHXPZCXiTolQ2DNcDUU7GfUYMT2LrMsOEClsx8bjf1zoA8O6PDOTj5NX5tnY2gz4a5lqvomjqhmqQMwA==\";}'),('b0968c33506723aaa13acd4c2f30a2079b512bd9','::1',1440665635,'__ci_last_regenerate|i:1440665583;'),('b0fc9d8f90757d0f2b3c8ba2645056d1980a6c1a','::1',1441860905,'__ci_last_regenerate|i:1441860844;auth_user|a:1:{s:5:\"token\";s:88:\"eSU/khxa29udxVlWBXhU6DtQRom6C7wNygIT6YBGUoRPkaX6XYLNbBjCEwWdWavUPVPmmx1QSsyYJzgxJjtj6Q==\";}'),('b11651dc0c69c391c3a078a591e8f19013e16780','::1',1441594207,'__ci_last_regenerate|i:1441594198;'),('b138d89c839be7b3f91b955fd707f1003e017455','::1',1440743005,'__ci_last_regenerate|i:1440742826;auth_user|a:1:{s:5:\"token\";s:88:\"PyWSO9YSn/KWMvp3ydV+75YZ5pK5/f12txdiTOm7Wbx3MXWlSj7yhExREagBQce47Cu1wNsCS6bLYoxsDZWoDw==\";}'),('b1b877fe68df58aaa7cd8c8c16427a95500cc4f3','::1',1440379784,'__ci_last_regenerate|i:1440379784;'),('b2b5cc20ed6d56bb9049f0149a391f33d7f47705','::1',1439532908,'__ci_last_regenerate|i:1439532744;auth_user|a:1:{s:5:\"token\";s:88:\"mb+kIj3sXtVyitvjHQiYkwqn7jqTg0sR3VPp6OCMsYlO5utQlXTAtEZO0oikRLQLuk2rgEH1eB3u6j6XLpjDXw==\";}'),('b34711c4d0d9f245fe6b523d57dda9aeb94edcae','127.0.0.1',1441206951,'__ci_last_regenerate|i:1441206951;'),('b38ca514d89a0dc8ade56de89f33e5b87bfa24d5','::1',1441688842,'__ci_last_regenerate|i:1441688646;auth_user|a:1:{s:5:\"token\";s:88:\"uDuHOXbR1Haoyyri9lvCheh+uHSbEzml8pE/q6gpcw37iQeq1YcGGLuZdgeI8os1djGQAaUpoJy+UzaMcT7bGw==\";}'),('b3ed0f709a2f630c1ee4af27501b0a56079b3818','::1',1439953451,'__ci_last_regenerate|i:1439953398;auth_user|a:1:{s:5:\"token\";s:88:\"bO1z4jHREaFvrh0CjXWPztPjQtkdliTbEcbwJSVmDgEz5rH1jcBGjKTvIY7u/R2b4Mdz0Y6GPH0IPiiQh3ZjIg==\";}'),('b68156e2cdb5b1a4aaabce6f2a5f923d7ed3567f','::1',1439556145,'__ci_last_regenerate|i:1439555905;auth_user|a:1:{s:5:\"token\";s:88:\"XbyKFFju7/FsOmGR/47YulyqMkJcK1rjpkkM7LD3sKWJi9Zh1qyU21ChNADlfOjabGXqJ+voKiHMltOIJjBWwA==\";}'),('b7b6c2604463d9fde1b32159c5123d8a7a119035','::1',1441871987,'__ci_last_regenerate|i:1441871836;auth_user|a:1:{s:5:\"token\";s:88:\"eSU/khxa29udxVlWBXhU6DtQRom6C7wNygIT6YBGUoRPkaX6XYLNbBjCEwWdWavUPVPmmx1QSsyYJzgxJjtj6Q==\";}'),('b9264ef5ac59070a30086fc67199cfb8eadd92ba','::1',1440400486,'__ci_last_regenerate|i:1440400338;auth_user|a:1:{s:5:\"token\";s:88:\"qXYzFo0RmTjR98WBQfgQlIOzuSjSpgnWNOYdz4NJvjohWW7YuNNbnbEauwS2PrafWthyVfYcqiFde9TToYQ8Tw==\";}'),('b93205678043a8d6a68b4cb7db9723f96b265073','::1',1441872424,'__ci_last_regenerate|i:1441872203;auth_user|a:1:{s:5:\"token\";s:88:\"eSU/khxa29udxVlWBXhU6DtQRom6C7wNygIT6YBGUoRPkaX6XYLNbBjCEwWdWavUPVPmmx1QSsyYJzgxJjtj6Q==\";}'),('b9d2e4ffea81ba7c9fde7713e065482dd5a2a47d','::1',1441858581,'__ci_last_regenerate|i:1441858354;auth_user|a:1:{s:5:\"token\";s:88:\"eSU/khxa29udxVlWBXhU6DtQRom6C7wNygIT6YBGUoRPkaX6XYLNbBjCEwWdWavUPVPmmx1QSsyYJzgxJjtj6Q==\";}'),('b9f185c1cdf08f0b95df1fc4adc9a7853515ae8f','127.0.0.1',1441208644,'__ci_last_regenerate|i:1441208345;auth_user|a:1:{s:5:\"token\";s:88:\"p2Fn1INi3jcO17GQaBk7Zl4oBPbsN55hmS/zC/lZbDIhEiDYue97U6GoniRFXGGmqCqz8DnLrbYJRF3PCq55nA==\";}'),('ba5909a0e2199c7bc4e191cbc1d28185270dd8f0','::1',1441941909,'__ci_last_regenerate|i:1441941619;auth_user|a:1:{s:5:\"token\";s:88:\"qeiqWsoBgBi5y1lzYrayrosA5CGPyF0ElcVYJ5Vpu1PYiJU+IdjxcCuoUOBcDNi61YRIu8aNiUZCGJ2HQeXOvQ==\";}'),('ba5d695c7d544b0b6b883aa24e493448d1929012','::1',1440649366,'__ci_last_regenerate|i:1440649366;'),('babd14d371997147cfbcf870878572941e18ce5b','::1',1441876485,'__ci_last_regenerate|i:1441876204;auth_user|a:1:{s:5:\"token\";s:88:\"eSU/khxa29udxVlWBXhU6DtQRom6C7wNygIT6YBGUoRPkaX6XYLNbBjCEwWdWavUPVPmmx1QSsyYJzgxJjtj6Q==\";}'),('bae565a174513b89c339c75a1f5de637cec0fd98','::1',1440742408,'__ci_last_regenerate|i:1440742408;'),('bbfc87c7dfbc562e99018c484eebf0dd6af82ea0','::1',1441868972,'__ci_last_regenerate|i:1441868677;auth_user|a:1:{s:5:\"token\";s:88:\"eSU/khxa29udxVlWBXhU6DtQRom6C7wNygIT6YBGUoRPkaX6XYLNbBjCEwWdWavUPVPmmx1QSsyYJzgxJjtj6Q==\";}'),('bc8f1048f469f4eb185d5b96bb514203f2ba923e','::1',1441871460,'__ci_last_regenerate|i:1441871221;auth_user|a:1:{s:5:\"token\";s:88:\"eSU/khxa29udxVlWBXhU6DtQRom6C7wNygIT6YBGUoRPkaX6XYLNbBjCEwWdWavUPVPmmx1QSsyYJzgxJjtj6Q==\";}'),('bcec3bda938580543265e59c5d2457c2f179fe56','::1',1440663263,'__ci_last_regenerate|i:1440663115;'),('bd880da1d33a9852a7a14c7a3532a50a3fbcf36c','::1',1439279933,'__ci_last_regenerate|i:1439279933;auth_user|a:1:{s:5:\"token\";s:88:\"ScaKKdbgxMJjm7Nl2GfQWv6DePYvCxVyk7nlnh7+zkLPPcuC0slzrz8MdudWcjzHR9PZYbJk4IF5016j1QC8PQ==\";}'),('bdddd830082b5c9c82b878dc8d9eb246e4d08273','::1',1440132480,'__ci_last_regenerate|i:1440132204;'),('bef3638ad94cce0feb86ebcfa2fc2889f88962a4','::1',1441095035,'__ci_last_regenerate|i:1441095035;auth_user|a:1:{s:5:\"token\";s:88:\"++wSnx2RS5OCqttI0mn+wZjL0Bbtr3s/uIz8y7CT+0TWJ51cyKZimvqLKbhH55jch8PFuxCTwfWeKLxrGaFKMA==\";}'),('bf12956cae11ba2f28beb1a835e08621cd22c61b','::1',1440385468,'__ci_last_regenerate|i:1440385468;'),('bf9650f7f4395a123ccdaf4617547056292823f8','::1',1441249648,'__ci_last_regenerate|i:1441249557;auth_user|a:1:{s:5:\"token\";s:88:\"CFjgBYlxvqYPh2YAJC3xezDBXYotgLWH4kHVYuaZRQRhPvYPcUtIaTxpmh8g71ILE4OF7OwW6Pv1LAWb/StC7A==\";}'),('bfd706c2137d9fdce4fc5ec59343eb0bf3458b8f','::1',1441248884,'__ci_last_regenerate|i:1441248718;auth_user|a:1:{s:5:\"token\";s:88:\"CFjgBYlxvqYPh2YAJC3xezDBXYotgLWH4kHVYuaZRQRhPvYPcUtIaTxpmh8g71ILE4OF7OwW6Pv1LAWb/StC7A==\";}'),('c0114a5bf8e0790b2bcc2372a606980be38802b6','::1',1441096982,'__ci_last_regenerate|i:1441096797;auth_user|a:1:{s:5:\"token\";s:88:\"++wSnx2RS5OCqttI0mn+wZjL0Bbtr3s/uIz8y7CT+0TWJ51cyKZimvqLKbhH55jch8PFuxCTwfWeKLxrGaFKMA==\";}'),('c0edcf322c6bb8b2697e73e9e01c1b644fc0ec85','::1',1439349012,'__ci_last_regenerate|i:1439349004;auth_user|a:1:{s:5:\"token\";s:88:\"WjpWhM3s/ZFdShTWLwRW2FCcXS1YbNdPrW1ATIhRvC1lByd7Fv9qoeiQUbQSgzX2nSQV/syWZjY988bqH/zDGQ==\";}'),('c14b11f59ba4a90dfa677f483e768480e0585aa3','::1',1441095862,'__ci_last_regenerate|i:1441095671;auth_user|a:1:{s:5:\"token\";s:88:\"++wSnx2RS5OCqttI0mn+wZjL0Bbtr3s/uIz8y7CT+0TWJ51cyKZimvqLKbhH55jch8PFuxCTwfWeKLxrGaFKMA==\";}'),('c16c98cb67c4cf9576a635a77aa650af8376f3e7','::1',1441772217,'__ci_last_regenerate|i:1441772180;auth_user|a:1:{s:5:\"token\";s:88:\"kcm2a+nbXX9az8GRLfe9x4xxDlYvOn9Xn+msejLS3GiAB1IWYhcvo8khFxgn61SoPNz+w5IGMfaEKMLa1AY1xw==\";}'),('c1a79b998ff7e4b873c63e37d9f124b0b4cc8f28','::1',1439265862,'__ci_last_regenerate|i:1439265811;auth_user|a:1:{s:5:\"token\";s:88:\"ScaKKdbgxMJjm7Nl2GfQWv6DePYvCxVyk7nlnh7+zkLPPcuC0slzrz8MdudWcjzHR9PZYbJk4IF5016j1QC8PQ==\";}'),('c30f6924bb430029395d749a7a873b182effb5d3','::1',1440642494,'__ci_last_regenerate|i:1440642494;'),('c359aeb8004eb5528eaf5ff0a71446434ea42aa3','::1',1439884216,'__ci_last_regenerate|i:1439884064;auth_user|a:1:{s:5:\"token\";s:88:\"WAB4y4d5ooggLQyLUM9xXBrdbJEdtKigvUyjnTNYg47NFSyOUPkkgIPDvL5i8wN+pTwkFxUoe0GccKjO58fB4g==\";}'),('c3d9e37b52d54b7883da1cc49ffa2d8e99a589f8','::1',1441161698,'__ci_last_regenerate|i:1441161599;auth_user|a:1:{s:5:\"token\";s:88:\"aM/2/NHVVYOxCG1yj/taMNMMFzV6eLDXRxcBB9R7kq9Tyw2/qx/BY0SbDhQmbm2alQtYVrf1YNhBLZA3ord9SQ==\";}'),('c48cbe6c55a73c041b2742d6b185511bfbac5213','::1',1439452697,'__ci_last_regenerate|i:1439452697;auth_user|a:1:{s:5:\"token\";s:88:\"gduRN2gRPWS9GYxMbGL6Njsq43eFkbFIcUuiefbNnNMVk5scnzm3VcISUTuxhwquPMyJxq3cITjjv7PMGt3CCA==\";}'),('c4b4700f9bc816f965d1c9b3d0db46616119332d','::1',1441942864,'__ci_last_regenerate|i:1441942864;auth_user|a:1:{s:5:\"token\";s:88:\"qeiqWsoBgBi5y1lzYrayrosA5CGPyF0ElcVYJ5Vpu1PYiJU+IdjxcCuoUOBcDNi61YRIu8aNiUZCGJ2HQeXOvQ==\";}'),('c5e9593c30829627357d3e528b643a8b786c684d','::1',1439264766,'__ci_last_regenerate|i:1439264529;auth_user|a:1:{s:5:\"token\";s:88:\"ScaKKdbgxMJjm7Nl2GfQWv6DePYvCxVyk7nlnh7+zkLPPcuC0slzrz8MdudWcjzHR9PZYbJk4IF5016j1QC8PQ==\";}'),('c62daa45e326538205e904257857fe1930acbcc4','::1',1440563730,'__ci_last_regenerate|i:1440563598;auth_user|a:1:{s:5:\"token\";s:88:\"qy7ZqsDRtKgeR/0SD9+PEbq6JNnb04qD98Rdv2je4jb8/UOApHZ5IAmO6gTsGH/aVd5/awpbvCGaKQLVceN8Qw==\";}'),('c72b4448aacf7ef7cbc1d53d5709a96c0acbf3b3','::1',1439519482,'__ci_last_regenerate|i:1439519482;auth_user|a:1:{s:5:\"token\";s:88:\"lmqPsudzFOEGK5+s3wenWDhCijps+bGOouZcINJ6cb0enadxINRESIetePVCUoec39f3BLheAGqULxbOUOJ4Eg==\";}'),('c74a9878075dc282a770f2691cecd10164444d96','127.0.0.1',1441207324,'__ci_last_regenerate|i:1441207324;'),('c8fdb0e9f7f0e1340e9be9fef7bf68acb4b8127e','::1',1440990694,'__ci_last_regenerate|i:1440990467;auth_user|a:1:{s:5:\"token\";s:88:\"pU+xXlRfIAVZNHg8Wf3yCN27qoEBSsycqyBV7JN06vm3cyEAMuoLCDlo45yDwvUBDC1TkrytKr5FVkqvQ6n+aQ==\";}'),('c91fcc75fb35d8c4bb6d23263ed525ffe2beaf1e','::1',1441262410,'__ci_last_regenerate|i:1441262245;'),('c97dcd68bc14206fe1e94c132724edf1ded049b3','::1',1441687154,'__ci_last_regenerate|i:1441686962;auth_user|a:1:{s:5:\"token\";s:88:\"uDuHOXbR1Haoyyri9lvCheh+uHSbEzml8pE/q6gpcw37iQeq1YcGGLuZdgeI8os1djGQAaUpoJy+UzaMcT7bGw==\";}'),('c9d457c5d2d299445d51481ff0f596851791485d','::1',1438844308,'__ci_last_regenerate|i:1438844096;auth_user|a:1:{s:5:\"token\";s:88:\"iIkCkCnURZ2SqMNeKvV4mDx7PiGh1QOz/zyDnc+jIyc+gkbhoGDF2UdYAORvcbKitd7C6nCFv2qBt4oHUb2Rjw==\";}'),('ca3a0a1b17070ee0e035e9d3418a8b03103009c1','::1',1441266749,'__ci_last_regenerate|i:1441266531;auth_user|a:1:{s:5:\"token\";s:88:\"i7m07krTgsukT44k33+zIiWArPkyUUXCiYkZLYR6cuMPgaw4uj/wS5EBmYPt2r2tGbVexEQL1Yc4/p/LyhvDAQ==\";}'),('cb4ad6470625f5ebc5c2964bfd013b0c60da01d0','::1',1439883352,'__ci_last_regenerate|i:1439883088;auth_user|a:1:{s:5:\"token\";s:88:\"WAB4y4d5ooggLQyLUM9xXBrdbJEdtKigvUyjnTNYg47NFSyOUPkkgIPDvL5i8wN+pTwkFxUoe0GccKjO58fB4g==\";}'),('cb70dad6f9859b53a3d04f93084abc344a433785','::1',1440991996,'__ci_last_regenerate|i:1440991769;auth_user|a:1:{s:5:\"token\";s:88:\"pU+xXlRfIAVZNHg8Wf3yCN27qoEBSsycqyBV7JN06vm3cyEAMuoLCDlo45yDwvUBDC1TkrytKr5FVkqvQ6n+aQ==\";}'),('cb92ca36f9a17af0170a0d83b0ea588b9cbc4e4a','::1',1440733392,'__ci_last_regenerate|i:1440733392;'),('cbeaa41ea325ab0585930759bf66bc7c2284bf1f','::1',1441768551,'__ci_last_regenerate|i:1441768418;auth_user|a:1:{s:5:\"token\";s:88:\"kcm2a+nbXX9az8GRLfe9x4xxDlYvOn9Xn+msejLS3GiAB1IWYhcvo8khFxgn61SoPNz+w5IGMfaEKMLa1AY1xw==\";}'),('cd17b3339069f23b587b4da9d32512c698007410','::1',1440037618,'__ci_last_regenerate|i:1440037379;auth_user|a:1:{s:5:\"token\";s:88:\"FpY/8WBvG6Krs12YwDJfeUiLXft9PKS3Z1pP3tq7JJj8rx6ZICalBighDsZdLs3Z0Y3N+XGylhOr1nRSxrtnEQ==\";}'),('cd4c36ccc5aa253f71d1bf80c044570879f6cd1a','::1',1439275821,'__ci_last_regenerate|i:1439275640;auth_user|a:1:{s:5:\"token\";s:88:\"ScaKKdbgxMJjm7Nl2GfQWv6DePYvCxVyk7nlnh7+zkLPPcuC0slzrz8MdudWcjzHR9PZYbJk4IF5016j1QC8PQ==\";}'),('cdb969f6faa12c3194ce0840dd051d371b0e73c2','::1',1441189018,'__ci_last_regenerate|i:1441189017;'),('cef88bd284a20716d9a6bbe12f92e04820da5144','::1',1440062987,'__ci_last_regenerate|i:1440062926;auth_user|a:1:{s:5:\"token\";s:88:\"5Bovl4AHXPZCXiTolQ2DNcDUU7GfUYMT2LrMsOEClsx8bjf1zoA8O6PDOTj5NX5tnY2gz4a5lqvomjqhmqQMwA==\";}'),('cfac0f08107fea8b35295287b31d5feb3efa62b4','::1',1440471836,'__ci_last_regenerate|i:1440471836;'),('d067a1443e3acdd9a83e5476a7616c9c35e222f7','::1',1439870511,'__ci_last_regenerate|i:1439870511;auth_user|a:1:{s:5:\"token\";s:88:\"WAB4y4d5ooggLQyLUM9xXBrdbJEdtKigvUyjnTNYg47NFSyOUPkkgIPDvL5i8wN+pTwkFxUoe0GccKjO58fB4g==\";}'),('d11f57f67f5452fe5d08ddf0ff349d3fed698087','::1',1439522502,'__ci_last_regenerate|i:1439522434;auth_user|a:1:{s:5:\"token\";s:88:\"lmqPsudzFOEGK5+s3wenWDhCijps+bGOouZcINJ6cb0enadxINRESIetePVCUoec39f3BLheAGqULxbOUOJ4Eg==\";}'),('d1509cdccdf71250b472dd3bb8e4e8ca12779643','::1',1440381426,'__ci_last_regenerate|i:1440381129;'),('d230342cde2f6b63a1082a9cfc6db50880359b46','::1',1440643045,'__ci_last_regenerate|i:1440642962;'),('d347febdfebe8ca0ed5f31d95cd4bc47bb97e269','::1',1439608055,'__ci_last_regenerate|i:1439607997;auth_user|a:1:{s:5:\"token\";s:88:\"QdvtCTErnfF1QDRotUrudXpH5izdFUmIxywQGO6/5mXNPYCTpR1ctHAEOXKBAv+HDQitLnH27EKVFFa60I5oWQ==\";}'),('d36e9f788013c4185499cae7d85e14a79203f73a','::1',1439278729,'__ci_last_regenerate|i:1439278452;auth_user|a:1:{s:5:\"token\";s:88:\"ScaKKdbgxMJjm7Nl2GfQWv6DePYvCxVyk7nlnh7+zkLPPcuC0slzrz8MdudWcjzHR9PZYbJk4IF5016j1QC8PQ==\";}'),('d49eb3b338a454a618fe862b264ce6cece4b18e4','::1',1439557260,'__ci_last_regenerate|i:1439557108;auth_user|a:1:{s:5:\"token\";s:88:\"XbyKFFju7/FsOmGR/47YulyqMkJcK1rjpkkM7LD3sKWJi9Zh1qyU21ChNADlfOjabGXqJ+voKiHMltOIJjBWwA==\";}'),('d51e0ea1716f5a521b27675178ae4d3a0b2d8577','::1',1440057711,'__ci_last_regenerate|i:1440057599;auth_user|a:1:{s:5:\"token\";s:88:\"5Bovl4AHXPZCXiTolQ2DNcDUU7GfUYMT2LrMsOEClsx8bjf1zoA8O6PDOTj5NX5tnY2gz4a5lqvomjqhmqQMwA==\";}'),('d53afedee03713fcc34eb742540991e88e499f22','::1',1439268329,'__ci_last_regenerate|i:1439268322;auth_user|a:1:{s:5:\"token\";s:88:\"ScaKKdbgxMJjm7Nl2GfQWv6DePYvCxVyk7nlnh7+zkLPPcuC0slzrz8MdudWcjzHR9PZYbJk4IF5016j1QC8PQ==\";}'),('d620492067cd4c533b05f272c9953b642302269c','::1',1439884416,'__ci_last_regenerate|i:1439884409;auth_user|a:1:{s:5:\"token\";s:88:\"WAB4y4d5ooggLQyLUM9xXBrdbJEdtKigvUyjnTNYg47NFSyOUPkkgIPDvL5i8wN+pTwkFxUoe0GccKjO58fB4g==\";}'),('d68e8ee2ad784b27ee88512fa3c395ae47be5450','::1',1441937825,'__ci_last_regenerate|i:1441937757;auth_user|a:1:{s:5:\"token\";s:88:\"qeiqWsoBgBi5y1lzYrayrosA5CGPyF0ElcVYJ5Vpu1PYiJU+IdjxcCuoUOBcDNi61YRIu8aNiUZCGJ2HQeXOvQ==\";}'),('d69e951c8a4e7bc0b4538f98826ad986598f77b2','::1',1440993278,'__ci_last_regenerate|i:1440993278;auth_user|a:1:{s:5:\"token\";s:88:\"pU+xXlRfIAVZNHg8Wf3yCN27qoEBSsycqyBV7JN06vm3cyEAMuoLCDlo45yDwvUBDC1TkrytKr5FVkqvQ6n+aQ==\";}'),('d6d934af4518b27380a83ae8c4b627591c519588','::1',1441172226,'__ci_last_regenerate|i:1441171967;auth_user|a:1:{s:5:\"token\";s:88:\"aM/2/NHVVYOxCG1yj/taMNMMFzV6eLDXRxcBB9R7kq9Tyw2/qx/BY0SbDhQmbm2alQtYVrf1YNhBLZA3ord9SQ==\";}'),('d7208a92836824077bb0e5ec5152872a74cea8d6','::1',1439454275,'__ci_last_regenerate|i:1439453980;auth_user|a:1:{s:5:\"token\";s:88:\"gduRN2gRPWS9GYxMbGL6Njsq43eFkbFIcUuiefbNnNMVk5scnzm3VcISUTuxhwquPMyJxq3cITjjv7PMGt3CCA==\";}'),('d77a6fab2ef5f3da6bc9fd74bbee17d63befd949','::1',1441939813,'__ci_last_regenerate|i:1441939513;auth_user|a:1:{s:5:\"token\";s:88:\"qeiqWsoBgBi5y1lzYrayrosA5CGPyF0ElcVYJ5Vpu1PYiJU+IdjxcCuoUOBcDNi61YRIu8aNiUZCGJ2HQeXOvQ==\";}'),('d80694db05ae138389ad59d3ab233bcea6506c6d','::1',1439878320,'__ci_last_regenerate|i:1439878084;auth_user|a:1:{s:5:\"token\";s:88:\"WAB4y4d5ooggLQyLUM9xXBrdbJEdtKigvUyjnTNYg47NFSyOUPkkgIPDvL5i8wN+pTwkFxUoe0GccKjO58fB4g==\";}'),('d856c1ae831fb7607e0ff32c8cb487d785fc4251','::1',1440753735,'__ci_last_regenerate|i:1440753470;auth_user|a:1:{s:5:\"token\";s:88:\"OGle/j2OPv27qomfGbE7qqBfLvUpU1E3XMJdwrKiut062SI+B85qubkS3dhOuqkjbhb3Uukb95L9U8iSP4tkUA==\";}'),('d96a8019f571bdd4ea40192df32ed0de69592bad','::1',1441860801,'__ci_last_regenerate|i:1441860539;auth_user|a:1:{s:5:\"token\";s:88:\"eSU/khxa29udxVlWBXhU6DtQRom6C7wNygIT6YBGUoRPkaX6XYLNbBjCEwWdWavUPVPmmx1QSsyYJzgxJjtj6Q==\";}'),('d9bded79b5ccaa7009168a469ed9585d9edde871','::1',1441262939,'__ci_last_regenerate|i:1441262658;'),('da9378b742e1ad149fbf026e07e923d7329e5924','::1',1438841185,'__ci_last_regenerate|i:1438841185;auth_user|a:1:{s:5:\"token\";s:88:\"iIkCkCnURZ2SqMNeKvV4mDx7PiGh1QOz/zyDnc+jIyc+gkbhoGDF2UdYAORvcbKitd7C6nCFv2qBt4oHUb2Rjw==\";}'),('dbca9591600edacefa4b0283e2ad9c943bb75319','::1',1439955941,'__ci_last_regenerate|i:1439955941;auth_user|a:1:{s:5:\"token\";s:88:\"bO1z4jHREaFvrh0CjXWPztPjQtkdliTbEcbwJSVmDgEz5rH1jcBGjKTvIY7u/R2b4Mdz0Y6GPH0IPiiQh3ZjIg==\";}'),('dc2674a41d0997939c1e98cca583ef0002d2d3b2','::1',1440745119,'__ci_last_regenerate|i:1440745119;auth_user|a:1:{s:5:\"token\";s:88:\"OGle/j2OPv27qomfGbE7qqBfLvUpU1E3XMJdwrKiut062SI+B85qubkS3dhOuqkjbhb3Uukb95L9U8iSP4tkUA==\";}'),('dcc79a79ef7554f941a9d4ebac54cf50d9f491dd','::1',1440561051,'__ci_last_regenerate|i:1440560917;auth_user|a:1:{s:5:\"token\";s:88:\"qy7ZqsDRtKgeR/0SD9+PEbq6JNnb04qD98Rdv2je4jb8/UOApHZ5IAmO6gTsGH/aVd5/awpbvCGaKQLVceN8Qw==\";}'),('dccaf259d5c99dc85d7a00e00b3ef5508c1b74e8','::1',1439558779,'__ci_last_regenerate|i:1439558612;auth_user|a:1:{s:5:\"token\";s:88:\"XbyKFFju7/FsOmGR/47YulyqMkJcK1rjpkkM7LD3sKWJi9Zh1qyU21ChNADlfOjabGXqJ+voKiHMltOIJjBWwA==\";}'),('dd04ef061d90366027da585793e636362baf0fa7','::1',1441266448,'__ci_last_regenerate|i:1441266157;auth_user|a:1:{s:5:\"token\";s:88:\"i7m07krTgsukT44k33+zIiWArPkyUUXCiYkZLYR6cuMPgaw4uj/wS5EBmYPt2r2tGbVexEQL1Yc4/p/LyhvDAQ==\";}'),('dd7fe442e43b94246f42b13d1640aaf740e595ff','::1',1440662731,'__ci_last_regenerate|i:1440662491;'),('de79ebd668a8b3a99d047e32a2b7660c3e7fcebd','::1',1441082692,'__ci_last_regenerate|i:1441082533;auth_user|a:1:{s:5:\"token\";s:88:\"++wSnx2RS5OCqttI0mn+wZjL0Bbtr3s/uIz8y7CT+0TWJ51cyKZimvqLKbhH55jch8PFuxCTwfWeKLxrGaFKMA==\";}'),('e0c29bce14cc1aa0b72cd7a551180349377e8331','::1',1441013362,'__ci_last_regenerate|i:1441013202;'),('e0fdb0764b12628df561afde3796a2162b90b88e','::1',1441171713,'__ci_last_regenerate|i:1441171514;auth_user|a:1:{s:5:\"token\";s:88:\"aM/2/NHVVYOxCG1yj/taMNMMFzV6eLDXRxcBB9R7kq9Tyw2/qx/BY0SbDhQmbm2alQtYVrf1YNhBLZA3ord9SQ==\";}'),('e2238919c462c34194478a354515fdad16516d24','::1',1441871830,'__ci_last_regenerate|i:1441871531;auth_user|a:1:{s:5:\"token\";s:88:\"eSU/khxa29udxVlWBXhU6DtQRom6C7wNygIT6YBGUoRPkaX6XYLNbBjCEwWdWavUPVPmmx1QSsyYJzgxJjtj6Q==\";}'),('e227a8664eb1dbd8c3f4839d4108e4f553f711b7','::1',1439361665,'__ci_last_regenerate|i:1439361660;auth_user|a:1:{s:5:\"token\";s:88:\"6o7DN/pWCSXa0FKwc2saG4xmvb+A3abRd4oQJGbe5IG1EEhOVZJZZ/Pr5sEV23YeA71z7YocezRHumXPCOds0g==\";}'),('e2c9544db5c179a20bf609f05ebbf255c56ee6cd','::1',1440648379,'__ci_last_regenerate|i:1440648249;'),('e31c5c25cb343fe51ff749d7d3fc9a32a5750301','::1',1439352182,'__ci_last_regenerate|i:1439351974;auth_user|a:1:{s:5:\"token\";s:88:\"WjpWhM3s/ZFdShTWLwRW2FCcXS1YbNdPrW1ATIhRvC1lByd7Fv9qoeiQUbQSgzX2nSQV/syWZjY988bqH/zDGQ==\";}'),('e3e7685a884a36348fb225ffac528bc4aa709545','::1',1441171471,'__ci_last_regenerate|i:1441171196;auth_user|a:1:{s:5:\"token\";s:88:\"aM/2/NHVVYOxCG1yj/taMNMMFzV6eLDXRxcBB9R7kq9Tyw2/qx/BY0SbDhQmbm2alQtYVrf1YNhBLZA3ord9SQ==\";}'),('e3ef9db90255728f99539749ead8cf138faec780','::1',1441097875,'__ci_last_regenerate|i:1441097619;auth_user|a:1:{s:5:\"token\";s:88:\"++wSnx2RS5OCqttI0mn+wZjL0Bbtr3s/uIz8y7CT+0TWJ51cyKZimvqLKbhH55jch8PFuxCTwfWeKLxrGaFKMA==\";}'),('e5fc4fc4853a5fc10ebd1a38589dc30949837645','::1',1440563912,'__ci_last_regenerate|i:1440563901;auth_user|a:1:{s:5:\"token\";s:88:\"qy7ZqsDRtKgeR/0SD9+PEbq6JNnb04qD98Rdv2je4jb8/UOApHZ5IAmO6gTsGH/aVd5/awpbvCGaKQLVceN8Qw==\";}'),('e666adb439b08f70e9851a21c9e452f95b64e98a','::1',1441263276,'__ci_last_regenerate|i:1441262990;'),('e6ca0c4d60056252921baa84b8a72ac505a422e9','::1',1440661994,'__ci_last_regenerate|i:1440661910;'),('e704b1a2d4b5dd2ca812def59e0a090a042d782f','::1',1440127865,'__ci_last_regenerate|i:1440127865;'),('e7177576ffb6a3c0d554de1fb539d2061d5cc605','::1',1441611671,'__ci_last_regenerate|i:1441611635;'),('e99f117096dc524c1fecaca7b0ce02b04cfb4432','::1',1440743319,'__ci_last_regenerate|i:1440743301;auth_user|a:1:{s:5:\"token\";s:88:\"t6TTa1ElRZfWmcRQjVArvJ5oNxLF37Nqh047dTwGFtl8FZfQnreGxX9+f75zICI3l9IKr2+f7LLLxP/vY/D8qw==\";}'),('e9ee4a41524510fe07d673b7f9c477560084cf8a','127.0.0.1',1441219338,'__ci_last_regenerate|i:1441219055;auth_user|a:1:{s:5:\"token\";s:88:\"NNKHqHf4oUijbmwbR3m79HTVQJ/X4yePOE0F2R0kt+yNazVoh2eLEtxkGq5dSvFIMvEnFqkHFpODWOTTH6AgQw==\";}'),('ea201f17309d8061e0d33c6e6d703051252c1f78','::1',1439555513,'__ci_last_regenerate|i:1439555245;auth_user|a:1:{s:5:\"token\";s:88:\"XbyKFFju7/FsOmGR/47YulyqMkJcK1rjpkkM7LD3sKWJi9Zh1qyU21ChNADlfOjabGXqJ+voKiHMltOIJjBWwA==\";}'),('ea239429d00b2e5b3128306755ec2c4bce92629a','::1',1439878704,'__ci_last_regenerate|i:1439878458;auth_user|a:1:{s:5:\"token\";s:88:\"WAB4y4d5ooggLQyLUM9xXBrdbJEdtKigvUyjnTNYg47NFSyOUPkkgIPDvL5i8wN+pTwkFxUoe0GccKjO58fB4g==\";}'),('ea8c65a47f6861d8bd94b5b67fbd73b89570bd32','::1',1439546010,'__ci_last_regenerate|i:1439545922;auth_user|a:1:{s:5:\"token\";s:88:\"mb+kIj3sXtVyitvjHQiYkwqn7jqTg0sR3VPp6OCMsYlO5utQlXTAtEZO0oikRLQLuk2rgEH1eB3u6j6XLpjDXw==\";}'),('eae7041eb15d4d3ff8bce244316889d8fbce687a','::1',1440642140,'__ci_last_regenerate|i:1440642034;'),('eb157d835f1ec6b9fcde16b10853523a4fbfe2ac','::1',1441684571,'__ci_last_regenerate|i:1441684532;auth_user|a:1:{s:5:\"token\";s:88:\"uDuHOXbR1Haoyyri9lvCheh+uHSbEzml8pE/q6gpcw37iQeq1YcGGLuZdgeI8os1djGQAaUpoJy+UzaMcT7bGw==\";}'),('eb77222f0491a366c251f92379975b7d4b65648a','::1',1440652061,'__ci_last_regenerate|i:1440651805;'),('ebbabbc1c16fc71953399d8ead1c48c63220a997','::1',1440994953,'__ci_last_regenerate|i:1440994953;auth_user|a:1:{s:5:\"token\";s:88:\"pU+xXlRfIAVZNHg8Wf3yCN27qoEBSsycqyBV7JN06vm3cyEAMuoLCDlo45yDwvUBDC1TkrytKr5FVkqvQ6n+aQ==\";}'),('ebbdd93d2778434112eb0c77ed87b2afc346bcb4','::1',1439346800,'__ci_last_regenerate|i:1439346602;auth_user|a:1:{s:5:\"token\";s:88:\"WjpWhM3s/ZFdShTWLwRW2FCcXS1YbNdPrW1ATIhRvC1lByd7Fv9qoeiQUbQSgzX2nSQV/syWZjY988bqH/zDGQ==\";}success|s:26:\"Category has been updated.\";__ci_vars|a:1:{s:7:\"success\";s:3:\"old\";}'),('ec656b0523fdb68b400768b5c84212972bd7ee0d','::1',1439345387,'__ci_last_regenerate|i:1439345357;auth_user|a:1:{s:5:\"token\";s:88:\"WjpWhM3s/ZFdShTWLwRW2FCcXS1YbNdPrW1ATIhRvC1lByd7Fv9qoeiQUbQSgzX2nSQV/syWZjY988bqH/zDGQ==\";}'),('ed105ef7fbd8104d5145f581ddb83ed547fca5a6','::1',1439865491,'__ci_last_regenerate|i:1439865453;auth_user|a:1:{s:5:\"token\";s:88:\"WAB4y4d5ooggLQyLUM9xXBrdbJEdtKigvUyjnTNYg47NFSyOUPkkgIPDvL5i8wN+pTwkFxUoe0GccKjO58fB4g==\";}'),('ed25df715b7587603c7c388b5043bbf38a09879a','::1',1439863328,'__ci_last_regenerate|i:1439863328;'),('ede08b1f2266302e04d3d020517760f53c309858','::1',1441017038,'__ci_last_regenerate|i:1441017038;'),('ef3add435d655972997aaeda84bcaf953de23f03','::1',1439270560,'__ci_last_regenerate|i:1439270265;auth_user|a:1:{s:5:\"token\";s:88:\"ScaKKdbgxMJjm7Nl2GfQWv6DePYvCxVyk7nlnh7+zkLPPcuC0slzrz8MdudWcjzHR9PZYbJk4IF5016j1QC8PQ==\";}'),('ef4a7026681ae9aaaa70ad69318b3c63598a30ab','::1',1439518401,'__ci_last_regenerate|i:1439518401;auth_user|a:1:{s:5:\"token\";s:88:\"lmqPsudzFOEGK5+s3wenWDhCijps+bGOouZcINJ6cb0enadxINRESIetePVCUoec39f3BLheAGqULxbOUOJ4Eg==\";}'),('efd751a5005ced34aab9753fc7e62747cce5b9e7','::1',1439273385,'__ci_last_regenerate|i:1439273127;auth_user|a:1:{s:5:\"token\";s:88:\"ScaKKdbgxMJjm7Nl2GfQWv6DePYvCxVyk7nlnh7+zkLPPcuC0slzrz8MdudWcjzHR9PZYbJk4IF5016j1QC8PQ==\";}'),('f00b76e5475ac819e54ec0dbb478b5597b223f16','::1',1441094897,'__ci_last_regenerate|i:1441094656;auth_user|a:1:{s:5:\"token\";s:88:\"++wSnx2RS5OCqttI0mn+wZjL0Bbtr3s/uIz8y7CT+0TWJ51cyKZimvqLKbhH55jch8PFuxCTwfWeKLxrGaFKMA==\";}'),('f0577b78dd898c4b697991d6ad1ab760a9b96b7d','::1',1439559192,'__ci_last_regenerate|i:1439559015;auth_user|a:1:{s:5:\"token\";s:88:\"XbyKFFju7/FsOmGR/47YulyqMkJcK1rjpkkM7LD3sKWJi9Zh1qyU21ChNADlfOjabGXqJ+voKiHMltOIJjBWwA==\";}success|s:34:\"A product varian has been deleted.\";__ci_vars|a:1:{s:7:\"success\";s:3:\"old\";}'),('f10c763bcc6ef593dea9f5f6fd44233df7ac8e71','::1',1438845269,'__ci_last_regenerate|i:1438845114;auth_user|a:1:{s:5:\"token\";s:88:\"iIkCkCnURZ2SqMNeKvV4mDx7PiGh1QOz/zyDnc+jIyc+gkbhoGDF2UdYAORvcbKitd7C6nCFv2qBt4oHUb2Rjw==\";}'),('f2e04ef4b40b8e7c0d9b5813e331e74fee165079','::1',1441177988,'__ci_last_regenerate|i:1441177774;auth_user|a:1:{s:5:\"token\";s:88:\"aM/2/NHVVYOxCG1yj/taMNMMFzV6eLDXRxcBB9R7kq9Tyw2/qx/BY0SbDhQmbm2alQtYVrf1YNhBLZA3ord9SQ==\";}'),('f3083fdba7eea31dfb2e751c5a428936c0de6595','127.0.0.1',1441219654,'__ci_last_regenerate|i:1441219433;auth_user|a:1:{s:5:\"token\";s:88:\"NNKHqHf4oUijbmwbR3m79HTVQJ/X4yePOE0F2R0kt+yNazVoh2eLEtxkGq5dSvFIMvEnFqkHFpODWOTTH6AgQw==\";}'),('f3a2497f05b041a62d816c79fb364d3080e0af37','::1',1439538499,'__ci_last_regenerate|i:1439538472;auth_user|a:1:{s:5:\"token\";s:88:\"mb+kIj3sXtVyitvjHQiYkwqn7jqTg0sR3VPp6OCMsYlO5utQlXTAtEZO0oikRLQLuk2rgEH1eB3u6j6XLpjDXw==\";}'),('f3d034478b2885019e721fa25371a3be4aecfb4c','::1',1440380556,'__ci_last_regenerate|i:1440380327;'),('f410f37aa2c3d63989a4583e71155b805d912072','::1',1441167441,'__ci_last_regenerate|i:1441167142;auth_user|a:1:{s:5:\"token\";s:88:\"aM/2/NHVVYOxCG1yj/taMNMMFzV6eLDXRxcBB9R7kq9Tyw2/qx/BY0SbDhQmbm2alQtYVrf1YNhBLZA3ord9SQ==\";}'),('f4ad5d65d2c9be94856eb16bf5d046c9acd3ba25','::1',1439882030,'__ci_last_regenerate|i:1439882030;auth_user|a:1:{s:5:\"token\";s:88:\"WAB4y4d5ooggLQyLUM9xXBrdbJEdtKigvUyjnTNYg47NFSyOUPkkgIPDvL5i8wN+pTwkFxUoe0GccKjO58fB4g==\";}'),('f52c1513bece03b7ccd5dc2c0553836782aa2cd3','::1',1441348561,'__ci_last_regenerate|i:1441348450;'),('f54e056e1b98fb979d7964e42326b2ac73a52579','::1',1440644548,'__ci_last_regenerate|i:1440644548;'),('f5e0987fb7332b8789a0127bbe91940c995137c5','::1',1440562725,'__ci_last_regenerate|i:1440562491;auth_user|a:1:{s:5:\"token\";s:88:\"qy7ZqsDRtKgeR/0SD9+PEbq6JNnb04qD98Rdv2je4jb8/UOApHZ5IAmO6gTsGH/aVd5/awpbvCGaKQLVceN8Qw==\";}'),('f615f4f055898fc83785770d6b8bc88fa075ed15','::1',1439281111,'__ci_last_regenerate|i:1439281111;auth_user|a:1:{s:5:\"token\";s:88:\"ScaKKdbgxMJjm7Nl2GfQWv6DePYvCxVyk7nlnh7+zkLPPcuC0slzrz8MdudWcjzHR9PZYbJk4IF5016j1QC8PQ==\";}'),('f69a5ee29769164ceadff28723c623390e865779','::1',1441598917,'__ci_last_regenerate|i:1441598856;'),('f76e56973d40211becd1ec24ccc776fd8ef9657f','::1',1441090676,'__ci_last_regenerate|i:1441090399;auth_user|a:1:{s:5:\"token\";s:88:\"++wSnx2RS5OCqttI0mn+wZjL0Bbtr3s/uIz8y7CT+0TWJ51cyKZimvqLKbhH55jch8PFuxCTwfWeKLxrGaFKMA==\";}'),('f88b9b4eb7f0b04393cc9d89be364a920af05b9e','::1',1440652224,'__ci_last_regenerate|i:1440652140;'),('f8e8ae4c6112509d478a1c0c185d983932f00c68','::1',1440053057,'__ci_last_regenerate|i:1440052777;auth_user|a:1:{s:5:\"token\";s:88:\"5Bovl4AHXPZCXiTolQ2DNcDUU7GfUYMT2LrMsOEClsx8bjf1zoA8O6PDOTj5NX5tnY2gz4a5lqvomjqhmqQMwA==\";}'),('f92d34a73aa9789f70465a772bf691f97b2b23d4','127.0.0.1',1441221904,'__ci_last_regenerate|i:1441221605;auth_user|a:1:{s:5:\"token\";s:88:\"NNKHqHf4oUijbmwbR3m79HTVQJ/X4yePOE0F2R0kt+yNazVoh2eLEtxkGq5dSvFIMvEnFqkHFpODWOTTH6AgQw==\";}'),('f946f14637e09b6a3f71cc99f1962088168de669','::1',1438850795,'__ci_last_regenerate|i:1438850753;auth_user|a:1:{s:5:\"token\";s:88:\"iIkCkCnURZ2SqMNeKvV4mDx7PiGh1QOz/zyDnc+jIyc+gkbhoGDF2UdYAORvcbKitd7C6nCFv2qBt4oHUb2Rjw==\";}'),('f97b46226572954149a591cb781efbce2ca41d10','::1',1439557667,'__ci_last_regenerate|i:1439557451;auth_user|a:1:{s:5:\"token\";s:88:\"XbyKFFju7/FsOmGR/47YulyqMkJcK1rjpkkM7LD3sKWJi9Zh1qyU21ChNADlfOjabGXqJ+voKiHMltOIJjBWwA==\";}'),('fb71bb053579ec8a7e55b2cc5a9e433668ee088a','::1',1438843529,'__ci_last_regenerate|i:1438843529;auth_user|a:1:{s:5:\"token\";s:88:\"iIkCkCnURZ2SqMNeKvV4mDx7PiGh1QOz/zyDnc+jIyc+gkbhoGDF2UdYAORvcbKitd7C6nCFv2qBt4oHUb2Rjw==\";}'),('fbc4fd9318d98c71dd6bb2307b559991118fedc3','::1',1441262004,'__ci_last_regenerate|i:1441261711;auth_user|a:1:{s:5:\"token\";s:88:\"Uv0RqnBzv8gBTnQUsL1slwLAwmYUNaJ3zJMIXeELnaACaR8i0nVKCUcQD+jwoANtJ8kmwHAiy5O9jBGe71YFyA==\";}'),('fbcaf8e3b87c989a5b72ca08c2a99293278827d6','::1',1439542214,'__ci_last_regenerate|i:1439542004;auth_user|a:1:{s:5:\"token\";s:88:\"mb+kIj3sXtVyitvjHQiYkwqn7jqTg0sR3VPp6OCMsYlO5utQlXTAtEZO0oikRLQLuk2rgEH1eB3u6j6XLpjDXw==\";}success|s:28:\"A category has been created.\";__ci_vars|a:1:{s:7:\"success\";s:3:\"new\";}'),('fc0634d0afe5b110494c9a154f5a6e65ae387808','::1',1441786804,'__ci_last_regenerate|i:1441786803;auth_user|a:1:{s:5:\"token\";s:88:\"hw/SiLGuZzXNZ9JYowttltw5daaybzQeLMLHMiEH9QhpnVbv6ps11FX9lgaC4c03QkShIrto+nZDMeC8nusA0Q==\";}'),('fc60385bd147c6570a51a7e5578f160a9768a2e0','::1',1440554941,'__ci_last_regenerate|i:1440554899;'),('fd82f709c1ab9b5894575dbd86962c7422828f70','::1',1441099868,'__ci_last_regenerate|i:1441099868;auth_user|a:1:{s:5:\"token\";s:88:\"++wSnx2RS5OCqttI0mn+wZjL0Bbtr3s/uIz8y7CT+0TWJ51cyKZimvqLKbhH55jch8PFuxCTwfWeKLxrGaFKMA==\";}'),('fe9b66487fac78db4b1b56c4b15aedc6d380e2c0','::1',1441780635,'__ci_last_regenerate|i:1441780052;'),('fea09cdcf1d57a80fd961ba30cce5dbf55efff42','::1',1440650744,'__ci_last_regenerate|i:1440650487;'),('feceaa9d2f856365ff63629faa3acf8f36947b09','::1',1440751978,'__ci_last_regenerate|i:1440751978;auth_user|a:1:{s:5:\"token\";s:88:\"OGle/j2OPv27qomfGbE7qqBfLvUpU1E3XMJdwrKiut062SI+B85qubkS3dhOuqkjbhb3Uukb95L9U8iSP4tkUA==\";}'),('ff3ede1cec957ea4b9bc172ec2e0c74759acbce9','::1',1439522104,'__ci_last_regenerate|i:1439521943;auth_user|a:1:{s:5:\"token\";s:88:\"lmqPsudzFOEGK5+s3wenWDhCijps+bGOouZcINJ6cb0enadxINRESIetePVCUoec39f3BLheAGqULxbOUOJ4Eg==\";}'),('ff4bdd580a34b30fbf31b0fcfc8579b150bf4d5c','::1',1440666928,'__ci_last_regenerate|i:1440666701;'),('ff9886003566d6a794a18aaa796223ecf7288b1a','::1',1439368099,'__ci_last_regenerate|i:1439367925;auth_user|a:1:{s:5:\"token\";s:88:\"6o7DN/pWCSXa0FKwc2saG4xmvb+A3abRd4oQJGbe5IG1EEhOVZJZZ/Pr5sEV23YeA71z7YocezRHumXPCOds0g==\";}'),('ffe81655adcd11c9fddd2d246b8361935331c473','127.0.0.1',1441218194,'__ci_last_regenerate|i:1441217943;auth_user|a:1:{s:5:\"token\";s:88:\"NNKHqHf4oUijbmwbR3m79HTVQJ/X4yePOE0F2R0kt+yNazVoh2eLEtxkGq5dSvFIMvEnFqkHFpODWOTTH6AgQw==\";}');

/*Table structure for table `ivo_settings` */

DROP TABLE IF EXISTS `ivo_settings`;

CREATE TABLE `ivo_settings` (
  `id` int(11) NOT NULL AUTO_INCREMENT,
  `label` varchar(255) DEFAULT NULL,
  `key` varchar(255) DEFAULT NULL,
  `value` text,
  PRIMARY KEY (`id`)
) ENGINE=InnoDB AUTO_INCREMENT=52 DEFAULT CHARSET=latin1;

/*Data for the table `ivo_settings` */

insert  into `ivo_settings`(`id`,`label`,`key`,`value`) values (1,'Site Name','site_name','Ivodent'),(2,'Tagline','site_tagline','Ivodent Dental Supplies - Bali Dental Clinic - Dental Lab and Treatment In Bali - Bali Dentist'),(3,'Date Format','date_format','j F Y'),(4,'Time Format','time_format','g:i a'),(5,'Currency','currency','USD'),(6,'Currency Position','currency_position','left_space'),(7,'Thousand Separator','thousand_separator',','),(8,'Decimal Separator','decimal_separator','.'),(9,'Number of Decimals','number_decimal','0'),(10,'Image Thumnail Size','image_thumbnail','150x150'),(11,'Thumnail Crop','image_thumbnail_crop','1'),(12,'Image Medium Size','image_medium','300x300'),(13,'Image Medium Crop','image_medium_crop','0'),(14,'Image Large Size','image_large','600x600'),(15,'Image Large Crop','image_large_crop','0'),(34,'Image 1 ( 1140px x 420px )','slide_image1','6'),(35,'Title 1','slide_title1','Cool Slide 1'),(36,'Description 1','slide_description1','Description of slide 1'),(37,'Image 2 ( 1140px x 420px )','slide_image2','7'),(38,'Title 2','slide_title2','Awesome Slide 2'),(39,'Description 2','slide_description2','Description slide 2'),(40,'Image 3 ( 1140px x 420px )','slide_image3','8'),(41,'Title 3','slide_title3','Wonderful Slide 3'),(42,'Description 3','slide_description3','Description of slide 3'),(43,'Image 4 ( 1140px x 420px )','slide_image4',''),(44,'Title 4','slide_title4',''),(45,'Description 4','slide_description4',''),(46,'Image 5 ( 1140px x 420px )','slide_image5',''),(47,'Title 5','slide_title5',''),(48,'Description 5','slide_description5',''),(49,'Image 6 ( 1140px x 420px )','slide_image6',''),(50,'Title 6','slide_title6',''),(51,'Description 6','slide_description6','');

/*Table structure for table `ivo_user_addresses` */

DROP TABLE IF EXISTS `ivo_user_addresses`;

CREATE TABLE `ivo_user_addresses` (
  `id` int(11) NOT NULL AUTO_INCREMENT,
  `user_id` int(11) DEFAULT NULL,
  `name` varchar(255) DEFAULT NULL,
  `company` varchar(255) DEFAULT NULL,
  `address` varchar(255) DEFAULT NULL,
  `city` varchar(255) DEFAULT NULL,
  `post_code` varchar(255) DEFAULT NULL,
  `province` varchar(255) DEFAULT NULL,
  `country` varchar(255) DEFAULT 'Indonesia',
  `email` varchar(255) DEFAULT NULL,
  `phone` varchar(255) DEFAULT NULL,
  `default` int(1) DEFAULT NULL,
  PRIMARY KEY (`id`)
) ENGINE=InnoDB DEFAULT CHARSET=latin1;

/*Data for the table `ivo_user_addresses` */

/*Table structure for table `ivo_users` */

DROP TABLE IF EXISTS `ivo_users`;

CREATE TABLE `ivo_users` (
  `id` int(11) NOT NULL AUTO_INCREMENT,
  `username` varchar(255) DEFAULT NULL,
  `email` varchar(255) DEFAULT NULL,
  `role` varchar(255) NOT NULL DEFAULT 'member',
  `password` text,
  `token` text,
  `timestamp` timestamp NOT NULL DEFAULT CURRENT_TIMESTAMP ON UPDATE CURRENT_TIMESTAMP,
  PRIMARY KEY (`id`)
) ENGINE=InnoDB AUTO_INCREMENT=3 DEFAULT CHARSET=latin1;

/*Data for the table `ivo_users` */

insert  into `ivo_users`(`id`,`username`,`email`,`role`,`password`,`token`,`timestamp`) values (1,'tirta','tirta@balibagus.com','admin','nWvPTa+4ltq2tJdSPe/rGKnHkaX3fJFP7OLLByGPw7YXOnjNtVZvNQbNHhNsXahGagw4ke65lCVpJVMAn/TIVA==','qeiqWsoBgBi5y1lzYrayrosA5CGPyF0ElcVYJ5Vpu1PYiJU+IdjxcCuoUOBcDNi61YRIu8aNiUZCGJ2HQeXOvQ==','2015-09-11 10:16:37'),(2,'gun','gun@balibagus.com','admin','/6JrI7TSoXXwStQ6Hfv8OIOk90X74rAaLu7jCJK491bfv0EC4ZT+PVcRjNliqW4XdnQSJRaYD7say8oX+T23+A==',NULL,'2015-08-28 14:47:13');

/*Table structure for table `ivo_varians` */

DROP TABLE IF EXISTS `ivo_varians`;

CREATE TABLE `ivo_varians` (
  `id` int(10) unsigned NOT NULL AUTO_INCREMENT,
  `product_id` int(11) DEFAULT NULL,
  `varian1_key` varchar(255) DEFAULT NULL,
  `varian1_value` varchar(255) DEFAULT NULL,
  `varian2_key` varchar(255) DEFAULT NULL,
  `varian2_value` varchar(255) DEFAULT NULL,
  `varian3_key` varchar(255) DEFAULT NULL,
  `varian3_value` varchar(255) DEFAULT NULL,
  `sku` varchar(255) DEFAULT NULL,
  `barcode` varchar(255) DEFAULT NULL,
  `quantity` int(11) DEFAULT NULL,
  `price` double DEFAULT NULL,
  `sale_price` double DEFAULT NULL,
  `picture` text,
  PRIMARY KEY (`id`)
) ENGINE=InnoDB AUTO_INCREMENT=138 DEFAULT CHARSET=latin1;

/*Data for the table `ivo_varians` */

insert  into `ivo_varians`(`id`,`product_id`,`varian1_key`,`varian1_value`,`varian2_key`,`varian2_value`,`varian3_key`,`varian3_value`,`sku`,`barcode`,`quantity`,`price`,`sale_price`,`picture`) values (3,1,'Diameter','3.3mmD','Length','8mmL','','','943308','',0,150,0,NULL),(4,3,'Diameter','3.7mmD','Length','8mmL','','','803708','',0,150,0,NULL),(5,1,'Diameter','3.3mmD','Length','10mmL','','','943310','',0,150,0,NULL),(6,1,'Diameter','3.3mmD','Length','12mmL','','','943312','',0,150,150,NULL),(7,1,'Diameter','3.3mmD','Length','14mmL','','','943314','',0,150,0,NULL),(8,1,'Diameter','3.3mmD','Length','16mmL','','','943316','',0,150,0,NULL),(9,1,'Diameter','4.1mmD','Length','6mmL','','','944106','',0,150,0,NULL),(10,1,'Diameter','4.1mmD','Length','8mmL','','','944108','',0,150,0,NULL),(11,1,'Diameter','4.1mmD','Length','10mmL','','','944110','',0,150,0,NULL),(12,1,'Diameter','4.1mmD','Length','12mmL','','','944112 ','',0,150,0,NULL),(13,1,'Diameter','4.1mmD','Length','14mmL','','','944114','',0,150,0,NULL),(14,1,'Diameter','4.1mmD','Length','16mmL','','','944116','',0,150,0,NULL),(15,1,'Diameter','4.8mmD','Length','6mmL','','','944806','',0,150,0,NULL),(16,1,'Diameter','4.8mmD','Length','8mmL','','','944808','',0,150,0,NULL),(17,1,'Diameter','4.8mmD','Length','10mmL','','','944810','',0,150,0,NULL),(18,1,'Diameter','4.8mmD','Length','12mmL','','','944812','',0,150,0,NULL),(19,1,'Diameter','4.8mmD','Length','14mmL','','','944814','',0,150,0,NULL),(20,3,'Diameter','3.7mmD','Length','10mmL','','','803710','',0,150,0,NULL),(21,3,'Diameter','3.7mmD','Length','11.5mmL','','','803711','',0,150,0,NULL),(22,4,'Platform','3.0mmD','','','','','6530-01','',0,20,0,NULL),(23,4,'Platform','3.0mmD','','','','','6530-01S','',0,20,0,NULL),(24,4,'Platform','3.4mmD','','','','','6534-01','',0,20,0,NULL),(25,4,'Platform','3.4mmD','','','','','6534-01S','',0,20,0,NULL),(26,3,'Diameter','3.7mmD','Length','13mmL','','','803713','',0,150,0,NULL),(27,3,'Diameter','3.7mmD','Length','16mmL','','','803716','',0,150,0,NULL),(28,5,'Diameter','3.3mmD','Length','8mmL','Platform','3.7mmD','923308','',0,150,0,NULL),(29,5,'Diameter','3.3mmD','Length','10mmL','Platform','3.7mmD','923310','',0,150,0,NULL),(30,5,'Diameter','3.3mmD','Length','12mmL','Platform','3.7mmD','923312','',0,150,0,NULL),(31,5,'Diameter','3.3mmD','Length','14mmL','Platform','3.7mmD','923314','',0,150,0,NULL),(32,5,'Diameter','3.3mmD','Length','16mmL','Platform','3.7mmD','923316','',0,150,0,NULL),(33,5,'Diameter','4.1mmD','Length','6mmL','Platform','4.8mmD','924106','',0,150,0,NULL),(34,3,'Diameter','4.2mmD','Length','8mmL','','','804208','',0,150,0,NULL),(35,5,'Diameter','4.1mmD','Length','8mmL','Platform','4.8mmD','924108','',0,150,0,NULL),(36,5,'Diameter','4.1mmD','Length','10mmL','Platform','4.8mmD','924110','',0,150,0,NULL),(37,5,'Diameter','4.1mmD','Length','12mmL','Platform','4.8mmD','924112','',0,150,0,NULL),(38,5,'Diameter','4.1mmD','Length','14mmL','Platform','4.8mmD','924114','',0,150,0,NULL),(39,5,'Diameter','4.1mmD','Length','16mmL','Platform','4.8mmD','924116','',0,150,0,NULL),(40,5,'Diameter','4.8mmD','Length','6mmL','Platform','4.8mmD','924806','',0,150,0,NULL),(41,5,'Diameter','4.8mmD','Length','8mmL','Platform','4.8mmD','924808','',0,150,0,NULL),(42,5,'Diameter','4.8mmD','Length','10mmL','Platform','4.8mmD','924810','',0,150,0,NULL),(43,5,'Diameter','4.8mmD','Length','12mmL','Platform','4.8mmD','924812','',0,150,0,NULL),(44,5,'Diameter','4.8mmD','Length','14mmL','Platform','4.8mmD','924814','',0,150,0,NULL),(45,5,'Diameter','4.8mmD','Length','6mmL','Platform','6.5mmD','924806W','',0,150,0,NULL),(46,5,'Diameter','4.8mmD','Length','8mmL','Platform','6.5mmD','924808W','',0,150,0,NULL),(47,5,'Diameter','4.8mmD','Length','10mmL','Platform','6.5mmD','924810W','',0,150,0,NULL),(48,5,'Diameter','4.8mmD','Length','12mmL','Platform','6.5mmD','924812W','',0,150,0,NULL),(49,5,'Diameter','4.8mmD','Length','14mmL','Platform','6.5mmD','924814W','',0,150,0,NULL),(50,5,'Diameter','5.7mmD','Length','6mmL','Platform','6.5mmD','925706','',0,150,0,NULL),(51,5,'Diameter','5.7mmD','Length','8mmL','Platform','6.5mmD','925708','',0,150,0,NULL),(52,5,'Diameter','5.7mmD','Length','10mmL','Platform','6.5mmD','925710','',0,150,0,NULL),(53,5,'Diameter','5.7mmD','Length','12mmL','Platform','6.5mmD','925712','',0,150,0,NULL),(54,5,'Diameter','5.7mmD','Length','14mmL','Platform','6.5mmD','925714','',0,150,0,NULL),(55,3,'Diameter','4.2mmD','Length','10mmL','','','804210','',0,150,0,NULL),(56,3,'Diameter','4.2mmD','Length','11.5mmL','','','804211','',0,150,0,NULL),(57,3,'Diameter','4.2mmD','Length','13mmL','','','804213','',0,150,0,NULL),(58,3,'Diameter','4.2mmD','Length','16mmL','','','804216','',0,150,0,NULL),(59,6,'Diameter','3.3mmD','Length','8mmL','Platform','3.7mmD','933308','',0,150,0,NULL),(60,6,'Diameter','3.3mmD','Length','10mmL','Platform','3.7mmD','933310','',0,150,0,NULL),(61,6,'Diameter','3.3mmD','Length','12mmL','Platform','3.7mmD','933312','',0,150,0,NULL),(62,6,'Diameter','3.3mmD','Length','14mmL','Platform','3.7mmD','933314','',0,150,0,NULL),(63,6,'Diameter','4.1mmD','Length','6mmL','Platform','4.8mmD','934106','',0,150,0,NULL),(64,6,'Diameter','4.1mmD','Length','8mmL','Platform','4.8mmD','934108','',0,150,0,NULL),(65,6,'Diameter','4.1mmD','Length','10mmL','Platform','4.8mmD','934110','',0,150,0,NULL),(66,6,'Diameter','4.1mmD','Length','12mmL','Platform','4.8mmD','934112','',0,150,0,NULL),(67,6,'Diameter','4.1mmD','Length','14mmL','Platform','4.8mmD','934114','',0,150,0,NULL),(68,6,'Diameter','4.8mmD','Length','6mmL','Platform','4.8mmD','934806','',0,150,0,NULL),(69,6,'Diameter','4.8mmD','Length','8mmL','Platform','4.8mmD','934808','',0,150,0,NULL),(70,6,'Diameter','4.8mmD','Length','10mmL','Platform','4.8mmD','934810','',0,150,0,NULL),(71,6,'Diameter','4.8mmD','Length','12mmL','Platform','4.8mmD','934812','',0,150,0,NULL),(72,6,'Diameter','4.8mmD','Length','14mmL','Platform','4.8mmD','934814','',0,150,0,NULL),(73,6,'Diameter','4.8mmD','Length','6mmL','Platform','6.5mmD','934806W','',0,150,0,NULL),(74,6,'Diameter','4.8mmD','Length','8mmL','Platform','6.5mmD','934808W','',0,150,0,NULL),(75,6,'Diameter','4.8mmD','Length','10mmL','Platform','6.5mmD','934810W','',0,150,0,NULL),(76,6,'Diameter','4.8mmD','Length','12mmL','Platform','6.5mmD','934812W','',0,150,0,NULL),(77,6,'Diameter','5.7mmD','Length','8mmL','Platform','6.5mmD','935708','',0,150,0,NULL),(78,6,'Diameter','5.7mmD','Length','10mmL','Platform','6.5mmD','935710','',0,150,0,NULL),(79,6,'Diameter','5.7mmD','Length','12mmL','Platform','6.5mmD','935712','',0,150,0,NULL),(80,7,'Width','3.8mmD','Length','2mmL','Platform','3.0mmD','6530-12N','',0,35,0,NULL),(81,7,'Width','3.8mmD','Length','3mmL','Platform','3.0mmD','6530-13N','',0,35,0,NULL),(82,7,'Width','3.8mmD','Length','5mmL','Platform','3.0mmD','6530-15N','',0,35,0,NULL),(83,7,'Width','5.0mmD','Length','2mmL','Platform','3.4mmD','6534-12N','',0,35,0,NULL),(84,7,'Width','5.0mmD','Length','3mmL','Platform','3.4mmD','6534-13N','',0,35,0,NULL),(85,7,'Width','5.0mmD','Length','5mmL','Platform','3.4mmD','6534-15N','',0,35,0,NULL),(86,8,'Width','5.0mmD','Length','2mmL','Platform','3.0mmD','6530-12','',0,35,0,NULL),(87,8,'Width','5.0mmD','Length','3mmL','Platform','3.0mmD','6530-13','',0,35,0,NULL),(88,8,'Width','5.0mmD','Length','5mmL','Platform','3.0mmD','6530-15','',0,35,0,NULL),(89,8,'Width','5.8mmD','Length','2mmL','Platform','3.4mmD','6534-12','',0,35,0,NULL),(90,8,'Width','5.8mmD','Length','3mmL','Platform','3.4mmD','6534-13','',0,35,0,NULL),(91,8,'Width','5.8mmD','Length','5mmL','Platform','3.4mmD','6534-15','',0,35,0,NULL),(92,9,'Width','6.6mmD','Length','2mmL','Platform','3.4mmD','6534-12W','',0,35,0,NULL),(93,9,'Width','6.6mmD','Length','3mmL','Platform','3.4mmD','6534-13W','',0,35,0,NULL),(94,9,'Width','6.6mmD','Length','5mmL','Platform','3.4mmD','6534-15W','',0,35,0,NULL),(95,10,'Platform','3.0mmD','Replacement Screw - 2ea','1000-37','','','6530-08N','',0,40,0,NULL),(96,10,'Platform','3.0mmD','Replacement Screw - 2ea','1000-37','','','6530-08','',0,40,0,NULL),(97,10,'Platform','3.4mmD','Replacement Screw - 2ea','1000-35','','','6534-08N','',0,40,0,NULL),(98,10,'Platform','3.4mmD','Replacement Screw - 2ea','1000-35','','','6534-08','',0,40,0,NULL),(99,10,'Platform','3.4mmD','Replacement Screw - 2ea','1000-35','','','6534-08W','',0,40,0,NULL),(100,11,'Platform','3.0mmD','Replacement Screw - 2ea','1000-36','','','6530-05N','',0,40,0,NULL),(101,11,'Platform','3.0mmD','Replacement Screw - 2ea','1000-36','','','6530-05','',0,40,0,NULL),(102,11,'Platform','3.4mmD','Replacement Screw - 2ea','1000-33','','','6534-05N','',0,40,0,NULL),(103,11,'Platform','3.4mmD','Replacement Screw - 2ea','1000-33','','','6534-05','',0,40,0,NULL),(104,11,'Platform','3.4mmD','Replacement Screw - 2ea','1000-33','','','6534-05W','',0,40,0,NULL),(105,12,'Platform','3.0mmD','','','','','6530-06','',0,20,0,NULL),(106,12,'Platform','3.4mmD','','','','','6534-06','',0,20,0,NULL),(107,13,'Platform','3.0mmD','Abutment Width','3.7mmD','Collar Heights','1mm','6530-21N','',0,125,0,NULL),(108,13,'Platform','3.0mmD','Abutment Width','3.7mmD','Collar Heights','2mm','6530-22N','',0,125,0,NULL),(109,13,'Platform','3.0mmD','Abutment Width','3.7mmD','Collar Heights','3mm','6530-23N','',0,125,0,NULL),(110,13,'Platform','3.0mmD','Abutment Width','4.7mmD','Collar Heights','1mm','6530-21','',0,125,0,NULL),(111,13,'Platform','3.0mmD','Abutment Width','4.7mmD','Collar Heights','2mm','6530-22','',0,125,0,NULL),(112,13,'Platform','3.0mmD','Abutment Width','4.7mmD','Collar Heights','3mm','6530-23','',0,125,0,NULL),(113,13,'Platform','3.4mmD','Abutment Width','4.7mmD','Collar Heights','1mm','6534-21N','',0,125,0,NULL),(114,13,'Platform','3.4mmD','Abutment Width','4.7mmD','Collar Heights','2mm','6534-22N','',0,125,0,NULL),(115,13,'Platform','3.4mmD','Abutment Width','4.7mmD','Collar Heights','3mm','6534-23N','',0,125,0,NULL),(116,13,'Platform','3.4mmD','Abutment Width','5.7mmD','Collar Heights','1mm','6534-21','',0,125,0,NULL),(117,13,'Platform','3.4mmD','Abutment Width','5.7mmD','Collar Heights','2mm','6534-22','',0,125,0,NULL),(118,13,'Platform','3.4mmD','Abutment Width','5.7mmD','Collar Heights','3mm','6534-23','',0,125,0,NULL),(119,13,'Platform','3.4mmD','Abutment Width','6.5mmD','Collar Heights','1mm','6534-21W','',0,125,0,NULL),(120,13,'Platform','3.4mmD','Abutment Width','6.5mmD','Collar Heights','2mm','6534-22W','',0,125,0,NULL),(121,13,'Platform','3.4mmD','Abutment Width','6.5mmD','Collar Heights','3mm','6534-23W','',0,125,0,NULL),(122,14,'Abutment Width','3.7mmD','','','','','3037-02','',0,30,0,NULL),(123,14,'Abutment Width','4.7mmD','','','','','3047-02','',0,30,0,NULL),(124,14,'Abutment Width','5.7mmD','','','','','3057-02','',0,30,0,NULL),(125,14,'Abutment Width','6.5mmD','','','','','3065-02','',0,30,0,NULL),(126,15,'Abutment Width','3.7mmD','','','','','3037-26','',0,35,0,NULL),(127,15,'Abutment Width','4.7mmD','','','','','3047-26','',0,35,0,NULL),(128,15,'Abutment Width','5.7mmD','','','','','3057-26','',0,35,0,NULL),(129,15,'Abutment Width','6.5mmD','','','','','3065-26','',0,35,0,NULL),(130,16,'Abutment Width','3.7mmD','','','','','3037','',0,35,0,NULL),(131,16,'Abutment Width','4.7mmD','','','','','3047','',0,35,0,NULL),(132,16,'Abutment Width','5.7mmD','','','','','3057','',0,35,0,NULL),(133,16,'Abutment Width','6.5mmD','','','','','3065','',0,35,0,NULL),(134,17,'Abutment Width','3.7mmD','','','','','3037-28','',0,30,0,NULL),(135,17,'Abutment Width','4.7mmD','','','','','3047-28','',0,30,0,NULL),(136,17,'Abutment Width','5.7mmD','','','','','3057-28','',0,30,0,NULL),(137,17,'Abutment Width','6.5mmD','','','','','3065-28','',0,30,0,NULL);

/*!40101 SET SQL_MODE=@OLD_SQL_MODE */;
/*!40014 SET UNIQUE_CHECKS=@OLD_UNIQUE_CHECKS */;
/*!40111 SET SQL_NOTES=@OLD_SQL_NOTES */;
