/*
SQLyog Ultimate v8.32 
MySQL - 5.6.14 : Database - ivodent
*********************************************************************
*/

/*!40101 SET NAMES utf8 */;

/*!40101 SET SQL_MODE=''*/;

/*!40014 SET @OLD_UNIQUE_CHECKS=@@UNIQUE_CHECKS, UNIQUE_CHECKS=0 */;
/*!40101 SET @OLD_SQL_MODE=@@SQL_MODE, SQL_MODE='NO_AUTO_VALUE_ON_ZERO' */;
/*!40111 SET @OLD_SQL_NOTES=@@SQL_NOTES, SQL_NOTES=0 */;
/*Table structure for table `ivo_categories` */

DROP TABLE IF EXISTS `ivo_categories`;

CREATE TABLE `ivo_categories` (
  `id` int(11) NOT NULL AUTO_INCREMENT,
  `parent_id` int(11) DEFAULT '0',
  `code` varchar(255) DEFAULT NULL,
  `name` varchar(255) DEFAULT NULL,
  `description` text,
  `featured_image` int(11) DEFAULT NULL,
  `slug` varchar(255) DEFAULT NULL,
  `seo_title` varchar(255) DEFAULT NULL,
  `seo_description` varchar(255) DEFAULT NULL,
  `seo_keyword` varchar(255) DEFAULT NULL,
  `created_at` time DEFAULT NULL,
  `updated_at` time DEFAULT NULL,
  PRIMARY KEY (`id`)
) ENGINE=InnoDB AUTO_INCREMENT=15 DEFAULT CHARSET=latin1;

/*Data for the table `ivo_categories` */

insert  into `ivo_categories`(`id`,`parent_id`,`code`,`name`,`description`,`featured_image`,`slug`,`seo_title`,`seo_description`,`seo_keyword`,`created_at`,`updated_at`) values (1,0,'IMPLANS','Implants','',0,'implants','Implants by Sistem','Implants by Sistem','Implants by Sistem','08:13:48','08:34:06'),(2,3,'SwishActive','SwishActive','',1,'swishactive','SwishActive','SwishActive','SwishActive','08:16:33','08:17:31'),(3,1,'SwishSystem','Swish System','',1,'swish-system','Swish System','Swish System','Swish System','08:17:19','08:17:19'),(4,2,'SwishActive3.3/3.0','3.3mmD / 3.0mmD','',2,'33mmd-30mmd','SwishActive 3.3mmD / 3.0mmD','SwishActive 3.3mmD / 3.0mmD','SwishActive 3.3mmD / 3.0mmD','08:22:59','09:52:08'),(5,2,'SwishActive4.1/3.4','4.1mmD / 3.4mmD','',3,'41mmd-34mmd','SwishActive 4.1mmD / 3.4mmD','SwishActive 4.1mmD / 3.4mmD','SwishActive 4.1mmD / 3.4mmD','08:25:34','09:52:13'),(6,2,'SwishActive4.8/3.4','4.8mmD / 3.4mmD','',4,'swishactive-48mmd-34mmd','SwishActive 4.8mmD / 3.4mmD','SwishActive 4.8mmD / 3.4mmD','SwishActive 4.8mmD / 3.4mmD','08:31:50','09:52:11'),(7,0,'Featured','Featured','',0,'featured','','','','06:01:55','06:01:55'),(8,1,'InterActive','InterActive™ System','Conical Connection Implant & System',0,'interactive-system','','','','08:36:24','08:38:48'),(9,8,'InterActive','InterActive™','',6,'interactive','','','','08:38:11','08:49:33'),(10,8,'simplyInterActive','simplyInterActive™','',6,'simplyinteractive','','','','08:38:35','08:50:12'),(11,9,'InterActive32mmd','3.2mmD / 3.0mmD','',11,'32mmd-30mmd','','','','08:42:33','09:00:34'),(12,9,'InterActive37mmd','3.7mmD / 3.0 mmD','',14,'37mmd-30-mmd','','','','08:43:13','09:01:51'),(13,9,'InterActive43mmd','4.3mmD / 3.4mmD','',12,'43mmd-34mmd','','','','08:44:15','09:02:24'),(14,9,'InterActive5mmd','5.0mmD / 3.4mmD','',13,'50mmd-34mmd','','','','08:45:24','09:02:30');

/*Table structure for table `ivo_files` */

DROP TABLE IF EXISTS `ivo_files`;

CREATE TABLE `ivo_files` (
  `id` int(11) NOT NULL AUTO_INCREMENT,
  `filename` varchar(255) DEFAULT NULL,
  `type` varchar(255) DEFAULT NULL,
  `size` varchar(255) DEFAULT NULL,
  `metadata` text,
  `created_at` datetime DEFAULT NULL,
  PRIMARY KEY (`id`)
) ENGINE=InnoDB AUTO_INCREMENT=22 DEFAULT CHARSET=latin1;

/*Data for the table `ivo_files` */

insert  into `ivo_files`(`id`,`filename`,`type`,`size`,`metadata`,`created_at`) values (1,'slide_magento-Swish-Launch.png','image/png','480.54','{\"file_name\":\"slide_magento-Swish-Launch.png\",\"file_type\":\"image\\/png\",\"file_path\":\"D:\\/xampp\\/htdocs\\/ivodent\\/assets\\/uploads\\/images\\/\",\"full_path\":\"D:\\/xampp\\/htdocs\\/ivodent\\/assets\\/uploads\\/images\\/slide_magento-Swish-Launch.png\",\"raw_name\":\"slide_magento-Swish-Launch\",\"orig_name\":\"slide_magento-Swish-Launch.png\",\"client_name\":\"slide_magento-Swish-Launch.png\",\"file_ext\":\".png\",\"file_size\":480.54,\"is_image\":true,\"image_width\":1080,\"image_height\":465,\"image_type\":\"png\",\"image_size_str\":\"width=\\\"1080\\\" height=\\\"465\\\"\"}','2015-09-11 08:15:59'),(2,'943312_3.0mmd-body_3.3mmd-platform_1_1_1_1.png','image/png','559.73','{\"file_name\":\"943312_3.0mmd-body_3.3mmd-platform_1_1_1_1.png\",\"file_type\":\"image\\/png\",\"file_path\":\"D:\\/xampp\\/htdocs\\/ivodent\\/assets\\/uploads\\/images\\/\",\"full_path\":\"D:\\/xampp\\/htdocs\\/ivodent\\/assets\\/uploads\\/images\\/943312_3.0mmd-body_3.3mmd-platform_1_1_1_1.png\",\"raw_name\":\"943312_3.0mmd-body_3.3mmd-platform_1_1_1_1\",\"orig_name\":\"943312_3.0mmd-body_3.3mmd-platform_1_1_1_1.png\",\"client_name\":\"943312_3.0mmd-body_3.3mmd-platform_1_1_1_1.png\",\"file_ext\":\".png\",\"file_size\":559.73,\"is_image\":true,\"image_width\":650,\"image_height\":650,\"image_type\":\"png\",\"image_size_str\":\"width=\\\"650\\\" height=\\\"650\\\"\"}','2015-09-11 08:22:35'),(3,'944112_4.1mmd-body_3.4mmd-platform_1_1_2_1.png','image/png','561.22','{\"file_name\":\"944112_4.1mmd-body_3.4mmd-platform_1_1_2_1.png\",\"file_type\":\"image\\/png\",\"file_path\":\"D:\\/xampp\\/htdocs\\/ivodent\\/assets\\/uploads\\/images\\/\",\"full_path\":\"D:\\/xampp\\/htdocs\\/ivodent\\/assets\\/uploads\\/images\\/944112_4.1mmd-body_3.4mmd-platform_1_1_2_1.png\",\"raw_name\":\"944112_4.1mmd-body_3.4mmd-platform_1_1_2_1\",\"orig_name\":\"944112_4.1mmd-body_3.4mmd-platform_1_1_2_1.png\",\"client_name\":\"944112_4.1mmd-body_3.4mmd-platform_1_1_2_1.png\",\"file_ext\":\".png\",\"file_size\":561.22,\"is_image\":true,\"image_width\":650,\"image_height\":650,\"image_type\":\"png\",\"image_size_str\":\"width=\\\"650\\\" height=\\\"650\\\"\"}','2015-09-11 08:25:19'),(4,'944812_4.8mmd-body_3.4mmd-platform_1_1_1_1.png','image/png','551.39','{\"file_name\":\"944812_4.8mmd-body_3.4mmd-platform_1_1_1_1.png\",\"file_type\":\"image\\/png\",\"file_path\":\"D:\\/xampp\\/htdocs\\/ivodent\\/assets\\/uploads\\/images\\/\",\"full_path\":\"D:\\/xampp\\/htdocs\\/ivodent\\/assets\\/uploads\\/images\\/944812_4.8mmd-body_3.4mmd-platform_1_1_1_1.png\",\"raw_name\":\"944812_4.8mmd-body_3.4mmd-platform_1_1_1_1\",\"orig_name\":\"944812_4.8mmd-body_3.4mmd-platform_1_1_1_1.png\",\"client_name\":\"944812_4.8mmd-body_3.4mmd-platform_1_1_1_1.png\",\"file_ext\":\".png\",\"file_size\":551.39,\"is_image\":true,\"image_width\":650,\"image_height\":650,\"image_type\":\"png\",\"image_size_str\":\"width=\\\"650\\\" height=\\\"650\\\"\"}','2015-09-11 08:31:29'),(5,'943308_b.png','image/png','306.83','{\"file_name\":\"943308_b.png\",\"file_type\":\"image\\/png\",\"file_path\":\"D:\\/xampp\\/htdocs\\/ivodent\\/assets\\/uploads\\/images\\/\",\"full_path\":\"D:\\/xampp\\/htdocs\\/ivodent\\/assets\\/uploads\\/images\\/943308_b.png\",\"raw_name\":\"943308_b\",\"orig_name\":\"943308_b.png\",\"client_name\":\"943308_b.png\",\"file_ext\":\".png\",\"file_size\":306.83,\"is_image\":true,\"image_width\":650,\"image_height\":650,\"image_type\":\"png\",\"image_size_str\":\"width=\\\"650\\\" height=\\\"650\\\"\"}','2015-09-16 05:40:17'),(6,'Implants.jpeg','image/jpeg','28.3','{\"file_name\":\"Implants.jpeg\",\"file_type\":\"image\\/jpeg\",\"file_path\":\"D:\\/xampp\\/htdocs\\/ivodent\\/assets\\/uploads\\/images\\/\",\"full_path\":\"D:\\/xampp\\/htdocs\\/ivodent\\/assets\\/uploads\\/images\\/Implants.jpeg\",\"raw_name\":\"Implants\",\"orig_name\":\"Implants.jpeg\",\"client_name\":\"Implants.jpeg\",\"file_ext\":\".jpeg\",\"file_size\":28.3,\"is_image\":true,\"image_width\":299,\"image_height\":296,\"image_type\":\"jpeg\",\"image_size_str\":\"width=\\\"299\\\" height=\\\"296\\\"\"}','2015-10-15 08:49:23'),(11,'3.0mmd_interactive_angledplatformview.png','image/png','85.34','{\"file_name\":\"3.0mmd_interactive_angledplatformview.png\",\"file_type\":\"image\\/png\",\"file_path\":\"D:\\/xampp\\/htdocs\\/ivodent\\/assets\\/uploads\\/images\\/\",\"full_path\":\"D:\\/xampp\\/htdocs\\/ivodent\\/assets\\/uploads\\/images\\/3.0mmd_interactive_angledplatformview.png\",\"raw_name\":\"3.0mmd_interactive_angledplatformview\",\"orig_name\":\"3.0mmd_interactive_angledplatformview.png\",\"client_name\":\"3.0mmd_interactive_angledplatformview.png\",\"file_ext\":\".png\",\"file_size\":85.34,\"is_image\":true,\"image_width\":306,\"image_height\":322,\"image_type\":\"png\",\"image_size_str\":\"width=\\\"306\\\" height=\\\"322\\\"\"}','2015-10-15 09:00:23'),(12,'6543mmd_angledplatformcrop.png','image/png','91.88','{\"file_name\":\"6543mmd_angledplatformcrop.png\",\"file_type\":\"image\\/png\",\"file_path\":\"D:\\/xampp\\/htdocs\\/ivodent\\/assets\\/uploads\\/images\\/\",\"full_path\":\"D:\\/xampp\\/htdocs\\/ivodent\\/assets\\/uploads\\/images\\/6543mmd_angledplatformcrop.png\",\"raw_name\":\"6543mmd_angledplatformcrop\",\"orig_name\":\"6543mmd_angledplatformcrop.png\",\"client_name\":\"6543mmd_angledplatformcrop.png\",\"file_ext\":\".png\",\"file_size\":91.88,\"is_image\":true,\"image_width\":306,\"image_height\":322,\"image_type\":\"png\",\"image_size_str\":\"width=\\\"306\\\" height=\\\"322\\\"\"}','2015-10-15 09:00:59'),(13,'6550mmd_interactive_angledplatformview.png','image/png','102.31','{\"file_name\":\"6550mmd_interactive_angledplatformview.png\",\"file_type\":\"image\\/png\",\"file_path\":\"D:\\/xampp\\/htdocs\\/ivodent\\/assets\\/uploads\\/images\\/\",\"full_path\":\"D:\\/xampp\\/htdocs\\/ivodent\\/assets\\/uploads\\/images\\/6550mmd_interactive_angledplatformview.png\",\"raw_name\":\"6550mmd_interactive_angledplatformview\",\"orig_name\":\"6550mmd_interactive_angledplatformview.png\",\"client_name\":\"6550mmd_interactive_angledplatformview.png\",\"file_ext\":\".png\",\"file_size\":102.31,\"is_image\":true,\"image_width\":306,\"image_height\":322,\"image_type\":\"png\",\"image_size_str\":\"width=\\\"306\\\" height=\\\"322\\\"\"}','2015-10-15 09:01:00'),(14,'653713_angledplatformview_1.png','image/png','90.34','{\"file_name\":\"653713_angledplatformview_1.png\",\"file_type\":\"image\\/png\",\"file_path\":\"D:\\/xampp\\/htdocs\\/ivodent\\/assets\\/uploads\\/images\\/\",\"full_path\":\"D:\\/xampp\\/htdocs\\/ivodent\\/assets\\/uploads\\/images\\/653713_angledplatformview_1.png\",\"raw_name\":\"653713_angledplatformview_1\",\"orig_name\":\"653713_angledplatformview_1.png\",\"client_name\":\"653713_angledplatformview_1.png\",\"file_ext\":\".png\",\"file_size\":90.34,\"is_image\":true,\"image_width\":306,\"image_height\":322,\"image_type\":\"png\",\"image_size_str\":\"width=\\\"306\\\" height=\\\"322\\\"\"}','2015-10-15 09:01:00'),(15,'653208_ts.png','image/png','72.99','{\"file_name\":\"653208_ts.png\",\"file_type\":\"image\\/png\",\"file_path\":\"D:\\/xampp\\/htdocs\\/ivodent\\/assets\\/uploads\\/images\\/\",\"full_path\":\"D:\\/xampp\\/htdocs\\/ivodent\\/assets\\/uploads\\/images\\/653208_ts.png\",\"raw_name\":\"653208_ts\",\"orig_name\":\"653208_ts.png\",\"client_name\":\"653208_ts.png\",\"file_ext\":\".png\",\"file_size\":72.99,\"is_image\":true,\"image_width\":650,\"image_height\":650,\"image_type\":\"png\",\"image_size_str\":\"width=\\\"650\\\" height=\\\"650\\\"\"}','2015-10-15 09:10:28'),(16,'653713_angledplatformview_11.png','image/png','90.34','{\"file_name\":\"653713_angledplatformview_11.png\",\"file_type\":\"image\\/png\",\"file_path\":\"D:\\/xampp\\/htdocs\\/ivodent\\/assets\\/uploads\\/images\\/\",\"full_path\":\"D:\\/xampp\\/htdocs\\/ivodent\\/assets\\/uploads\\/images\\/653713_angledplatformview_11.png\",\"raw_name\":\"653713_angledplatformview_11\",\"orig_name\":\"653713_angledplatformview_1.png\",\"client_name\":\"653713_angledplatformview_1.png\",\"file_ext\":\".png\",\"file_size\":90.34,\"is_image\":true,\"image_width\":306,\"image_height\":322,\"image_type\":\"png\",\"image_size_str\":\"width=\\\"306\\\" height=\\\"322\\\"\"}','2015-10-15 09:13:33'),(17,'653210_b.png','image/png','245.58','{\"file_name\":\"653210_b.png\",\"file_type\":\"image\\/png\",\"file_path\":\"D:\\/xampp\\/htdocs\\/ivodent\\/assets\\/uploads\\/images\\/\",\"full_path\":\"D:\\/xampp\\/htdocs\\/ivodent\\/assets\\/uploads\\/images\\/653210_b.png\",\"raw_name\":\"653210_b\",\"orig_name\":\"653210_b.png\",\"client_name\":\"653210_b.png\",\"file_ext\":\".png\",\"file_size\":245.58,\"is_image\":true,\"image_width\":650,\"image_height\":650,\"image_type\":\"png\",\"image_size_str\":\"width=\\\"650\\\" height=\\\"650\\\"\"}','2015-10-15 09:13:33'),(18,'653211_b.png','image/png','223.46','{\"file_name\":\"653211_b.png\",\"file_type\":\"image\\/png\",\"file_path\":\"D:\\/xampp\\/htdocs\\/ivodent\\/assets\\/uploads\\/images\\/\",\"full_path\":\"D:\\/xampp\\/htdocs\\/ivodent\\/assets\\/uploads\\/images\\/653211_b.png\",\"raw_name\":\"653211_b\",\"orig_name\":\"653211_b.png\",\"client_name\":\"653211_b.png\",\"file_ext\":\".png\",\"file_size\":223.46,\"is_image\":true,\"image_width\":650,\"image_height\":650,\"image_type\":\"png\",\"image_size_str\":\"width=\\\"650\\\" height=\\\"650\\\"\"}','2015-10-15 09:20:56'),(19,'3.0mmd_interactive_angledplatformview_2.png','image/png','345.95','{\"file_name\":\"3.0mmd_interactive_angledplatformview_2.png\",\"file_type\":\"image\\/png\",\"file_path\":\"D:\\/xampp\\/htdocs\\/ivodent\\/assets\\/uploads\\/images\\/\",\"full_path\":\"D:\\/xampp\\/htdocs\\/ivodent\\/assets\\/uploads\\/images\\/3.0mmd_interactive_angledplatformview_2.png\",\"raw_name\":\"3.0mmd_interactive_angledplatformview_2\",\"orig_name\":\"3.0mmd_interactive_angledplatformview_2.png\",\"client_name\":\"3.0mmd_interactive_angledplatformview_2.png\",\"file_ext\":\".png\",\"file_size\":345.95,\"is_image\":true,\"image_width\":650,\"image_height\":650,\"image_type\":\"png\",\"image_size_str\":\"width=\\\"650\\\" height=\\\"650\\\"\"}','2015-10-15 09:21:35'),(20,'653213_b.png','image/png','202.6','{\"file_name\":\"653213_b.png\",\"file_type\":\"image\\/png\",\"file_path\":\"D:\\/xampp\\/htdocs\\/ivodent\\/assets\\/uploads\\/images\\/\",\"full_path\":\"D:\\/xampp\\/htdocs\\/ivodent\\/assets\\/uploads\\/images\\/653213_b.png\",\"raw_name\":\"653213_b\",\"orig_name\":\"653213_b.png\",\"client_name\":\"653213_b.png\",\"file_ext\":\".png\",\"file_size\":202.6,\"is_image\":true,\"image_width\":650,\"image_height\":650,\"image_type\":\"png\",\"image_size_str\":\"width=\\\"650\\\" height=\\\"650\\\"\"}','2015-10-15 09:25:34'),(21,'653706_b.png','image/png','369.92','{\"file_name\":\"653706_b.png\",\"file_type\":\"image\\/png\",\"file_path\":\"D:\\/xampp\\/htdocs\\/ivodent\\/assets\\/uploads\\/images\\/\",\"full_path\":\"D:\\/xampp\\/htdocs\\/ivodent\\/assets\\/uploads\\/images\\/653706_b.png\",\"raw_name\":\"653706_b\",\"orig_name\":\"653706_b.png\",\"client_name\":\"653706_b.png\",\"file_ext\":\".png\",\"file_size\":369.92,\"is_image\":true,\"image_width\":650,\"image_height\":650,\"image_type\":\"png\",\"image_size_str\":\"width=\\\"650\\\" height=\\\"650\\\"\"}','2015-10-15 09:36:58');

/*Table structure for table `ivo_order_details` */

DROP TABLE IF EXISTS `ivo_order_details`;

CREATE TABLE `ivo_order_details` (
  `id` int(11) NOT NULL AUTO_INCREMENT,
  `order_id` int(11) DEFAULT NULL,
  `price` double DEFAULT NULL,
  `sale_price` double DEFAULT NULL,
  `qty` int(11) DEFAULT NULL,
  `subtotal` double DEFAULT NULL,
  `product_raw_data` text,
  PRIMARY KEY (`id`)
) ENGINE=InnoDB AUTO_INCREMENT=16 DEFAULT CHARSET=latin1;

/*Data for the table `ivo_order_details` */

insert  into `ivo_order_details`(`id`,`order_id`,`price`,`sale_price`,`qty`,`subtotal`,`product_raw_data`) values (1,0,1500000,NULL,2,3000000,'{\"id\":\"1\",\"sku\":\"943308\",\"barcode\":\"943308\",\"name\":\"SwishActive Implant 3.3mmD x 8mmL SBM: 3.0mmD Platform\",\"sequence\":\"0\",\"category_id\":null,\"description\":\"<p>Product Code : 943308<br \\/>Surface : SBM Blasted<br \\/>Body Diameter : 3.3mmD<br \\/>Platform\\/Component Diameter : 3.0mmD<br \\/>Length : 8.0mmL<br \\/>Product Label \\/ Platform<\\/p>\",\"excerpt\":\"<p>SwishActive Implant 3.3mmD x 8mmL SBM: 3.0mmD Platform<\\/p>\",\"price\":\"585\",\"sale_price\":\"150\",\"note\":\"\\\"Competitor\'s Price\\\": Bone Level Impant -$435, Closure screw- $40, Healing Abutment- $60, Transfer- $50.\",\"status\":\"1\",\"slug\":\"swishactive-implant-33mmd-x-8mml-sbm-30mmd-platform\",\"inventory_tracking\":\"1\",\"quantity\":\"10\",\"seo_title\":\"SwishActive Implant 3.3mmD x 8mmL SBM: 3.0mmD Platform\",\"seo_description\":\"SwishActive Implant 3.3mmD x 8mmL SBM: 3.0mmD Platform\",\"seo_keyword\":\"SwishActive Implant 3.3mmD x 8mmL SBM: 3.0mmD Platform\",\"created_at\":\"08:38:54\",\"updated_at\":\"06:06:12\",\"images\":[{\"thumbnail\":\"http:\\/\\/localhost\\/ivodent\\/assets\\/uploads\\/images\\/thumbnail\\/943312_3.0mmd-body_3.3mmd-platform_1_1_1_1.png\",\"medium\":\"http:\\/\\/localhost\\/ivodent\\/assets\\/uploads\\/images\\/medium\\/943312_3.0mmd-body_3.3mmd-platform_1_1_1_1.png\",\"large\":\"http:\\/\\/localhost\\/ivodent\\/assets\\/uploads\\/images\\/large\\/943312_3.0mmd-body_3.3mmd-platform_1_1_1_1.png\",\"original\":\"http:\\/\\/localhost\\/ivodent\\/assets\\/uploads\\/images\\/943312_3.0mmd-body_3.3mmd-platform_1_1_1_1.png\"},{\"thumbnail\":\"http:\\/\\/localhost\\/ivodent\\/assets\\/uploads\\/images\\/thumbnail\\/943308_b.png\",\"medium\":\"http:\\/\\/localhost\\/ivodent\\/assets\\/uploads\\/images\\/medium\\/943308_b.png\",\"large\":\"http:\\/\\/localhost\\/ivodent\\/assets\\/uploads\\/images\\/large\\/943308_b.png\",\"original\":\"http:\\/\\/localhost\\/ivodent\\/assets\\/uploads\\/images\\/943308_b.png\"}]}'),(2,2,1500000,NULL,2,3000000,'{\"id\":\"1\",\"sku\":\"943308\",\"barcode\":\"943308\",\"name\":\"SwishActive Implant 3.3mmD x 8mmL SBM: 3.0mmD Platform\",\"sequence\":\"0\",\"category_id\":null,\"description\":\"<p>Product Code : 943308<br \\/>Surface : SBM Blasted<br \\/>Body Diameter : 3.3mmD<br \\/>Platform\\/Component Diameter : 3.0mmD<br \\/>Length : 8.0mmL<br \\/>Product Label \\/ Platform<\\/p>\",\"excerpt\":\"<p>SwishActive Implant 3.3mmD x 8mmL SBM: 3.0mmD Platform<\\/p>\",\"price\":\"585\",\"sale_price\":\"150\",\"note\":\"\\\"Competitor\'s Price\\\": Bone Level Impant -$435, Closure screw- $40, Healing Abutment- $60, Transfer- $50.\",\"status\":\"1\",\"slug\":\"swishactive-implant-33mmd-x-8mml-sbm-30mmd-platform\",\"inventory_tracking\":\"1\",\"quantity\":\"10\",\"seo_title\":\"SwishActive Implant 3.3mmD x 8mmL SBM: 3.0mmD Platform\",\"seo_description\":\"SwishActive Implant 3.3mmD x 8mmL SBM: 3.0mmD Platform\",\"seo_keyword\":\"SwishActive Implant 3.3mmD x 8mmL SBM: 3.0mmD Platform\",\"created_at\":\"08:38:54\",\"updated_at\":\"06:06:12\",\"images\":[{\"thumbnail\":\"http:\\/\\/localhost\\/ivodent\\/assets\\/uploads\\/images\\/thumbnail\\/943312_3.0mmd-body_3.3mmd-platform_1_1_1_1.png\",\"medium\":\"http:\\/\\/localhost\\/ivodent\\/assets\\/uploads\\/images\\/medium\\/943312_3.0mmd-body_3.3mmd-platform_1_1_1_1.png\",\"large\":\"http:\\/\\/localhost\\/ivodent\\/assets\\/uploads\\/images\\/large\\/943312_3.0mmd-body_3.3mmd-platform_1_1_1_1.png\",\"original\":\"http:\\/\\/localhost\\/ivodent\\/assets\\/uploads\\/images\\/943312_3.0mmd-body_3.3mmd-platform_1_1_1_1.png\"},{\"thumbnail\":\"http:\\/\\/localhost\\/ivodent\\/assets\\/uploads\\/images\\/thumbnail\\/943308_b.png\",\"medium\":\"http:\\/\\/localhost\\/ivodent\\/assets\\/uploads\\/images\\/medium\\/943308_b.png\",\"large\":\"http:\\/\\/localhost\\/ivodent\\/assets\\/uploads\\/images\\/large\\/943308_b.png\",\"original\":\"http:\\/\\/localhost\\/ivodent\\/assets\\/uploads\\/images\\/943308_b.png\"}]}'),(3,3,1500000,NULL,2,3000000,'{\"id\":\"1\",\"sku\":\"943308\",\"barcode\":\"943308\",\"name\":\"SwishActive Implant 3.3mmD x 8mmL SBM: 3.0mmD Platform\",\"sequence\":\"0\",\"category_id\":null,\"description\":\"<p>Product Code : 943308<br \\/>Surface : SBM Blasted<br \\/>Body Diameter : 3.3mmD<br \\/>Platform\\/Component Diameter : 3.0mmD<br \\/>Length : 8.0mmL<br \\/>Product Label \\/ Platform<\\/p>\",\"excerpt\":\"<p>SwishActive Implant 3.3mmD x 8mmL SBM: 3.0mmD Platform<\\/p>\",\"price\":\"585\",\"sale_price\":\"150\",\"note\":\"\\\"Competitor\'s Price\\\": Bone Level Impant -$435, Closure screw- $40, Healing Abutment- $60, Transfer- $50.\",\"status\":\"1\",\"slug\":\"swishactive-implant-33mmd-x-8mml-sbm-30mmd-platform\",\"inventory_tracking\":\"1\",\"quantity\":\"10\",\"seo_title\":\"SwishActive Implant 3.3mmD x 8mmL SBM: 3.0mmD Platform\",\"seo_description\":\"SwishActive Implant 3.3mmD x 8mmL SBM: 3.0mmD Platform\",\"seo_keyword\":\"SwishActive Implant 3.3mmD x 8mmL SBM: 3.0mmD Platform\",\"created_at\":\"08:38:54\",\"updated_at\":\"06:06:12\",\"images\":[{\"thumbnail\":\"http:\\/\\/localhost\\/ivodent\\/assets\\/uploads\\/images\\/thumbnail\\/943312_3.0mmd-body_3.3mmd-platform_1_1_1_1.png\",\"medium\":\"http:\\/\\/localhost\\/ivodent\\/assets\\/uploads\\/images\\/medium\\/943312_3.0mmd-body_3.3mmd-platform_1_1_1_1.png\",\"large\":\"http:\\/\\/localhost\\/ivodent\\/assets\\/uploads\\/images\\/large\\/943312_3.0mmd-body_3.3mmd-platform_1_1_1_1.png\",\"original\":\"http:\\/\\/localhost\\/ivodent\\/assets\\/uploads\\/images\\/943312_3.0mmd-body_3.3mmd-platform_1_1_1_1.png\"},{\"thumbnail\":\"http:\\/\\/localhost\\/ivodent\\/assets\\/uploads\\/images\\/thumbnail\\/943308_b.png\",\"medium\":\"http:\\/\\/localhost\\/ivodent\\/assets\\/uploads\\/images\\/medium\\/943308_b.png\",\"large\":\"http:\\/\\/localhost\\/ivodent\\/assets\\/uploads\\/images\\/large\\/943308_b.png\",\"original\":\"http:\\/\\/localhost\\/ivodent\\/assets\\/uploads\\/images\\/943308_b.png\"}]}'),(4,4,2250000,NULL,1,2250000,'{\"id\":\"2\",\"sku\":\"653208\",\"barcode\":\"\",\"name\":\"InterActive Implant 3.2mmD x 8mmL SBM: 3.0mmD Platform\",\"sequence\":\"0\",\"category_id\":null,\"description\":\"<p>Product Code : 653208<br \\/>Surface : SBM Blasted<br \\/>Body Diameter : 3.2mmD<br \\/>Platform\\/Component Diameter : 3.0mmD<br \\/>Length : 8.0mmL<\\/p>\",\"excerpt\":\"<p>NobelActive&trade; Compatible Conical Connection with Simply Smarter Surgical &amp; Restorative Design<\\/p>\",\"price\":\"225\",\"sale_price\":\"225\",\"weight\":null,\"note\":\"\",\"status\":\"1\",\"slug\":\"interactive-implant-32mmd-x-8mml-sbm-30mmd-platform\",\"inventory_tracking\":\"1\",\"quantity\":\"10\",\"seo_title\":\"\",\"seo_description\":\"\",\"seo_keyword\":\"\",\"created_at\":\"09:07:16\",\"updated_at\":\"09:22:38\",\"images\":[{\"thumbnail\":\"http:\\/\\/ivodent.balisale.com\\/assets\\/uploads\\/images\\/thumbnail\\/653208_ts.png\",\"medium\":\"http:\\/\\/ivodent.balisale.com\\/assets\\/uploads\\/images\\/medium\\/653208_ts.png\",\"large\":\"http:\\/\\/ivodent.balisale.com\\/assets\\/uploads\\/images\\/large\\/653208_ts.png\",\"original\":\"http:\\/\\/ivodent.balisale.com\\/assets\\/uploads\\/images\\/653208_ts.png\"},{\"thumbnail\":\"http:\\/\\/ivodent.balisale.com\\/assets\\/uploads\\/images\\/thumbnail\\/3.0mmd_interactive_angledplatformview_2.png\",\"medium\":\"http:\\/\\/ivodent.balisale.com\\/assets\\/uploads\\/images\\/medium\\/3.0mmd_interactive_angledplatformview_2.png\",\"large\":\"http:\\/\\/ivodent.balisale.com\\/assets\\/uploads\\/images\\/large\\/3.0mmd_interactive_angledplatformview_2.png\",\"original\":\"http:\\/\\/ivodent.balisale.com\\/assets\\/uploads\\/images\\/3.0mmd_interactive_angledplatformview_2.png\"}]}'),(5,5,2250000,NULL,1,2250000,'{\"id\":\"2\",\"sku\":\"653208\",\"barcode\":\"\",\"name\":\"InterActive Implant 3.2mmD x 8mmL SBM: 3.0mmD Platform\",\"sequence\":\"0\",\"category_id\":null,\"description\":\"<p>Product Code : 653208<br \\/>Surface : SBM Blasted<br \\/>Body Diameter : 3.2mmD<br \\/>Platform\\/Component Diameter : 3.0mmD<br \\/>Length : 8.0mmL<\\/p>\",\"excerpt\":\"<p>NobelActive&trade; Compatible Conical Connection with Simply Smarter Surgical &amp; Restorative Design<\\/p>\",\"price\":\"225\",\"sale_price\":\"225\",\"weight\":null,\"note\":\"\",\"status\":\"1\",\"slug\":\"interactive-implant-32mmd-x-8mml-sbm-30mmd-platform\",\"inventory_tracking\":\"1\",\"quantity\":\"10\",\"seo_title\":\"\",\"seo_description\":\"\",\"seo_keyword\":\"\",\"created_at\":\"09:07:16\",\"updated_at\":\"09:22:38\",\"images\":[{\"thumbnail\":\"http:\\/\\/ivodent.balisale.com\\/assets\\/uploads\\/images\\/thumbnail\\/653208_ts.png\",\"medium\":\"http:\\/\\/ivodent.balisale.com\\/assets\\/uploads\\/images\\/medium\\/653208_ts.png\",\"large\":\"http:\\/\\/ivodent.balisale.com\\/assets\\/uploads\\/images\\/large\\/653208_ts.png\",\"original\":\"http:\\/\\/ivodent.balisale.com\\/assets\\/uploads\\/images\\/653208_ts.png\"},{\"thumbnail\":\"http:\\/\\/ivodent.balisale.com\\/assets\\/uploads\\/images\\/thumbnail\\/3.0mmd_interactive_angledplatformview_2.png\",\"medium\":\"http:\\/\\/ivodent.balisale.com\\/assets\\/uploads\\/images\\/medium\\/3.0mmd_interactive_angledplatformview_2.png\",\"large\":\"http:\\/\\/ivodent.balisale.com\\/assets\\/uploads\\/images\\/large\\/3.0mmd_interactive_angledplatformview_2.png\",\"original\":\"http:\\/\\/ivodent.balisale.com\\/assets\\/uploads\\/images\\/3.0mmd_interactive_angledplatformview_2.png\"}]}'),(6,6,2250000,NULL,1,2250000,'{\"id\":\"2\",\"sku\":\"653208\",\"barcode\":\"\",\"name\":\"InterActive Implant 3.2mmD x 8mmL SBM: 3.0mmD Platform\",\"sequence\":\"0\",\"category_id\":null,\"description\":\"<p>Product Code : 653208<br \\/>Surface : SBM Blasted<br \\/>Body Diameter : 3.2mmD<br \\/>Platform\\/Component Diameter : 3.0mmD<br \\/>Length : 8.0mmL<\\/p>\",\"excerpt\":\"<p>NobelActive&trade; Compatible Conical Connection with Simply Smarter Surgical &amp; Restorative Design<\\/p>\",\"price\":\"225\",\"sale_price\":\"225\",\"weight\":null,\"note\":\"\",\"status\":\"1\",\"slug\":\"interactive-implant-32mmd-x-8mml-sbm-30mmd-platform\",\"inventory_tracking\":\"1\",\"quantity\":\"10\",\"seo_title\":\"\",\"seo_description\":\"\",\"seo_keyword\":\"\",\"created_at\":\"09:07:16\",\"updated_at\":\"09:22:38\",\"images\":[{\"thumbnail\":\"http:\\/\\/ivodent.balisale.com\\/assets\\/uploads\\/images\\/thumbnail\\/653208_ts.png\",\"medium\":\"http:\\/\\/ivodent.balisale.com\\/assets\\/uploads\\/images\\/medium\\/653208_ts.png\",\"large\":\"http:\\/\\/ivodent.balisale.com\\/assets\\/uploads\\/images\\/large\\/653208_ts.png\",\"original\":\"http:\\/\\/ivodent.balisale.com\\/assets\\/uploads\\/images\\/653208_ts.png\"},{\"thumbnail\":\"http:\\/\\/ivodent.balisale.com\\/assets\\/uploads\\/images\\/thumbnail\\/3.0mmd_interactive_angledplatformview_2.png\",\"medium\":\"http:\\/\\/ivodent.balisale.com\\/assets\\/uploads\\/images\\/medium\\/3.0mmd_interactive_angledplatformview_2.png\",\"large\":\"http:\\/\\/ivodent.balisale.com\\/assets\\/uploads\\/images\\/large\\/3.0mmd_interactive_angledplatformview_2.png\",\"original\":\"http:\\/\\/ivodent.balisale.com\\/assets\\/uploads\\/images\\/3.0mmd_interactive_angledplatformview_2.png\"}]}'),(7,7,2250000,NULL,2,4500000,'{\"id\":\"2\",\"sku\":\"653208\",\"barcode\":\"\",\"name\":\"InterActive Implant 3.2mmD x 8mmL SBM: 3.0mmD Platform\",\"sequence\":\"0\",\"category_id\":null,\"description\":\"<p>Product Code : 653208<br \\/>Surface : SBM Blasted<br \\/>Body Diameter : 3.2mmD<br \\/>Platform\\/Component Diameter : 3.0mmD<br \\/>Length : 8.0mmL<\\/p>\",\"excerpt\":\"<p>NobelActive&trade; Compatible Conical Connection with Simply Smarter Surgical &amp; Restorative Design<\\/p>\",\"price\":\"225\",\"sale_price\":\"225\",\"weight\":null,\"note\":\"\",\"status\":\"1\",\"slug\":\"interactive-implant-32mmd-x-8mml-sbm-30mmd-platform\",\"inventory_tracking\":\"1\",\"quantity\":\"10\",\"seo_title\":\"\",\"seo_description\":\"\",\"seo_keyword\":\"\",\"created_at\":\"09:07:16\",\"updated_at\":\"09:22:38\",\"images\":[{\"thumbnail\":\"http:\\/\\/ivodent.balisale.com\\/assets\\/uploads\\/images\\/thumbnail\\/653208_ts.png\",\"medium\":\"http:\\/\\/ivodent.balisale.com\\/assets\\/uploads\\/images\\/medium\\/653208_ts.png\",\"large\":\"http:\\/\\/ivodent.balisale.com\\/assets\\/uploads\\/images\\/large\\/653208_ts.png\",\"original\":\"http:\\/\\/ivodent.balisale.com\\/assets\\/uploads\\/images\\/653208_ts.png\"},{\"thumbnail\":\"http:\\/\\/ivodent.balisale.com\\/assets\\/uploads\\/images\\/thumbnail\\/3.0mmd_interactive_angledplatformview_2.png\",\"medium\":\"http:\\/\\/ivodent.balisale.com\\/assets\\/uploads\\/images\\/medium\\/3.0mmd_interactive_angledplatformview_2.png\",\"large\":\"http:\\/\\/ivodent.balisale.com\\/assets\\/uploads\\/images\\/large\\/3.0mmd_interactive_angledplatformview_2.png\",\"original\":\"http:\\/\\/ivodent.balisale.com\\/assets\\/uploads\\/images\\/3.0mmd_interactive_angledplatformview_2.png\"}]}'),(8,8,1500000,NULL,1,1500000,'{\"id\":\"1\",\"sku\":\"943308\",\"barcode\":\"943308\",\"name\":\"SwishActive Implant 3.3mmD x 8mmL SBM: 3.0mmD Platform\",\"sequence\":\"0\",\"category_id\":null,\"description\":\"<p>Product Code : 943308<br \\/>Surface : SBM Blasted<br \\/>Body Diameter : 3.3mmD<br \\/>Platform\\/Component Diameter : 3.0mmD<br \\/>Length : 8.0mmL<br \\/>Product Label \\/ Platform<\\/p>\",\"excerpt\":\"<p>SwishActive Implant 3.3mmD x 8mmL SBM: 3.0mmD Platform<\\/p>\",\"price\":\"585\",\"sale_price\":\"150\",\"weight\":null,\"note\":\"\\\"Competitor\'s Price\\\": Bone Level Impant -$435, Closure screw- $40, Healing Abutment- $60, Transfer- $50.\",\"status\":\"1\",\"slug\":\"swishactive-implant-33mmd-x-8mml-sbm-30mmd-platform\",\"inventory_tracking\":\"1\",\"quantity\":\"10\",\"seo_title\":\"SwishActive Implant 3.3mmD x 8mmL SBM: 3.0mmD Platform\",\"seo_description\":\"SwishActive Implant 3.3mmD x 8mmL SBM: 3.0mmD Platform\",\"seo_keyword\":\"SwishActive Implant 3.3mmD x 8mmL SBM: 3.0mmD Platform\",\"created_at\":\"08:38:54\",\"updated_at\":\"04:00:35\",\"images\":[{\"thumbnail\":\"http:\\/\\/ivodent.balisale.com\\/assets\\/uploads\\/images\\/thumbnail\\/943312_3.0mmd-body_3.3mmd-platform_1_1_1_1.png\",\"medium\":\"http:\\/\\/ivodent.balisale.com\\/assets\\/uploads\\/images\\/medium\\/943312_3.0mmd-body_3.3mmd-platform_1_1_1_1.png\",\"large\":\"http:\\/\\/ivodent.balisale.com\\/assets\\/uploads\\/images\\/large\\/943312_3.0mmd-body_3.3mmd-platform_1_1_1_1.png\",\"original\":\"http:\\/\\/ivodent.balisale.com\\/assets\\/uploads\\/images\\/943312_3.0mmd-body_3.3mmd-platform_1_1_1_1.png\"},{\"thumbnail\":\"http:\\/\\/ivodent.balisale.com\\/assets\\/uploads\\/images\\/thumbnail\\/943308_b.png\",\"medium\":\"http:\\/\\/ivodent.balisale.com\\/assets\\/uploads\\/images\\/medium\\/943308_b.png\",\"large\":\"http:\\/\\/ivodent.balisale.com\\/assets\\/uploads\\/images\\/large\\/943308_b.png\",\"original\":\"http:\\/\\/ivodent.balisale.com\\/assets\\/uploads\\/images\\/943308_b.png\"}]}'),(9,8,2250000,NULL,1,2250000,'{\"id\":\"3\",\"sku\":\"653210\",\"barcode\":\"\",\"name\":\"InterActive Implant 3.2mmD x 10mmL SBM: 3.0mmD Platform\",\"sequence\":\"0\",\"category_id\":null,\"description\":\"<p>Product Code : 653210<br \\/>Surface : SBM Blasted<br \\/>Body Diameter : 3.2mmD<br \\/>Platform\\/Component Diameter : 3.0mmD<br \\/>Length : 10.0mmL<\\/p>\",\"excerpt\":\"\",\"price\":\"225\",\"sale_price\":\"225\",\"weight\":null,\"note\":\"\",\"status\":\"1\",\"slug\":\"interactive-implant-32mmd-x-10mml-sbm-30mmd-platform\",\"inventory_tracking\":\"1\",\"quantity\":\"10\",\"seo_title\":\"\",\"seo_description\":\"\",\"seo_keyword\":\"\",\"created_at\":\"09:14:25\",\"updated_at\":\"09:21:59\",\"images\":[{\"thumbnail\":\"http:\\/\\/ivodent.balisale.com\\/assets\\/uploads\\/images\\/thumbnail\\/653210_b.png\",\"medium\":\"http:\\/\\/ivodent.balisale.com\\/assets\\/uploads\\/images\\/medium\\/653210_b.png\",\"large\":\"http:\\/\\/ivodent.balisale.com\\/assets\\/uploads\\/images\\/large\\/653210_b.png\",\"original\":\"http:\\/\\/ivodent.balisale.com\\/assets\\/uploads\\/images\\/653210_b.png\"},{\"thumbnail\":\"http:\\/\\/ivodent.balisale.com\\/assets\\/uploads\\/images\\/thumbnail\\/3.0mmd_interactive_angledplatformview_2.png\",\"medium\":\"http:\\/\\/ivodent.balisale.com\\/assets\\/uploads\\/images\\/medium\\/3.0mmd_interactive_angledplatformview_2.png\",\"large\":\"http:\\/\\/ivodent.balisale.com\\/assets\\/uploads\\/images\\/large\\/3.0mmd_interactive_angledplatformview_2.png\",\"original\":\"http:\\/\\/ivodent.balisale.com\\/assets\\/uploads\\/images\\/3.0mmd_interactive_angledplatformview_2.png\"}]}'),(10,8,2250000,NULL,1,2250000,'{\"id\":\"6\",\"sku\":\"653706\",\"barcode\":\"\",\"name\":\"InterActive Implant 3.7mmD x 6mmL SBM: 3.0mmD Platform\",\"sequence\":\"0\",\"category_id\":null,\"description\":\"<p>Product Code : 653706<br \\/>Surface : SBM Blasted<br \\/>Body Diameter : 3.7mmD<br \\/>Platform\\/Component Diameter : 3.0mmD<br \\/>Length : 6.0mmL<\\/p>\",\"excerpt\":\"\",\"price\":\"225\",\"sale_price\":\"225\",\"weight\":null,\"note\":\"\",\"status\":\"1\",\"slug\":\"interactive-implant-37mmd-x-6mml-sbm-30mmd-platform\",\"inventory_tracking\":\"1\",\"quantity\":\"10\",\"seo_title\":\"\",\"seo_description\":\"\",\"seo_keyword\":\"\",\"created_at\":\"09:39:42\",\"updated_at\":\"09:39:42\",\"images\":[{\"thumbnail\":\"http:\\/\\/ivodent.balisale.com\\/assets\\/uploads\\/images\\/thumbnail\\/653706_b.png\",\"medium\":\"http:\\/\\/ivodent.balisale.com\\/assets\\/uploads\\/images\\/medium\\/653706_b.png\",\"large\":\"http:\\/\\/ivodent.balisale.com\\/assets\\/uploads\\/images\\/large\\/653706_b.png\",\"original\":\"http:\\/\\/ivodent.balisale.com\\/assets\\/uploads\\/images\\/653706_b.png\"},{\"thumbnail\":\"http:\\/\\/ivodent.balisale.com\\/assets\\/uploads\\/images\\/thumbnail\\/3.0mmd_interactive_angledplatformview_2.png\",\"medium\":\"http:\\/\\/ivodent.balisale.com\\/assets\\/uploads\\/images\\/medium\\/3.0mmd_interactive_angledplatformview_2.png\",\"large\":\"http:\\/\\/ivodent.balisale.com\\/assets\\/uploads\\/images\\/large\\/3.0mmd_interactive_angledplatformview_2.png\",\"original\":\"http:\\/\\/ivodent.balisale.com\\/assets\\/uploads\\/images\\/3.0mmd_interactive_angledplatformview_2.png\"}]}'),(11,9,1500000,NULL,1,1500000,'{\"id\":\"1\",\"sku\":\"943308\",\"barcode\":\"943308\",\"name\":\"SwishActive Implant 3.3mmD x 8mmL SBM: 3.0mmD Platform\",\"sequence\":\"0\",\"category_id\":null,\"description\":\"<p>Product Code : 943308<br \\/>Surface : SBM Blasted<br \\/>Body Diameter : 3.3mmD<br \\/>Platform\\/Component Diameter : 3.0mmD<br \\/>Length : 8.0mmL<br \\/>Product Label \\/ Platform<\\/p>\",\"excerpt\":\"<p>SwishActive Implant 3.3mmD x 8mmL SBM: 3.0mmD Platform<\\/p>\",\"price\":\"585\",\"sale_price\":\"150\",\"weight\":null,\"note\":\"\\\"Competitor\'s Price\\\": Bone Level Impant -$435, Closure screw- $40, Healing Abutment- $60, Transfer- $50.\",\"status\":\"1\",\"slug\":\"swishactive-implant-33mmd-x-8mml-sbm-30mmd-platform\",\"inventory_tracking\":\"1\",\"quantity\":\"10\",\"seo_title\":\"SwishActive Implant 3.3mmD x 8mmL SBM: 3.0mmD Platform\",\"seo_description\":\"SwishActive Implant 3.3mmD x 8mmL SBM: 3.0mmD Platform\",\"seo_keyword\":\"SwishActive Implant 3.3mmD x 8mmL SBM: 3.0mmD Platform\",\"created_at\":\"08:38:54\",\"updated_at\":\"04:00:35\",\"images\":[{\"thumbnail\":\"http:\\/\\/ivodent.balisale.com\\/assets\\/uploads\\/images\\/thumbnail\\/943312_3.0mmd-body_3.3mmd-platform_1_1_1_1.png\",\"medium\":\"http:\\/\\/ivodent.balisale.com\\/assets\\/uploads\\/images\\/medium\\/943312_3.0mmd-body_3.3mmd-platform_1_1_1_1.png\",\"large\":\"http:\\/\\/ivodent.balisale.com\\/assets\\/uploads\\/images\\/large\\/943312_3.0mmd-body_3.3mmd-platform_1_1_1_1.png\",\"original\":\"http:\\/\\/ivodent.balisale.com\\/assets\\/uploads\\/images\\/943312_3.0mmd-body_3.3mmd-platform_1_1_1_1.png\"},{\"thumbnail\":\"http:\\/\\/ivodent.balisale.com\\/assets\\/uploads\\/images\\/thumbnail\\/943308_b.png\",\"medium\":\"http:\\/\\/ivodent.balisale.com\\/assets\\/uploads\\/images\\/medium\\/943308_b.png\",\"large\":\"http:\\/\\/ivodent.balisale.com\\/assets\\/uploads\\/images\\/large\\/943308_b.png\",\"original\":\"http:\\/\\/ivodent.balisale.com\\/assets\\/uploads\\/images\\/943308_b.png\"}]}'),(12,9,2250000,NULL,1,2250000,'{\"id\":\"3\",\"sku\":\"653210\",\"barcode\":\"\",\"name\":\"InterActive Implant 3.2mmD x 10mmL SBM: 3.0mmD Platform\",\"sequence\":\"0\",\"category_id\":null,\"description\":\"<p>Product Code : 653210<br \\/>Surface : SBM Blasted<br \\/>Body Diameter : 3.2mmD<br \\/>Platform\\/Component Diameter : 3.0mmD<br \\/>Length : 10.0mmL<\\/p>\",\"excerpt\":\"\",\"price\":\"225\",\"sale_price\":\"225\",\"weight\":null,\"note\":\"\",\"status\":\"1\",\"slug\":\"interactive-implant-32mmd-x-10mml-sbm-30mmd-platform\",\"inventory_tracking\":\"1\",\"quantity\":\"10\",\"seo_title\":\"\",\"seo_description\":\"\",\"seo_keyword\":\"\",\"created_at\":\"09:14:25\",\"updated_at\":\"09:21:59\",\"images\":[{\"thumbnail\":\"http:\\/\\/ivodent.balisale.com\\/assets\\/uploads\\/images\\/thumbnail\\/653210_b.png\",\"medium\":\"http:\\/\\/ivodent.balisale.com\\/assets\\/uploads\\/images\\/medium\\/653210_b.png\",\"large\":\"http:\\/\\/ivodent.balisale.com\\/assets\\/uploads\\/images\\/large\\/653210_b.png\",\"original\":\"http:\\/\\/ivodent.balisale.com\\/assets\\/uploads\\/images\\/653210_b.png\"},{\"thumbnail\":\"http:\\/\\/ivodent.balisale.com\\/assets\\/uploads\\/images\\/thumbnail\\/3.0mmd_interactive_angledplatformview_2.png\",\"medium\":\"http:\\/\\/ivodent.balisale.com\\/assets\\/uploads\\/images\\/medium\\/3.0mmd_interactive_angledplatformview_2.png\",\"large\":\"http:\\/\\/ivodent.balisale.com\\/assets\\/uploads\\/images\\/large\\/3.0mmd_interactive_angledplatformview_2.png\",\"original\":\"http:\\/\\/ivodent.balisale.com\\/assets\\/uploads\\/images\\/3.0mmd_interactive_angledplatformview_2.png\"}]}'),(13,9,2250000,NULL,1,2250000,'{\"id\":\"6\",\"sku\":\"653706\",\"barcode\":\"\",\"name\":\"InterActive Implant 3.7mmD x 6mmL SBM: 3.0mmD Platform\",\"sequence\":\"0\",\"category_id\":null,\"description\":\"<p>Product Code : 653706<br \\/>Surface : SBM Blasted<br \\/>Body Diameter : 3.7mmD<br \\/>Platform\\/Component Diameter : 3.0mmD<br \\/>Length : 6.0mmL<\\/p>\",\"excerpt\":\"\",\"price\":\"225\",\"sale_price\":\"225\",\"weight\":null,\"note\":\"\",\"status\":\"1\",\"slug\":\"interactive-implant-37mmd-x-6mml-sbm-30mmd-platform\",\"inventory_tracking\":\"1\",\"quantity\":\"10\",\"seo_title\":\"\",\"seo_description\":\"\",\"seo_keyword\":\"\",\"created_at\":\"09:39:42\",\"updated_at\":\"09:39:42\",\"images\":[{\"thumbnail\":\"http:\\/\\/ivodent.balisale.com\\/assets\\/uploads\\/images\\/thumbnail\\/653706_b.png\",\"medium\":\"http:\\/\\/ivodent.balisale.com\\/assets\\/uploads\\/images\\/medium\\/653706_b.png\",\"large\":\"http:\\/\\/ivodent.balisale.com\\/assets\\/uploads\\/images\\/large\\/653706_b.png\",\"original\":\"http:\\/\\/ivodent.balisale.com\\/assets\\/uploads\\/images\\/653706_b.png\"},{\"thumbnail\":\"http:\\/\\/ivodent.balisale.com\\/assets\\/uploads\\/images\\/thumbnail\\/3.0mmd_interactive_angledplatformview_2.png\",\"medium\":\"http:\\/\\/ivodent.balisale.com\\/assets\\/uploads\\/images\\/medium\\/3.0mmd_interactive_angledplatformview_2.png\",\"large\":\"http:\\/\\/ivodent.balisale.com\\/assets\\/uploads\\/images\\/large\\/3.0mmd_interactive_angledplatformview_2.png\",\"original\":\"http:\\/\\/ivodent.balisale.com\\/assets\\/uploads\\/images\\/3.0mmd_interactive_angledplatformview_2.png\"}]}'),(14,9,2250000,NULL,1,2250000,'{\"id\":\"2\",\"sku\":\"653208\",\"barcode\":\"\",\"name\":\"InterActive Implant 3.2mmD x 8mmL SBM: 3.0mmD Platform\",\"sequence\":\"0\",\"category_id\":null,\"description\":\"<p>Product Code : 653208<br \\/>Surface : SBM Blasted<br \\/>Body Diameter : 3.2mmD<br \\/>Platform\\/Component Diameter : 3.0mmD<br \\/>Length : 8.0mmL<\\/p>\",\"excerpt\":\"<p>NobelActive&trade; Compatible Conical Connection with Simply Smarter Surgical &amp; Restorative Design<\\/p>\",\"price\":\"225\",\"sale_price\":\"225\",\"weight\":null,\"note\":\"\",\"status\":\"1\",\"slug\":\"interactive-implant-32mmd-x-8mml-sbm-30mmd-platform\",\"inventory_tracking\":\"1\",\"quantity\":\"10\",\"seo_title\":\"\",\"seo_description\":\"\",\"seo_keyword\":\"\",\"created_at\":\"09:07:16\",\"updated_at\":\"09:22:38\",\"images\":[{\"thumbnail\":\"http:\\/\\/ivodent.balisale.com\\/assets\\/uploads\\/images\\/thumbnail\\/653208_ts.png\",\"medium\":\"http:\\/\\/ivodent.balisale.com\\/assets\\/uploads\\/images\\/medium\\/653208_ts.png\",\"large\":\"http:\\/\\/ivodent.balisale.com\\/assets\\/uploads\\/images\\/large\\/653208_ts.png\",\"original\":\"http:\\/\\/ivodent.balisale.com\\/assets\\/uploads\\/images\\/653208_ts.png\"},{\"thumbnail\":\"http:\\/\\/ivodent.balisale.com\\/assets\\/uploads\\/images\\/thumbnail\\/3.0mmd_interactive_angledplatformview_2.png\",\"medium\":\"http:\\/\\/ivodent.balisale.com\\/assets\\/uploads\\/images\\/medium\\/3.0mmd_interactive_angledplatformview_2.png\",\"large\":\"http:\\/\\/ivodent.balisale.com\\/assets\\/uploads\\/images\\/large\\/3.0mmd_interactive_angledplatformview_2.png\",\"original\":\"http:\\/\\/ivodent.balisale.com\\/assets\\/uploads\\/images\\/3.0mmd_interactive_angledplatformview_2.png\"}]}'),(15,10,1500000,NULL,1,1500000,'{\"id\":\"1\",\"sku\":\"943308\",\"barcode\":\"943308\",\"name\":\"SwishActive Implant 3.3mmD x 8mmL SBM: 3.0mmD Platform\",\"sequence\":\"0\",\"category_id\":null,\"description\":\"<p>Product Code : 943308<br \\/>Surface : SBM Blasted<br \\/>Body Diameter : 3.3mmD<br \\/>Platform\\/Component Diameter : 3.0mmD<br \\/>Length : 8.0mmL<br \\/>Product Label \\/ Platform<\\/p>\",\"excerpt\":\"<p>SwishActive Implant 3.3mmD x 8mmL SBM: 3.0mmD Platform<\\/p>\",\"price\":\"585\",\"sale_price\":\"150\",\"weight\":null,\"note\":\"\\\"Competitor\'s Price\\\": Bone Level Impant -$435, Closure screw- $40, Healing Abutment- $60, Transfer- $50.\",\"status\":\"1\",\"slug\":\"swishactive-implant-33mmd-x-8mml-sbm-30mmd-platform\",\"inventory_tracking\":\"1\",\"quantity\":\"10\",\"seo_title\":\"SwishActive Implant 3.3mmD x 8mmL SBM: 3.0mmD Platform\",\"seo_description\":\"SwishActive Implant 3.3mmD x 8mmL SBM: 3.0mmD Platform\",\"seo_keyword\":\"SwishActive Implant 3.3mmD x 8mmL SBM: 3.0mmD Platform\",\"created_at\":\"08:38:54\",\"updated_at\":\"04:00:35\",\"images\":[{\"thumbnail\":\"http:\\/\\/ivodent.balisale.com\\/assets\\/uploads\\/images\\/thumbnail\\/943312_3.0mmd-body_3.3mmd-platform_1_1_1_1.png\",\"medium\":\"http:\\/\\/ivodent.balisale.com\\/assets\\/uploads\\/images\\/medium\\/943312_3.0mmd-body_3.3mmd-platform_1_1_1_1.png\",\"large\":\"http:\\/\\/ivodent.balisale.com\\/assets\\/uploads\\/images\\/large\\/943312_3.0mmd-body_3.3mmd-platform_1_1_1_1.png\",\"original\":\"http:\\/\\/ivodent.balisale.com\\/assets\\/uploads\\/images\\/943312_3.0mmd-body_3.3mmd-platform_1_1_1_1.png\"},{\"thumbnail\":\"http:\\/\\/ivodent.balisale.com\\/assets\\/uploads\\/images\\/thumbnail\\/943308_b.png\",\"medium\":\"http:\\/\\/ivodent.balisale.com\\/assets\\/uploads\\/images\\/medium\\/943308_b.png\",\"large\":\"http:\\/\\/ivodent.balisale.com\\/assets\\/uploads\\/images\\/large\\/943308_b.png\",\"original\":\"http:\\/\\/ivodent.balisale.com\\/assets\\/uploads\\/images\\/943308_b.png\"}]}');

/*Table structure for table `ivo_order_status` */

DROP TABLE IF EXISTS `ivo_order_status`;

CREATE TABLE `ivo_order_status` (
  `id` int(11) NOT NULL AUTO_INCREMENT,
  `name` varchar(255) DEFAULT NULL,
  `description` text,
  PRIMARY KEY (`id`)
) ENGINE=InnoDB AUTO_INCREMENT=8 DEFAULT CHARSET=latin1;

/*Data for the table `ivo_order_status` */

insert  into `ivo_order_status`(`id`,`name`,`description`) values (1,'On Process',NULL),(2,'Confirmed',NULL),(3,'Canceled',NULL),(4,'Shipped',NULL),(5,'Delivered',NULL),(6,'Awaiting Payment Confirmation',NULL),(7,'Payment Confirmed',NULL);

/*Table structure for table `ivo_orders` */

DROP TABLE IF EXISTS `ivo_orders`;

CREATE TABLE `ivo_orders` (
  `id` int(11) NOT NULL AUTO_INCREMENT,
  `code` varchar(255) DEFAULT NULL,
  `date` date DEFAULT NULL,
  `status_id` int(11) DEFAULT NULL,
  `user_id` int(11) DEFAULT NULL,
  `total` double DEFAULT NULL,
  `total_item` int(11) DEFAULT NULL,
  `shipping_cost` double DEFAULT NULL,
  `grandtotal` double DEFAULT NULL,
  `timestamp` timestamp NOT NULL DEFAULT CURRENT_TIMESTAMP ON UPDATE CURRENT_TIMESTAMP,
  `address` text,
  `shipping_info` text,
  `payment_type` varchar(255) DEFAULT NULL,
  PRIMARY KEY (`id`)
) ENGINE=InnoDB AUTO_INCREMENT=11 DEFAULT CHARSET=latin1;

/*Data for the table `ivo_orders` */

insert  into `ivo_orders`(`id`,`code`,`date`,`status_id`,`user_id`,`total`,`total_item`,`shipping_cost`,`grandtotal`,`timestamp`,`address`,`shipping_info`,`payment_type`) values (1,'IVODENT201509300001','2015-09-30',1,7,3000000,2,8500,3008500,'2015-09-30 14:16:48','{\"id\":\"2\",\"user_id\":\"7\",\"name\":\"Tirta Keniten\",\"company\":\"\",\"address\":\"Jalan Gunung Guntur Gang VII no 15B - Padangsambian\",\"city\":\"Denpasar\",\"post_code\":\"80117\",\"province\":\"Bali\",\"country\":\"Indonesia\",\"email\":\"keniten.tirta@gmail.com\",\"phone\":\"0819999913171\",\"default\":null,\"first_name\":\"Tirta\",\"last_name\":\"Keniten\"}','{\"city_id\":\"17\",\"province_id\":\"1\",\"province\":\"Bali\",\"type\":\"Kabupaten\",\"city_name\":\"Badung\",\"postal_code\":\"80361\"}',NULL),(2,'IVODENT201509300002','2015-09-30',6,7,3000000,2,8500,3008500,'2015-10-21 05:00:10','{\"id\":\"2\",\"user_id\":\"7\",\"name\":\"Tirta Keniten\",\"company\":\"\",\"address\":\"Jalan Gunung Guntur Gang VII no 15B - Padangsambian\",\"city\":\"Denpasar\",\"post_code\":\"80117\",\"province\":\"Bali\",\"country\":\"Indonesia\",\"email\":\"keniten.tirta@gmail.com\",\"phone\":\"0819999913171\",\"default\":null,\"first_name\":\"Tirta\",\"last_name\":\"Keniten\"}','{\"city_id\":\"17\",\"province_id\":\"1\",\"province\":\"Bali\",\"type\":\"Kabupaten\",\"city_name\":\"Badung\",\"postal_code\":\"80361\"}',NULL),(3,'IVODENT201509300003','2015-09-30',6,7,3000000,2,8500,3008500,'2015-10-21 05:20:20','{\"id\":\"2\",\"user_id\":\"7\",\"name\":\"Tirta Keniten\",\"company\":\"\",\"address\":\"Jalan Gunung Guntur Gang VII no 15B - Padangsambian\",\"city\":\"Denpasar\",\"post_code\":\"80117\",\"province\":\"Bali\",\"country\":\"Indonesia\",\"email\":\"keniten.tirta@gmail.com\",\"phone\":\"0819999913171\",\"default\":null,\"first_name\":\"Tirta\",\"last_name\":\"Keniten\"}','{\"city_id\":\"17\",\"province_id\":\"1\",\"province\":\"Bali\",\"type\":\"Kabupaten\",\"city_name\":\"Badung\",\"postal_code\":\"80361\"}',NULL),(4,'IVODENT201510150001','2015-10-15',1,2,2250000,1,6000,2256000,'2015-10-15 04:22:26','{\"id\":\"4\",\"user_id\":\"2\",\"name\":\"Wayan Gunada\",\"company\":\"Balibagus.com\",\"address\":\"Jl. Padang Udayana 7 Denpasar\",\"city\":\"Denpasar\",\"post_code\":\"80117\",\"province\":\"Bali\",\"country\":\"Indonesia\",\"email\":\"gun@balibagus.com\",\"phone\":\"+62361 415899\",\"default\":\"1\",\"first_name\":\"Wayan\",\"last_name\":\"Gunada\"}','{\"city_id\":\"32\",\"province_id\":\"1\",\"province\":\"Bali\",\"type\":\"Kabupaten\",\"city_name\":\"Bangli\",\"postal_code\":\"80600\"}',NULL),(5,'IVODENT201510150002','2015-10-15',1,2,2250000,1,6000,2256000,'2015-10-15 04:24:52','{\"id\":\"4\",\"user_id\":\"2\",\"name\":\"Wayan Gunada\",\"company\":\"Balibagus.com\",\"address\":\"Jl. Padang Udayana 7 Denpasar\",\"city\":\"Denpasar\",\"post_code\":\"80117\",\"province\":\"Bali\",\"country\":\"Indonesia\",\"email\":\"gun@balibagus.com\",\"phone\":\"+62361 415899\",\"default\":\"1\",\"first_name\":\"Wayan\",\"last_name\":\"Gunada\"}','{\"city_id\":\"32\",\"province_id\":\"1\",\"province\":\"Bali\",\"type\":\"Kabupaten\",\"city_name\":\"Bangli\",\"postal_code\":\"80600\"}',NULL),(6,'IVODENT201510150003','2015-10-15',1,2,2250000,1,6000,2256000,'2015-10-15 04:24:58','{\"id\":\"4\",\"user_id\":\"2\",\"name\":\"Wayan Gunada\",\"company\":\"Balibagus.com\",\"address\":\"Jl. Padang Udayana 7 Denpasar\",\"city\":\"Denpasar\",\"post_code\":\"80117\",\"province\":\"Bali\",\"country\":\"Indonesia\",\"email\":\"gun@balibagus.com\",\"phone\":\"+62361 415899\",\"default\":\"1\",\"first_name\":\"Wayan\",\"last_name\":\"Gunada\"}','{\"city_id\":\"32\",\"province_id\":\"1\",\"province\":\"Bali\",\"type\":\"Kabupaten\",\"city_name\":\"Bangli\",\"postal_code\":\"80600\"}',NULL),(7,'IVODENT201510210001','2015-10-21',1,2,4500000,2,0,4500000,'2015-10-21 04:00:06','{\"id\":\"4\",\"user_id\":\"2\",\"name\":\"Wayan Gunada\",\"company\":\"Balibagus.com\",\"address\":\"Jl. Padang Udayana 7 Denpasar\",\"city\":\"Denpasar\",\"post_code\":\"80117\",\"province\":\"Bali\",\"country\":\"Indonesia\",\"email\":\"gun@balibagus.com\",\"phone\":\"+62361 415899\",\"default\":\"1\",\"first_name\":\"Wayan\",\"last_name\":\"Gunada\"}','{\"city_id\":\"114\",\"province_id\":\"1\",\"province\":\"Bali\",\"type\":\"Kota\",\"city_name\":\"Denpasar\",\"postal_code\":\"80000\"}',NULL),(8,'IVODENT201510210002','2015-10-21',1,8,6000000,3,8000,6008000,'2015-10-21 04:19:36','{\"id\":\"5\",\"user_id\":\"8\",\"name\":\"Wahyu Prayasa\",\"company\":\"BaliBagus.com\",\"address\":\"Jl. Gunung Agung No. 233 Padangsambian\",\"city\":\"Denpasar\",\"post_code\":\"80117\",\"province\":\"Bali\",\"country\":\"Indonesia\",\"email\":\"wahprayasa@Balibagus.com\",\"phone\":\"+62361415899\",\"default\":\"1\",\"first_name\":\"Wahyu\",\"last_name\":\"Prayasa\"}','{\"city_id\":\"128\",\"province_id\":\"1\",\"province\":\"Bali\",\"type\":\"Kabupaten\",\"city_name\":\"Gianyar\",\"postal_code\":\"80500\"}',NULL),(9,'IVODENT201510210003','2015-10-21',1,8,8250000,4,8000,8258000,'2015-10-21 04:22:13','{\"id\":\"5\",\"user_id\":\"8\",\"name\":\"Wahyu Prayasa\",\"company\":\"BaliBagus.com\",\"address\":\"Jl. Gunung Agung No. 233 Padangsambian\",\"city\":\"Denpasar\",\"post_code\":\"80117\",\"province\":\"Bali\",\"country\":\"Indonesia\",\"email\":\"wahprayasa@Balibagus.com\",\"phone\":\"+62361415899\",\"default\":\"1\",\"first_name\":\"Wahyu\",\"last_name\":\"Prayasa\"}','{\"city_id\":\"128\",\"province_id\":\"1\",\"province\":\"Bali\",\"type\":\"Kabupaten\",\"city_name\":\"Gianyar\",\"postal_code\":\"80500\"}',NULL),(10,'IVODENT201510210004','2015-10-21',7,7,1500000,1,0,1500000,'2015-10-23 12:01:07','{\"id\":\"1\",\"user_id\":\"7\",\"name\":\"Tirta Keniten\",\"company\":\"Balibagus.com\",\"address\":\"Jalan Padang Udayana 7\",\"city\":\"Denpasar\",\"post_code\":\"80117\",\"province\":\"Bali\",\"country\":\"Indonesia\",\"email\":\"keniten.tirta@gmail.com\",\"phone\":\"0821115614131\",\"default\":\"1\",\"first_name\":\"Tirta\",\"last_name\":\"Keniten\"}','{\"city_id\":\"114\",\"province_id\":\"1\",\"province\":\"Bali\",\"type\":\"Kota\",\"city_name\":\"Denpasar\",\"postal_code\":\"80000\"}',NULL);

/*Table structure for table `ivo_pages` */

DROP TABLE IF EXISTS `ivo_pages`;

CREATE TABLE `ivo_pages` (
  `id` int(11) NOT NULL AUTO_INCREMENT,
  `title` varchar(255) DEFAULT NULL,
  `slug` varchar(255) DEFAULT NULL,
  `content` text,
  `excerpt` text,
  `parent_id` int(11) DEFAULT NULL,
  `seo_title` varchar(255) DEFAULT NULL,
  `seo_description` varchar(255) DEFAULT NULL,
  `seo_keyword` varchar(255) DEFAULT NULL,
  `featured_image` varchar(255) DEFAULT NULL,
  `gallery` text,
  `created_at` time DEFAULT NULL,
  `updated_at` time DEFAULT NULL,
  `user_id` int(11) DEFAULT NULL,
  PRIMARY KEY (`id`)
) ENGINE=InnoDB AUTO_INCREMENT=8 DEFAULT CHARSET=latin1;

/*Data for the table `ivo_pages` */

insert  into `ivo_pages`(`id`,`title`,`slug`,`content`,`excerpt`,`parent_id`,`seo_title`,`seo_description`,`seo_keyword`,`featured_image`,`gallery`,`created_at`,`updated_at`,`user_id`) values (1,'About Us','about-us','<p>Ivodent Lab, established in 1997 by experienced dentist, Indra Guizot and located in Denpasar Bali. In the beginning year, there were only two assistants supporting Guizot to operate his lab, these two staffs were focused to support his clinic operation.</p>\r\n<p>Ivodent Lab with its motto one step ahead, always tries to be the leader in dental technic\'s matters. Less then a years running its operation. Ivodent Lab was visited by expert Germany dentist whom introduced porcelain IPS Classic and Targis - Vectris and continuously.</p>\r\n<p><img style=\"max-width: 100%;\" src=\"[base_url]assets/uploads/images/slide2.jpg\" alt=\"\" /></p>\r\n<p>Ivodent Lab builds relationship with a Dental Technician from Europe to ensure its Dental Technologies always one step ahead.</p>','Ivodent Lab, established in 1997 by experienced dentist, Indra Guizot and located in Denpasar Bali. In the beginning year, there were only two assistants supporting Guizot to operate his lab, these two staffs were focused to support his clinic operation.',0,'About Us','Ivodent Lab, established in 1997 by experienced dentist, Indra Guizot and located in Denpasar Bali. In the beginning year, there were only two assistants supporting Guizot to operate his lab, these two staffs were focused to support his clinic operation.','','4','','11:07:46','04:59:45',1),(2,'Contact Us','contact-us','<p>Jln Patimura No. 9 Denpasar&nbsp;</p>\r\n<p>Bali - Indonesia</p>\r\n<p>Phone: (62 361) 237 777</p>\r\n<p>Fax: (62 361) 226 834</p>\r\n<p>Email:&nbsp;iguizot@sindosat.net.id</p>','',0,'Contact Us','','','','','08:37:46',NULL,1),(3,'Brands','brands','<p>Lorem ipsum dolor sit amet, consectetur adipiscing elit. Vivamus eleifend eu lacus cursus consequat. Aenean fringilla justo eros, quis tincidunt nunc accumsan ut. Donec eleifend lobortis diam at lobortis. Etiam malesuada sem et commodo accumsan. Nam ultricies luctus tortor in condimentum.</p>\r\n<p>Praesent in nisl dolor. Donec dignissim fermentum turpis eu tempor. Duis elit justo, sodales sit amet gravida eget, tincidunt ut nisl. Nunc accumsan mollis quam non pulvinar. Maecenas quis nibh eu nisi maximus faucibus id a magna. Donec feugiat aliquam ligula et placerat.</p>\r\n<p>Integer turpis est, congue quis massa eget, pellentesque pharetra nunc. Aliquam erat volutpat. Proin vel sollicitudin erat, in ultricies nisi. Mauris ac lacinia diam, ac vehicula eros. Aenean mattis sollicitudin tortor et euismod.</p>\r\n<p>Sed consequat turpis ornare mauris sodales commodo.</p>\r\n<p>Aliquam varius, velit id porttitor egestas, ipsum ipsum consequat turpis, et accumsan ante sapien vel lorem. Morbi luctus, ante id maximus accumsan, odio nisl maximus velit, eu sollicitudin massa magna in dolor.</p>\r\n<p>Fusce tincidunt quis tortor non convallis. Integer maximus nisl nec tellus consequat congue. Fusce et leo aliquet, molestie arcu at, viverra mauris. Donec finibus et orci sed blandit.</p>\r\n<p>Nunc malesuada velit erat, sit amet dignissim massa rutrum in. Mauris egestas imperdiet lorem viverra facilisis. Curabitur varius finibus risus, pellentesque pellentesque turpis vestibulum ac.</p>','',0,'Brands','','','','','08:38:40','04:49:56',1),(4,'Shop','shop','','',0,'Shop','','','','','08:39:46','04:50:29',1),(5,'Products','products','','',0,'Products','','','','','08:41:07','04:49:25',1),(6,'Technology','technology','','',0,'Technology','','','','','08:41:53','04:51:07',1),(7,'Location','location','','',0,'Location','','','','','04:51:32',NULL,1);

/*Table structure for table `ivo_payment_paypal` */

DROP TABLE IF EXISTS `ivo_payment_paypal`;

CREATE TABLE `ivo_payment_paypal` (
  `id` int(11) NOT NULL AUTO_INCREMENT,
  `order_id` int(11) DEFAULT NULL,
  `paypal_data` text,
  `timestamp` timestamp NOT NULL DEFAULT CURRENT_TIMESTAMP ON UPDATE CURRENT_TIMESTAMP,
  PRIMARY KEY (`id`)
) ENGINE=MyISAM AUTO_INCREMENT=25 DEFAULT CHARSET=latin1;

/*Data for the table `ivo_payment_paypal` */

/*Table structure for table `ivo_product_images` */

DROP TABLE IF EXISTS `ivo_product_images`;

CREATE TABLE `ivo_product_images` (
  `id` int(11) NOT NULL AUTO_INCREMENT,
  `product_id` int(11) DEFAULT NULL,
  `file_id` int(11) DEFAULT NULL,
  PRIMARY KEY (`id`)
) ENGINE=InnoDB AUTO_INCREMENT=15 DEFAULT CHARSET=latin1;

/*Data for the table `ivo_product_images` */

insert  into `ivo_product_images`(`id`,`product_id`,`file_id`) values (1,1,2),(2,1,5),(3,2,15),(5,3,17),(7,4,18),(8,4,19),(9,3,19),(10,2,19),(11,5,20),(12,5,19),(13,6,21),(14,6,19);

/*Table structure for table `ivo_products` */

DROP TABLE IF EXISTS `ivo_products`;

CREATE TABLE `ivo_products` (
  `id` int(10) unsigned NOT NULL AUTO_INCREMENT,
  `sku` varchar(255) DEFAULT NULL,
  `barcode` varchar(255) DEFAULT NULL,
  `name` varchar(255) DEFAULT NULL,
  `sequence` int(11) DEFAULT '1',
  `category_id` int(10) unsigned DEFAULT NULL,
  `description` text,
  `excerpt` text,
  `price` double DEFAULT NULL,
  `sale_price` double DEFAULT NULL,
  `weight` float DEFAULT NULL,
  `note` text,
  `status` int(1) DEFAULT '1',
  `slug` varchar(255) DEFAULT NULL,
  `inventory_tracking` int(1) DEFAULT '1',
  `quantity` int(1) DEFAULT '0',
  `seo_title` varchar(255) DEFAULT NULL,
  `seo_description` varchar(255) DEFAULT NULL,
  `seo_keyword` varchar(255) DEFAULT NULL,
  `created_at` time NOT NULL,
  `updated_at` time DEFAULT NULL,
  PRIMARY KEY (`id`)
) ENGINE=InnoDB AUTO_INCREMENT=7 DEFAULT CHARSET=latin1;

/*Data for the table `ivo_products` */

insert  into `ivo_products`(`id`,`sku`,`barcode`,`name`,`sequence`,`category_id`,`description`,`excerpt`,`price`,`sale_price`,`weight`,`note`,`status`,`slug`,`inventory_tracking`,`quantity`,`seo_title`,`seo_description`,`seo_keyword`,`created_at`,`updated_at`) values (1,'943308','943308','SwishActive Implant 3.3mmD x 8mmL SBM: 3.0mmD Platform',0,NULL,'<p>Product Code : 943308<br />Surface : SBM Blasted<br />Body Diameter : 3.3mmD<br />Platform/Component Diameter : 3.0mmD<br />Length : 8.0mmL<br />Product Label / Platform</p>','<p>SwishActive Implant 3.3mmD x 8mmL SBM: 3.0mmD Platform</p>',585,150,NULL,'\"Competitor\'s Price\": Bone Level Impant -$435, Closure screw- $40, Healing Abutment- $60, Transfer- $50.',1,'swishactive-implant-33mmd-x-8mml-sbm-30mmd-platform',1,10,'SwishActive Implant 3.3mmD x 8mmL SBM: 3.0mmD Platform','SwishActive Implant 3.3mmD x 8mmL SBM: 3.0mmD Platform','SwishActive Implant 3.3mmD x 8mmL SBM: 3.0mmD Platform','08:38:54','04:00:35'),(2,'653208','','InterActive Implant 3.2mmD x 8mmL SBM: 3.0mmD Platform',0,NULL,'<p>Product Code : 653208<br />Surface : SBM Blasted<br />Body Diameter : 3.2mmD<br />Platform/Component Diameter : 3.0mmD<br />Length : 8.0mmL</p>','<p>NobelActive&trade; Compatible Conical Connection with Simply Smarter Surgical &amp; Restorative Design</p>',225,225,NULL,'',1,'interactive-implant-32mmd-x-8mml-sbm-30mmd-platform',1,10,'','','','09:07:16','09:22:38'),(3,'653210','','InterActive Implant 3.2mmD x 10mmL SBM: 3.0mmD Platform',0,NULL,'<p>Product Code : 653210<br />Surface : SBM Blasted<br />Body Diameter : 3.2mmD<br />Platform/Component Diameter : 3.0mmD<br />Length : 10.0mmL</p>','',225,225,NULL,'',1,'interactive-implant-32mmd-x-10mml-sbm-30mmd-platform',1,10,'','','','09:14:25','09:21:59'),(4,'653211','','InterActive Implant 3.2mmD x 11.5mmL SBM: 3.0mmD Platform',0,NULL,'<p>Product Code : 653211<br />Surface : SBM Blasted<br />Body Diameter : 3.2mmD<br />Platform/Component Diameter : 3.0mmD<br />Length : 11.5mmL</p>','',225,225,NULL,'',1,'interactive-implant-32mmd-x-115mml-sbm-30mmd-platform',1,10,'','','','09:21:45','09:21:45'),(5,'653213','','InterActive Implant 3.2mmD x 13mmL SBM: 3.0mmD Platform',0,NULL,'<p>Product Code : 653213<br />Surface : SBM Blasted<br />Body Diameter : 3.2mmD<br />Platform/Component Diameter : 3.0mmD<br />Length : 13.0mmL</p>','',225,225,NULL,'',1,'interactive-implant-32mmd-x-13mml-sbm-30mmd-platform',1,10,'','','','09:25:45','09:26:14'),(6,'653706','','InterActive Implant 3.7mmD x 6mmL SBM: 3.0mmD Platform',0,NULL,'<p>Product Code : 653706<br />Surface : SBM Blasted<br />Body Diameter : 3.7mmD<br />Platform/Component Diameter : 3.0mmD<br />Length : 6.0mmL</p>','',225,225,NULL,'',1,'interactive-implant-37mmd-x-6mml-sbm-30mmd-platform',1,10,'','','','09:39:42','09:39:42');

/*Table structure for table `ivo_products_rel_categories` */

DROP TABLE IF EXISTS `ivo_products_rel_categories`;

CREATE TABLE `ivo_products_rel_categories` (
  `id` int(11) NOT NULL AUTO_INCREMENT,
  `product_id` int(11) DEFAULT NULL,
  `category_id` int(11) DEFAULT NULL,
  PRIMARY KEY (`id`)
) ENGINE=InnoDB AUTO_INCREMENT=12 DEFAULT CHARSET=latin1;

/*Data for the table `ivo_products_rel_categories` */

insert  into `ivo_products_rel_categories`(`id`,`product_id`,`category_id`) values (1,1,4),(7,2,11),(8,3,11),(9,4,11),(10,5,11),(11,6,12);

/*Table structure for table `ivo_sessions` */

DROP TABLE IF EXISTS `ivo_sessions`;

CREATE TABLE `ivo_sessions` (
  `id` varchar(40) NOT NULL,
  `ip_address` varchar(45) NOT NULL,
  `timestamp` int(10) unsigned NOT NULL DEFAULT '0',
  `data` blob NOT NULL,
  PRIMARY KEY (`id`),
  KEY `ci_sessions_timestamp` (`timestamp`)
) ENGINE=InnoDB DEFAULT CHARSET=latin1;

/*Data for the table `ivo_sessions` */

insert  into `ivo_sessions`(`id`,`ip_address`,`timestamp`,`data`) values ('06050c2065e9a2bd77641a875a9a2d878bd20485','173.0.82.126',1445414846,'__ci_last_regenerate|i:1445414846;'),('1bc13f570b6a8079ca0f43d2f70035fe7396f634','36.75.117.201',1445412317,'__ci_last_regenerate|i:1445412141;auth_user|a:1:{s:5:\"token\";s:88:\"cYJCChBI/HUco4gdYsb0Owea9nS495+vBKVzF4C0rMYhat3N0HJpg/vFUAugkfdp2LBGrq9aI7UB3uEtVVVtew==\";}'),('2dcf78864378eb5458872dab79fb9f95a86ad312','36.75.117.201',1445420030,'__ci_last_regenerate|i:1445420012;auth_user|a:1:{s:5:\"token\";s:88:\"TOM89KtNlntyTGsStDYYh4Bv/Cu8jd2rfgETk3gYLLaAQ306xSAYimePG5Vy4dsoykvypeiimK/w43Y4rfKl3g==\";}cart_contents|a:3:{s:10:\"cart_total\";d:1500000;s:11:\"total_items\";d:1;s:32:\"c4ca4238a0b923820dcc509a6f75849b\";a:6:{s:2:\"id\";s:1:\"1\";s:3:\"qty\";d:1;s:5:\"price\";d:1500000;s:4:\"name\";s:54:\"SwishActive Implant 3.3mmD x 8mmL SBM: 3.0mmD Platform\";s:5:\"rowid\";s:32:\"c4ca4238a0b923820dcc509a6f75849b\";s:8:\"subtotal\";d:1500000;}}checkout_shipping|a:3:{s:11:\"province_id\";s:1:\"1\";s:7:\"city_id\";s:3:\"114\";s:4:\"cost\";s:92:\"{\"service\":\"ONS\",\"description\":\"Over Night Service\",\"cost\":[{\"value\":0,\"etd\":\"\",\"note\":\"\"}]}\";}checkout_address|O:8:\"stdClass\":14:{s:2:\"id\";s:1:\"1\";s:7:\"user_id\";s:1:\"7\";s:4:\"name\";s:13:\"Tirta Keniten\";s:7:\"company\";s:13:\"Balibagus.com\";s:7:\"address\";s:22:\"Jalan Padang Udayana 7\";s:4:\"city\";s:8:\"Denpasar\";s:9:\"post_code\";s:5:\"80117\";s:8:\"province\";s:4:\"Bali\";s:7:\"country\";s:9:\"Indonesia\";s:5:\"email\";s:23:\"keniten.tirta@gmail.com\";s:5:\"phone\";s:13:\"0821115614131\";s:7:\"default\";s:1:\"1\";s:10:\"first_name\";s:5:\"Tirta\";s:9:\"last_name\";s:7:\"Keniten\";}success|s:28:\"Thank you for making payment\";__ci_vars|a:1:{s:7:\"success\";s:3:\"old\";}'),('34227d7e2bd54bed5c62b2b69dbf40117592e53f','173.0.82.126',1445419226,'__ci_last_regenerate|i:1445419226;'),('3d9cff953a46437c240e9230b39f1ed053ebc6dc','36.75.117.201',1445494923,'__ci_last_regenerate|i:1445494922;'),('3fae2da6e0f066457cf1572043d91e3fd4f92af4','::1',1445579099,'__ci_last_regenerate|i:1445578962;auth_user|a:1:{s:5:\"token\";s:88:\"Wu5q2hQ2hT48hJEk2ukqctdFzByuVAH9pG0nhNKjRRmidvasGtds/BOuV4sJrn3w8A4USCyUmLF0m1IBnXv/Iw==\";}'),('416876c0ac6822dcd797e1f84e8679c1aa1714c7','::1',1445575846,'__ci_last_regenerate|i:1445575630;auth_user|a:1:{s:5:\"token\";s:88:\"Wu5q2hQ2hT48hJEk2ukqctdFzByuVAH9pG0nhNKjRRmidvasGtds/BOuV4sJrn3w8A4USCyUmLF0m1IBnXv/Iw==\";}'),('43769b6946f196ea78907e1bfe9d2c91fd381593','::1',1445570719,'__ci_last_regenerate|i:1445570568;auth_user|a:1:{s:5:\"token\";s:88:\"Wu5q2hQ2hT48hJEk2ukqctdFzByuVAH9pG0nhNKjRRmidvasGtds/BOuV4sJrn3w8A4USCyUmLF0m1IBnXv/Iw==\";}'),('469e733ea7906567d69d90d97e2e9ae0b2db77b6','173.0.82.126',1445418728,'__ci_last_regenerate|i:1445418728;'),('478d07e42300ddb419826fa7bcb82314084e9d4b','36.75.117.201',1445488468,'__ci_last_regenerate|i:1445488468;'),('51f4bbbdcf363b52e4c70b7c106524e912a3bdf7','36.75.117.201',1445416162,'__ci_last_regenerate|i:1445416153;auth_user|a:1:{s:5:\"token\";s:88:\"cYJCChBI/HUco4gdYsb0Owea9nS495+vBKVzF4C0rMYhat3N0HJpg/vFUAugkfdp2LBGrq9aI7UB3uEtVVVtew==\";}cart_contents|a:6:{s:10:\"cart_total\";d:14250000;s:11:\"total_items\";d:8;s:32:\"c4ca4238a0b923820dcc509a6f75849b\";a:6:{s:2:\"id\";s:1:\"1\";s:3:\"qty\";d:5;s:5:\"price\";d:1500000;s:4:\"name\";s:54:\"SwishActive Implant 3.3mmD x 8mmL SBM: 3.0mmD Platform\";s:5:\"rowid\";s:32:\"c4ca4238a0b923820dcc509a6f75849b\";s:8:\"subtotal\";d:7500000;}s:32:\"eccbc87e4b5ce2fe28308fd9f2a7baf3\";a:6:{s:2:\"id\";s:1:\"3\";s:3:\"qty\";d:1;s:5:\"price\";d:2250000;s:4:\"name\";s:55:\"InterActive Implant 3.2mmD x 10mmL SBM: 3.0mmD Platform\";s:5:\"rowid\";s:32:\"eccbc87e4b5ce2fe28308fd9f2a7baf3\";s:8:\"subtotal\";d:2250000;}s:32:\"1679091c5a880faf6fb5e6087eb1b2dc\";a:6:{s:2:\"id\";s:1:\"6\";s:3:\"qty\";d:1;s:5:\"price\";d:2250000;s:4:\"name\";s:54:\"InterActive Implant 3.7mmD x 6mmL SBM: 3.0mmD Platform\";s:5:\"rowid\";s:32:\"1679091c5a880faf6fb5e6087eb1b2dc\";s:8:\"subtotal\";d:2250000;}s:32:\"c81e728d9d4c2f636f067f89cc14862c\";a:6:{s:2:\"id\";s:1:\"2\";s:3:\"qty\";d:1;s:5:\"price\";d:2250000;s:4:\"name\";s:54:\"InterActive Implant 3.2mmD x 8mmL SBM: 3.0mmD Platform\";s:5:\"rowid\";s:32:\"c81e728d9d4c2f636f067f89cc14862c\";s:8:\"subtotal\";d:2250000;}}checkout_shipping|a:3:{s:11:\"province_id\";s:1:\"1\";s:7:\"city_id\";s:3:\"128\";s:4:\"cost\";s:92:\"{\"service\":\"TDS\",\"description\":\"Two Day Service\",\"cost\":[{\"value\":8000,\"etd\":\"\",\"note\":\"\"}]}\";}checkout_address|O:8:\"stdClass\":14:{s:2:\"id\";s:1:\"5\";s:7:\"user_id\";s:1:\"8\";s:4:\"name\";s:13:\"Wahyu Prayasa\";s:7:\"company\";s:13:\"BaliBagus.com\";s:7:\"address\";s:38:\"Jl. Gunung Agung No. 233 Padangsambian\";s:4:\"city\";s:8:\"Denpasar\";s:9:\"post_code\";s:5:\"80117\";s:8:\"province\";s:4:\"Bali\";s:7:\"country\";s:9:\"Indonesia\";s:5:\"email\";s:24:\"wahprayasa@Balibagus.com\";s:5:\"phone\";s:12:\"+62361415899\";s:7:\"default\";s:1:\"1\";s:10:\"first_name\";s:5:\"Wahyu\";s:9:\"last_name\";s:7:\"Prayasa\";}success|s:29:\"A product added to your cart.\";__ci_vars|a:1:{s:7:\"success\";s:3:\"old\";}'),('56ef207697a9613c87980f99f181d0056528dc0b','::1',1445578945,'__ci_last_regenerate|i:1445578655;auth_user|a:1:{s:5:\"token\";s:88:\"Wu5q2hQ2hT48hJEk2ukqctdFzByuVAH9pG0nhNKjRRmidvasGtds/BOuV4sJrn3w8A4USCyUmLF0m1IBnXv/Iw==\";}'),('59e61b93284693fef22afd19ede9a249780c238a','::1',1445577112,'__ci_last_regenerate|i:1445576866;auth_user|a:1:{s:5:\"token\";s:88:\"Wu5q2hQ2hT48hJEk2ukqctdFzByuVAH9pG0nhNKjRRmidvasGtds/BOuV4sJrn3w8A4USCyUmLF0m1IBnXv/Iw==\";}'),('603628088dee7f2c5aa896b46acb757820af3961','36.71.177.129',1445499771,'__ci_last_regenerate|i:1445499760;'),('63c78caa10017f7992d97d7318805452ffa22dbb','173.0.82.126',1445418016,'__ci_last_regenerate|i:1445418016;success|s:28:\"Thank you for making payment\";'),('64768a0fe195548c022da38163b1bd9e6220baed','36.75.117.201',1445497349,'__ci_last_regenerate|i:1445497349;'),('695831ff9f65ae007383c13a9c4a4de51c57a083','::1',1445572868,'__ci_last_regenerate|i:1445572726;auth_user|a:1:{s:5:\"token\";s:88:\"Wu5q2hQ2hT48hJEk2ukqctdFzByuVAH9pG0nhNKjRRmidvasGtds/BOuV4sJrn3w8A4USCyUmLF0m1IBnXv/Iw==\";}success|s:30:\"Order status has been updated.\";__ci_vars|a:1:{s:7:\"success\";s:3:\"old\";}'),('69a49d0e74ebd1349d9d53c96592df0b862be21c','36.75.117.201',1445484898,'__ci_last_regenerate|i:1445484897;'),('6b0f894c95a582cf96a4655c07489ae3da2c3c0f','::1',1445569572,'__ci_last_regenerate|i:1445569320;auth_user|a:1:{s:5:\"token\";s:88:\"Wu5q2hQ2hT48hJEk2ukqctdFzByuVAH9pG0nhNKjRRmidvasGtds/BOuV4sJrn3w8A4USCyUmLF0m1IBnXv/Iw==\";}'),('6ea11e83a9e40d58b294f2deb3fb17478ef75ffd','36.75.117.201',1445414005,'__ci_last_regenerate|i:1445414005;'),('72dbd64d5c36edf4879b76a97d47404200758dfb','173.0.82.126',1445418016,'__ci_last_regenerate|i:1445418016;'),('7caf15192eba2c7a0499685b7e38fffb300cf461','36.75.117.201',1445419599,'__ci_last_regenerate|i:1445419374;auth_user|a:1:{s:5:\"token\";s:88:\"TOM89KtNlntyTGsStDYYh4Bv/Cu8jd2rfgETk3gYLLaAQ306xSAYimePG5Vy4dsoykvypeiimK/w43Y4rfKl3g==\";}cart_contents|a:3:{s:10:\"cart_total\";d:1500000;s:11:\"total_items\";d:1;s:32:\"c4ca4238a0b923820dcc509a6f75849b\";a:6:{s:2:\"id\";s:1:\"1\";s:3:\"qty\";d:1;s:5:\"price\";d:1500000;s:4:\"name\";s:54:\"SwishActive Implant 3.3mmD x 8mmL SBM: 3.0mmD Platform\";s:5:\"rowid\";s:32:\"c4ca4238a0b923820dcc509a6f75849b\";s:8:\"subtotal\";d:1500000;}}checkout_shipping|a:3:{s:11:\"province_id\";s:1:\"1\";s:7:\"city_id\";s:3:\"114\";s:4:\"cost\";s:92:\"{\"service\":\"ONS\",\"description\":\"Over Night Service\",\"cost\":[{\"value\":0,\"etd\":\"\",\"note\":\"\"}]}\";}checkout_address|O:8:\"stdClass\":14:{s:2:\"id\";s:1:\"1\";s:7:\"user_id\";s:1:\"7\";s:4:\"name\";s:13:\"Tirta Keniten\";s:7:\"company\";s:13:\"Balibagus.com\";s:7:\"address\";s:22:\"Jalan Padang Udayana 7\";s:4:\"city\";s:8:\"Denpasar\";s:9:\"post_code\";s:5:\"80117\";s:8:\"province\";s:4:\"Bali\";s:7:\"country\";s:9:\"Indonesia\";s:5:\"email\";s:23:\"keniten.tirta@gmail.com\";s:5:\"phone\";s:13:\"0821115614131\";s:7:\"default\";s:1:\"1\";s:10:\"first_name\";s:5:\"Tirta\";s:9:\"last_name\";s:7:\"Keniten\";}'),('7daf3670cc7a3feadb3566da4a7bfee7a4225bb3','36.75.117.201',1445419038,'__ci_last_regenerate|i:1445418758;auth_user|a:1:{s:5:\"token\";s:88:\"TOM89KtNlntyTGsStDYYh4Bv/Cu8jd2rfgETk3gYLLaAQ306xSAYimePG5Vy4dsoykvypeiimK/w43Y4rfKl3g==\";}cart_contents|a:3:{s:10:\"cart_total\";d:1500000;s:11:\"total_items\";d:1;s:32:\"c4ca4238a0b923820dcc509a6f75849b\";a:6:{s:2:\"id\";s:1:\"1\";s:3:\"qty\";d:1;s:5:\"price\";d:1500000;s:4:\"name\";s:54:\"SwishActive Implant 3.3mmD x 8mmL SBM: 3.0mmD Platform\";s:5:\"rowid\";s:32:\"c4ca4238a0b923820dcc509a6f75849b\";s:8:\"subtotal\";d:1500000;}}checkout_shipping|a:3:{s:11:\"province_id\";s:1:\"1\";s:7:\"city_id\";s:3:\"114\";s:4:\"cost\";s:92:\"{\"service\":\"ONS\",\"description\":\"Over Night Service\",\"cost\":[{\"value\":0,\"etd\":\"\",\"note\":\"\"}]}\";}checkout_address|O:8:\"stdClass\":14:{s:2:\"id\";s:1:\"1\";s:7:\"user_id\";s:1:\"7\";s:4:\"name\";s:13:\"Tirta Keniten\";s:7:\"company\";s:13:\"Balibagus.com\";s:7:\"address\";s:22:\"Jalan Padang Udayana 7\";s:4:\"city\";s:8:\"Denpasar\";s:9:\"post_code\";s:5:\"80117\";s:8:\"province\";s:4:\"Bali\";s:7:\"country\";s:9:\"Indonesia\";s:5:\"email\";s:23:\"keniten.tirta@gmail.com\";s:5:\"phone\";s:13:\"0821115614131\";s:7:\"default\";s:1:\"1\";s:10:\"first_name\";s:5:\"Tirta\";s:9:\"last_name\";s:7:\"Keniten\";}'),('7ff4a48636eca7eece95dbf541966e0bc30a2e8b','::1',1445570255,'__ci_last_regenerate|i:1445569962;auth_user|a:1:{s:5:\"token\";s:88:\"Wu5q2hQ2hT48hJEk2ukqctdFzByuVAH9pG0nhNKjRRmidvasGtds/BOuV4sJrn3w8A4USCyUmLF0m1IBnXv/Iw==\";}'),('827435532a8697a9637f51142a530925fb88cc0f','36.75.117.201',1445414838,'__ci_last_regenerate|i:1445414835;auth_user|a:1:{s:5:\"token\";s:88:\"0LKTDhuvypTbZFdrw1047bypyXxoueDTImPqhWSrDiAbzc/L9BaPMsBbHYZwQHa8fpe/6VQJN4tzC8GWb7t5VQ==\";}cart_contents|a:3:{s:10:\"cart_total\";d:4500000;s:11:\"total_items\";d:2;s:32:\"c81e728d9d4c2f636f067f89cc14862c\";a:6:{s:2:\"id\";s:1:\"2\";s:3:\"qty\";d:2;s:5:\"price\";d:2250000;s:4:\"name\";s:54:\"InterActive Implant 3.2mmD x 8mmL SBM: 3.0mmD Platform\";s:5:\"rowid\";s:32:\"c81e728d9d4c2f636f067f89cc14862c\";s:8:\"subtotal\";d:4500000;}}checkout_shipping|a:3:{s:11:\"province_id\";s:1:\"1\";s:7:\"city_id\";s:3:\"114\";s:4:\"cost\";s:89:\"{\"service\":\"REG\",\"description\":\"Regular Service\",\"cost\":[{\"value\":0,\"etd\":\"\",\"note\":\"\"}]}\";}checkout_address|O:8:\"stdClass\":14:{s:2:\"id\";s:1:\"4\";s:7:\"user_id\";s:1:\"2\";s:4:\"name\";s:12:\"Wayan Gunada\";s:7:\"company\";s:13:\"Balibagus.com\";s:7:\"address\";s:29:\"Jl. Padang Udayana 7 Denpasar\";s:4:\"city\";s:8:\"Denpasar\";s:9:\"post_code\";s:5:\"80117\";s:8:\"province\";s:4:\"Bali\";s:7:\"country\";s:9:\"Indonesia\";s:5:\"email\";s:17:\"gun@balibagus.com\";s:5:\"phone\";s:13:\"+62361 415899\";s:7:\"default\";s:1:\"1\";s:10:\"first_name\";s:5:\"Wayan\";s:9:\"last_name\";s:6:\"Gunada\";}'),('8361ff39636a9d80bcbecec6a4737fd15c24397d','173.0.82.126',1445419225,'__ci_last_regenerate|i:1445419225;success|s:28:\"Thank you for making payment\";__ci_vars|a:1:{s:7:\"success\";s:3:\"new\";}'),('9438f3574c68cff6ab222aff08dd03e192f0af71','95.108.158.145',1445439787,'__ci_last_regenerate|i:1445439786;'),('94bcacb6025b1e747e5922d8b25e350f139fc817','::1',1445576845,'__ci_last_regenerate|i:1445576552;auth_user|a:1:{s:5:\"token\";s:88:\"Wu5q2hQ2hT48hJEk2ukqctdFzByuVAH9pG0nhNKjRRmidvasGtds/BOuV4sJrn3w8A4USCyUmLF0m1IBnXv/Iw==\";}'),('9a6a028b429e0db30c40c3595a442bcd8dc82789','::1',1445576067,'__ci_last_regenerate|i:1445575995;auth_user|a:1:{s:5:\"token\";s:88:\"Wu5q2hQ2hT48hJEk2ukqctdFzByuVAH9pG0nhNKjRRmidvasGtds/BOuV4sJrn3w8A4USCyUmLF0m1IBnXv/Iw==\";}'),('a1b6ad35d4545c1953aadbe7fec19939e0ed08be','36.75.117.201',1445415752,'__ci_last_regenerate|i:1445415618;auth_user|a:1:{s:5:\"token\";s:88:\"cYJCChBI/HUco4gdYsb0Owea9nS495+vBKVzF4C0rMYhat3N0HJpg/vFUAugkfdp2LBGrq9aI7UB3uEtVVVtew==\";}cart_contents|a:6:{s:10:\"cart_total\";d:8250000;s:11:\"total_items\";d:4;s:32:\"c4ca4238a0b923820dcc509a6f75849b\";a:6:{s:2:\"id\";s:1:\"1\";s:3:\"qty\";d:1;s:5:\"price\";d:1500000;s:4:\"name\";s:54:\"SwishActive Implant 3.3mmD x 8mmL SBM: 3.0mmD Platform\";s:5:\"rowid\";s:32:\"c4ca4238a0b923820dcc509a6f75849b\";s:8:\"subtotal\";d:1500000;}s:32:\"eccbc87e4b5ce2fe28308fd9f2a7baf3\";a:6:{s:2:\"id\";s:1:\"3\";s:3:\"qty\";d:1;s:5:\"price\";d:2250000;s:4:\"name\";s:55:\"InterActive Implant 3.2mmD x 10mmL SBM: 3.0mmD Platform\";s:5:\"rowid\";s:32:\"eccbc87e4b5ce2fe28308fd9f2a7baf3\";s:8:\"subtotal\";d:2250000;}s:32:\"1679091c5a880faf6fb5e6087eb1b2dc\";a:6:{s:2:\"id\";s:1:\"6\";s:3:\"qty\";d:1;s:5:\"price\";d:2250000;s:4:\"name\";s:54:\"InterActive Implant 3.7mmD x 6mmL SBM: 3.0mmD Platform\";s:5:\"rowid\";s:32:\"1679091c5a880faf6fb5e6087eb1b2dc\";s:8:\"subtotal\";d:2250000;}s:32:\"c81e728d9d4c2f636f067f89cc14862c\";a:6:{s:2:\"id\";s:1:\"2\";s:3:\"qty\";d:1;s:5:\"price\";d:2250000;s:4:\"name\";s:54:\"InterActive Implant 3.2mmD x 8mmL SBM: 3.0mmD Platform\";s:5:\"rowid\";s:32:\"c81e728d9d4c2f636f067f89cc14862c\";s:8:\"subtotal\";d:2250000;}}checkout_shipping|a:3:{s:11:\"province_id\";s:1:\"1\";s:7:\"city_id\";s:3:\"128\";s:4:\"cost\";s:92:\"{\"service\":\"TDS\",\"description\":\"Two Day Service\",\"cost\":[{\"value\":8000,\"etd\":\"\",\"note\":\"\"}]}\";}checkout_address|O:8:\"stdClass\":14:{s:2:\"id\";s:1:\"5\";s:7:\"user_id\";s:1:\"8\";s:4:\"name\";s:13:\"Wahyu Prayasa\";s:7:\"company\";s:13:\"BaliBagus.com\";s:7:\"address\";s:38:\"Jl. Gunung Agung No. 233 Padangsambian\";s:4:\"city\";s:8:\"Denpasar\";s:9:\"post_code\";s:5:\"80117\";s:8:\"province\";s:4:\"Bali\";s:7:\"country\";s:9:\"Indonesia\";s:5:\"email\";s:24:\"wahprayasa@Balibagus.com\";s:5:\"phone\";s:12:\"+62361415899\";s:7:\"default\";s:1:\"1\";s:10:\"first_name\";s:5:\"Wahyu\";s:9:\"last_name\";s:7:\"Prayasa\";}'),('a2661e3391a0ae0cecaace6f9c5dce2f1a87d27a','::1',1445577726,'__ci_last_regenerate|i:1445577633;auth_user|a:1:{s:5:\"token\";s:88:\"Wu5q2hQ2hT48hJEk2ukqctdFzByuVAH9pG0nhNKjRRmidvasGtds/BOuV4sJrn3w8A4USCyUmLF0m1IBnXv/Iw==\";}'),('a695e90846d2e68679feeedbe5dedff7ff39a1c5','::1',1445577564,'__ci_last_regenerate|i:1445577316;auth_user|a:1:{s:5:\"token\";s:88:\"Wu5q2hQ2hT48hJEk2ukqctdFzByuVAH9pG0nhNKjRRmidvasGtds/BOuV4sJrn3w8A4USCyUmLF0m1IBnXv/Iw==\";}'),('b4a45b594ea24d8985052fb988568164fd081a0b','173.0.82.126',1445418727,'__ci_last_regenerate|i:1445418727;'),('b79a396fdfb42f28f1e3fd166d9b2cfcff0434a1','36.75.117.201',1445496321,'__ci_last_regenerate|i:1445496065;'),('b9015706dd1f688c415b96432c93c86140e1a71d','173.0.82.126',1445419535,'__ci_last_regenerate|i:1445419535;'),('ba8de383c32b11f8f86473c8ced09be3df9d20bd','36.75.117.201',1445415577,'__ci_last_regenerate|i:1445415305;auth_user|a:1:{s:5:\"token\";s:88:\"cYJCChBI/HUco4gdYsb0Owea9nS495+vBKVzF4C0rMYhat3N0HJpg/vFUAugkfdp2LBGrq9aI7UB3uEtVVVtew==\";}cart_contents|a:5:{s:10:\"cart_total\";d:6000000;s:11:\"total_items\";d:3;s:32:\"c4ca4238a0b923820dcc509a6f75849b\";a:6:{s:2:\"id\";s:1:\"1\";s:3:\"qty\";d:1;s:5:\"price\";d:1500000;s:4:\"name\";s:54:\"SwishActive Implant 3.3mmD x 8mmL SBM: 3.0mmD Platform\";s:5:\"rowid\";s:32:\"c4ca4238a0b923820dcc509a6f75849b\";s:8:\"subtotal\";d:1500000;}s:32:\"eccbc87e4b5ce2fe28308fd9f2a7baf3\";a:6:{s:2:\"id\";s:1:\"3\";s:3:\"qty\";d:1;s:5:\"price\";d:2250000;s:4:\"name\";s:55:\"InterActive Implant 3.2mmD x 10mmL SBM: 3.0mmD Platform\";s:5:\"rowid\";s:32:\"eccbc87e4b5ce2fe28308fd9f2a7baf3\";s:8:\"subtotal\";d:2250000;}s:32:\"1679091c5a880faf6fb5e6087eb1b2dc\";a:6:{s:2:\"id\";s:1:\"6\";s:3:\"qty\";d:1;s:5:\"price\";d:2250000;s:4:\"name\";s:54:\"InterActive Implant 3.7mmD x 6mmL SBM: 3.0mmD Platform\";s:5:\"rowid\";s:32:\"1679091c5a880faf6fb5e6087eb1b2dc\";s:8:\"subtotal\";d:2250000;}}checkout_shipping|a:3:{s:11:\"province_id\";s:1:\"1\";s:7:\"city_id\";s:3:\"128\";s:4:\"cost\";s:92:\"{\"service\":\"TDS\",\"description\":\"Two Day Service\",\"cost\":[{\"value\":8000,\"etd\":\"\",\"note\":\"\"}]}\";}checkout_address|O:8:\"stdClass\":14:{s:2:\"id\";s:1:\"5\";s:7:\"user_id\";s:1:\"8\";s:4:\"name\";s:13:\"Wahyu Prayasa\";s:7:\"company\";s:13:\"BaliBagus.com\";s:7:\"address\";s:38:\"Jl. Gunung Agung No. 233 Padangsambian\";s:4:\"city\";s:8:\"Denpasar\";s:9:\"post_code\";s:5:\"80117\";s:8:\"province\";s:4:\"Bali\";s:7:\"country\";s:9:\"Indonesia\";s:5:\"email\";s:24:\"wahprayasa@Balibagus.com\";s:5:\"phone\";s:12:\"+62361415899\";s:7:\"default\";s:1:\"1\";s:10:\"first_name\";s:5:\"Wahyu\";s:9:\"last_name\";s:7:\"Prayasa\";}'),('bac02093729ed049265efbcaa238d8ca7d963124','173.0.82.126',1445419535,'__ci_last_regenerate|i:1445419535;success|s:28:\"Thank you for making payment\";__ci_vars|a:1:{s:7:\"success\";s:3:\"new\";}'),('bdb6e866412a385c46eefd4bcba68820add5fc7f','36.75.117.201',1445414312,'__ci_last_regenerate|i:1445414013;auth_user|a:1:{s:5:\"token\";s:88:\"0LKTDhuvypTbZFdrw1047bypyXxoueDTImPqhWSrDiAbzc/L9BaPMsBbHYZwQHa8fpe/6VQJN4tzC8GWb7t5VQ==\";}'),('cd3c1378b79af3e9451e6750285e6217311d9cf8','173.0.82.126',1445419535,'__ci_last_regenerate|i:1445419535;'),('d89e190d483eea80653a78b77da05fac278ce720','::1',1445578397,'__ci_last_regenerate|i:1445578308;auth_user|a:1:{s:5:\"token\";s:88:\"Wu5q2hQ2hT48hJEk2ukqctdFzByuVAH9pG0nhNKjRRmidvasGtds/BOuV4sJrn3w8A4USCyUmLF0m1IBnXv/Iw==\";}'),('da9aa4d4ca987265234b417a8867a7d8fbd20aaf','36.75.117.201',1445419319,'__ci_last_regenerate|i:1445419072;auth_user|a:1:{s:5:\"token\";s:88:\"TOM89KtNlntyTGsStDYYh4Bv/Cu8jd2rfgETk3gYLLaAQ306xSAYimePG5Vy4dsoykvypeiimK/w43Y4rfKl3g==\";}cart_contents|a:3:{s:10:\"cart_total\";d:1500000;s:11:\"total_items\";d:1;s:32:\"c4ca4238a0b923820dcc509a6f75849b\";a:6:{s:2:\"id\";s:1:\"1\";s:3:\"qty\";d:1;s:5:\"price\";d:1500000;s:4:\"name\";s:54:\"SwishActive Implant 3.3mmD x 8mmL SBM: 3.0mmD Platform\";s:5:\"rowid\";s:32:\"c4ca4238a0b923820dcc509a6f75849b\";s:8:\"subtotal\";d:1500000;}}checkout_shipping|a:3:{s:11:\"province_id\";s:1:\"1\";s:7:\"city_id\";s:3:\"114\";s:4:\"cost\";s:92:\"{\"service\":\"ONS\",\"description\":\"Over Night Service\",\"cost\":[{\"value\":0,\"etd\":\"\",\"note\":\"\"}]}\";}checkout_address|O:8:\"stdClass\":14:{s:2:\"id\";s:1:\"1\";s:7:\"user_id\";s:1:\"7\";s:4:\"name\";s:13:\"Tirta Keniten\";s:7:\"company\";s:13:\"Balibagus.com\";s:7:\"address\";s:22:\"Jalan Padang Udayana 7\";s:4:\"city\";s:8:\"Denpasar\";s:9:\"post_code\";s:5:\"80117\";s:8:\"province\";s:4:\"Bali\";s:7:\"country\";s:9:\"Indonesia\";s:5:\"email\";s:23:\"keniten.tirta@gmail.com\";s:5:\"phone\";s:13:\"0821115614131\";s:7:\"default\";s:1:\"1\";s:10:\"first_name\";s:5:\"Tirta\";s:9:\"last_name\";s:7:\"Keniten\";}'),('dea2feb7a3f9f84da006cda141fd6b336addfe62','36.75.117.201',1445418011,'__ci_last_regenerate|i:1445417908;auth_user|a:1:{s:5:\"token\";s:88:\"TOM89KtNlntyTGsStDYYh4Bv/Cu8jd2rfgETk3gYLLaAQ306xSAYimePG5Vy4dsoykvypeiimK/w43Y4rfKl3g==\";}success|s:28:\"Thank you for making payment\";'),('ebcdea2a8bf9e4756e6ee5f700b609e51aa34f41','36.75.117.201',1445419941,'__ci_last_regenerate|i:1445419690;auth_user|a:1:{s:5:\"token\";s:88:\"TOM89KtNlntyTGsStDYYh4Bv/Cu8jd2rfgETk3gYLLaAQ306xSAYimePG5Vy4dsoykvypeiimK/w43Y4rfKl3g==\";}cart_contents|a:3:{s:10:\"cart_total\";d:1500000;s:11:\"total_items\";d:1;s:32:\"c4ca4238a0b923820dcc509a6f75849b\";a:6:{s:2:\"id\";s:1:\"1\";s:3:\"qty\";d:1;s:5:\"price\";d:1500000;s:4:\"name\";s:54:\"SwishActive Implant 3.3mmD x 8mmL SBM: 3.0mmD Platform\";s:5:\"rowid\";s:32:\"c4ca4238a0b923820dcc509a6f75849b\";s:8:\"subtotal\";d:1500000;}}checkout_shipping|a:3:{s:11:\"province_id\";s:1:\"1\";s:7:\"city_id\";s:3:\"114\";s:4:\"cost\";s:92:\"{\"service\":\"ONS\",\"description\":\"Over Night Service\",\"cost\":[{\"value\":0,\"etd\":\"\",\"note\":\"\"}]}\";}checkout_address|O:8:\"stdClass\":14:{s:2:\"id\";s:1:\"1\";s:7:\"user_id\";s:1:\"7\";s:4:\"name\";s:13:\"Tirta Keniten\";s:7:\"company\";s:13:\"Balibagus.com\";s:7:\"address\";s:22:\"Jalan Padang Udayana 7\";s:4:\"city\";s:8:\"Denpasar\";s:9:\"post_code\";s:5:\"80117\";s:8:\"province\";s:4:\"Bali\";s:7:\"country\";s:9:\"Indonesia\";s:5:\"email\";s:23:\"keniten.tirta@gmail.com\";s:5:\"phone\";s:13:\"0821115614131\";s:7:\"default\";s:1:\"1\";s:10:\"first_name\";s:5:\"Tirta\";s:9:\"last_name\";s:7:\"Keniten\";}'),('ed3b21abb733997bc8b93c5b5bb9c72fa292b643','173.0.82.126',1445419225,'__ci_last_regenerate|i:1445419225;'),('edd509fc84e087ba4474e51bb9e536ff27d5b78b','36.75.117.201',1445414495,'__ci_last_regenerate|i:1445414314;auth_user|a:1:{s:5:\"token\";s:88:\"0LKTDhuvypTbZFdrw1047bypyXxoueDTImPqhWSrDiAbzc/L9BaPMsBbHYZwQHa8fpe/6VQJN4tzC8GWb7t5VQ==\";}cart_contents|a:3:{s:10:\"cart_total\";d:4500000;s:11:\"total_items\";d:2;s:32:\"c81e728d9d4c2f636f067f89cc14862c\";a:6:{s:2:\"id\";s:1:\"2\";s:3:\"qty\";d:2;s:5:\"price\";d:2250000;s:4:\"name\";s:54:\"InterActive Implant 3.2mmD x 8mmL SBM: 3.0mmD Platform\";s:5:\"rowid\";s:32:\"c81e728d9d4c2f636f067f89cc14862c\";s:8:\"subtotal\";d:4500000;}}checkout_shipping|a:3:{s:11:\"province_id\";s:1:\"1\";s:7:\"city_id\";s:3:\"114\";s:4:\"cost\";s:89:\"{\"service\":\"REG\",\"description\":\"Regular Service\",\"cost\":[{\"value\":0,\"etd\":\"\",\"note\":\"\"}]}\";}checkout_address|O:8:\"stdClass\":14:{s:2:\"id\";s:1:\"4\";s:7:\"user_id\";s:1:\"2\";s:4:\"name\";s:12:\"Wayan Gunada\";s:7:\"company\";s:13:\"Balibagus.com\";s:7:\"address\";s:29:\"Jl. Padang Udayana 7 Denpasar\";s:4:\"city\";s:8:\"Denpasar\";s:9:\"post_code\";s:5:\"80117\";s:8:\"province\";s:4:\"Bali\";s:7:\"country\";s:9:\"Indonesia\";s:5:\"email\";s:17:\"gun@balibagus.com\";s:5:\"phone\";s:13:\"+62361 415899\";s:7:\"default\";s:1:\"1\";s:10:\"first_name\";s:5:\"Wayan\";s:9:\"last_name\";s:6:\"Gunada\";}'),('f33b71ad5b9c2a3b2043affb520d86a6c2596a80','36.75.117.201',1445416990,'__ci_last_regenerate|i:1445416990;'),('fbc6aa457dbdd604380afff35eb45337c1eda500','173.0.82.126',1445418727,'__ci_last_regenerate|i:1445418727;success|s:28:\"Thank you for making payment\";__ci_vars|a:1:{s:7:\"success\";s:3:\"new\";}'),('fc37142ec7b592264639e29523ce6743d0df718e','173.0.82.126',1445418016,'__ci_last_regenerate|i:1445418016;'),('fff9c7b68d81833f7bf1b311077685978554072d','36.75.117.201',1445418560,'__ci_last_regenerate|i:1445418337;auth_user|a:1:{s:5:\"token\";s:88:\"TOM89KtNlntyTGsStDYYh4Bv/Cu8jd2rfgETk3gYLLaAQ306xSAYimePG5Vy4dsoykvypeiimK/w43Y4rfKl3g==\";}cart_contents|a:3:{s:10:\"cart_total\";d:1500000;s:11:\"total_items\";d:1;s:32:\"c4ca4238a0b923820dcc509a6f75849b\";a:6:{s:2:\"id\";s:1:\"1\";s:3:\"qty\";d:1;s:5:\"price\";d:1500000;s:4:\"name\";s:54:\"SwishActive Implant 3.3mmD x 8mmL SBM: 3.0mmD Platform\";s:5:\"rowid\";s:32:\"c4ca4238a0b923820dcc509a6f75849b\";s:8:\"subtotal\";d:1500000;}}checkout_shipping|a:3:{s:11:\"province_id\";s:1:\"1\";s:7:\"city_id\";s:3:\"114\";s:4:\"cost\";s:92:\"{\"service\":\"ONS\",\"description\":\"Over Night Service\",\"cost\":[{\"value\":0,\"etd\":\"\",\"note\":\"\"}]}\";}checkout_address|O:8:\"stdClass\":14:{s:2:\"id\";s:1:\"1\";s:7:\"user_id\";s:1:\"7\";s:4:\"name\";s:13:\"Tirta Keniten\";s:7:\"company\";s:13:\"Balibagus.com\";s:7:\"address\";s:22:\"Jalan Padang Udayana 7\";s:4:\"city\";s:8:\"Denpasar\";s:9:\"post_code\";s:5:\"80117\";s:8:\"province\";s:4:\"Bali\";s:7:\"country\";s:9:\"Indonesia\";s:5:\"email\";s:23:\"keniten.tirta@gmail.com\";s:5:\"phone\";s:13:\"0821115614131\";s:7:\"default\";s:1:\"1\";s:10:\"first_name\";s:5:\"Tirta\";s:9:\"last_name\";s:7:\"Keniten\";}');

/*Table structure for table `ivo_settings` */

DROP TABLE IF EXISTS `ivo_settings`;

CREATE TABLE `ivo_settings` (
  `id` int(11) NOT NULL AUTO_INCREMENT,
  `label` varchar(255) DEFAULT NULL,
  `key` varchar(255) DEFAULT NULL,
  `value` text,
  PRIMARY KEY (`id`)
) ENGINE=InnoDB AUTO_INCREMENT=53 DEFAULT CHARSET=latin1;

/*Data for the table `ivo_settings` */

insert  into `ivo_settings`(`id`,`label`,`key`,`value`) values (1,'Site Name','site_name','Ivodent'),(2,'Tagline','site_tagline','Ivodent Dental Supplies - Bali Dental Clinic - Dental Lab and Treatment In Bali - Bali Dentist'),(3,'Date Format','date_format','j F Y'),(4,'Time Format','time_format','g:i a'),(5,'Currency','currency','USD'),(6,'Currency Position','currency_position','left_space'),(7,'Thousand Separator','thousand_separator',','),(8,'Decimal Separator','decimal_separator','.'),(9,'Number of Decimals','number_decimal','0'),(10,'Image Thumnail Size','image_thumbnail','150x150'),(11,'Thumnail Crop','image_thumbnail_crop','1'),(12,'Image Medium Size','image_medium','300x300'),(13,'Image Medium Crop','image_medium_crop','0'),(14,'Image Large Size','image_large','600x600'),(15,'Image Large Crop','image_large_crop','0'),(34,'Image 1 ( 1140px x 420px )','slide_image1','1'),(35,'Title 1','slide_title1','SWISH SYSTEM'),(36,'Description 1','slide_description1','Conical Hex Bone-level Implants'),(37,'Image 2 ( 1140px x 420px )','slide_image2',''),(38,'Title 2','slide_title2',''),(39,'Description 2','slide_description2',''),(40,'Image 3 ( 1140px x 420px )','slide_image3',''),(41,'Title 3','slide_title3',''),(42,'Description 3','slide_description3',''),(43,'Image 4 ( 1140px x 420px )','slide_image4',''),(44,'Title 4','slide_title4',''),(45,'Description 4','slide_description4',''),(46,'Image 5 ( 1140px x 420px )','slide_image5',''),(47,'Title 5','slide_title5',''),(48,'Description 5','slide_description5',''),(49,'Image 6 ( 1140px x 420px )','slide_image6',''),(50,'Title 6','slide_title6',''),(51,'Description 6','slide_description6',''),(52,'Conversion value (1 USD = ?)','usd_idr','10000');

/*Table structure for table `ivo_user_addresses` */

DROP TABLE IF EXISTS `ivo_user_addresses`;

CREATE TABLE `ivo_user_addresses` (
  `id` int(11) NOT NULL AUTO_INCREMENT,
  `user_id` int(11) DEFAULT NULL,
  `name` varchar(255) DEFAULT NULL,
  `company` varchar(255) DEFAULT NULL,
  `address` varchar(255) DEFAULT NULL,
  `city` varchar(255) DEFAULT NULL,
  `post_code` varchar(255) DEFAULT NULL,
  `province` varchar(255) DEFAULT NULL,
  `country` varchar(255) DEFAULT 'Indonesia',
  `email` varchar(255) DEFAULT NULL,
  `phone` varchar(255) DEFAULT NULL,
  `default` int(1) DEFAULT NULL,
  PRIMARY KEY (`id`)
) ENGINE=InnoDB AUTO_INCREMENT=6 DEFAULT CHARSET=latin1;

/*Data for the table `ivo_user_addresses` */

insert  into `ivo_user_addresses`(`id`,`user_id`,`name`,`company`,`address`,`city`,`post_code`,`province`,`country`,`email`,`phone`,`default`) values (1,7,'Tirta Keniten','Balibagus.com','Jalan Padang Udayana 7','Denpasar','80117','Bali','Indonesia','keniten.tirta@gmail.com','0821115614131',1),(2,7,'Tirta Keniten','','Jalan Gunung Guntur Gang VII no 15B - Padangsambian','Denpasar','80117','Bali','Indonesia','keniten.tirta@gmail.com','0819999913171',0),(3,1,'Tirta Keniten','Balibagus.com','Jalan Padang Udayana 7 Padang Sambian','Denpasar','80117','Bali','Indonesia','keniten.tirta@gmail.com','0819999913171',1),(4,2,'Wayan Gunada','Balibagus.com','Jl. Padang Udayana 7 Denpasar','Denpasar','80117','Bali','Indonesia','gun@balibagus.com','+62361 415899',1),(5,8,'Wahyu Prayasa','BaliBagus.com','Jl. Gunung Agung No. 233 Padangsambian','Denpasar','80117','Bali','Indonesia','wahprayasa@Balibagus.com','+62361415899',1);

/*Table structure for table `ivo_users` */

DROP TABLE IF EXISTS `ivo_users`;

CREATE TABLE `ivo_users` (
  `id` int(11) NOT NULL AUTO_INCREMENT,
  `username` varchar(255) DEFAULT NULL,
  `email` varchar(255) DEFAULT NULL,
  `role` varchar(255) NOT NULL DEFAULT 'member',
  `password` text,
  `token` text,
  `timestamp` timestamp NOT NULL DEFAULT CURRENT_TIMESTAMP ON UPDATE CURRENT_TIMESTAMP,
  PRIMARY KEY (`id`)
) ENGINE=InnoDB AUTO_INCREMENT=9 DEFAULT CHARSET=latin1;

/*Data for the table `ivo_users` */

insert  into `ivo_users`(`id`,`username`,`email`,`role`,`password`,`token`,`timestamp`) values (1,'tirta','tirta@balibagus.com','admin','nWvPTa+4ltq2tJdSPe/rGKnHkaX3fJFP7OLLByGPw7YXOnjNtVZvNQbNHhNsXahGagw4ke65lCVpJVMAn/TIVA==','Wu5q2hQ2hT48hJEk2ukqctdFzByuVAH9pG0nhNKjRRmidvasGtds/BOuV4sJrn3w8A4USCyUmLF0m1IBnXv/Iw==','2015-10-23 11:05:54'),(2,'Wayan Gunada','gun@balibagus.com','admin','1tt7m/abWBSDuWTc7vvV64JJDi3kqzyaJVcpSxsGRpsoHdhnOCSdK1XYlnEwcWrxZKNFYDDvBgYAlgsTMjAVWw==','0LKTDhuvypTbZFdrw1047bypyXxoueDTImPqhWSrDiAbzc/L9BaPMsBbHYZwQHa8fpe/6VQJN4tzC8GWb7t5VQ==','2015-10-21 03:54:38'),(7,'Tirta Keniten','keniten.tirta@gmail.com','admin','SuMrgFQCtsx4FBlfuJF86RtMGfarRYc7WYlQmtFgqimH8zqQtVPFuhywPUc5SuhPhh/PNkix0HsPQ/l1VMYKOA==','TOM89KtNlntyTGsStDYYh4Bv/Cu8jd2rfgETk3gYLLaAQ306xSAYimePG5Vy4dsoykvypeiimK/w43Y4rfKl3g==','2015-10-21 04:58:42'),(8,'Wahyu Prayasa','wahprayasa@Balibagus.com','member','85j4SJeYvZMUXIhgosusGrGXhBVuIsKBogDXOa1SaApzliz3akimDpnd/qtt7aWsJotaIGVy0lKeTNjwzfIOhw==','cYJCChBI/HUco4gdYsb0Owea9nS495+vBKVzF4C0rMYhat3N0HJpg/vFUAugkfdp2LBGrq9aI7UB3uEtVVVtew==','2015-10-21 03:22:38');

/*Table structure for table `ivo_varians` */

DROP TABLE IF EXISTS `ivo_varians`;

CREATE TABLE `ivo_varians` (
  `id` int(10) unsigned NOT NULL AUTO_INCREMENT,
  `product_id` int(11) DEFAULT NULL,
  `varian1_key` varchar(255) DEFAULT NULL,
  `varian1_value` varchar(255) DEFAULT NULL,
  `varian2_key` varchar(255) DEFAULT NULL,
  `varian2_value` varchar(255) DEFAULT NULL,
  `varian3_key` varchar(255) DEFAULT NULL,
  `varian3_value` varchar(255) DEFAULT NULL,
  `sku` varchar(255) DEFAULT NULL,
  `barcode` varchar(255) DEFAULT NULL,
  `quantity` int(11) DEFAULT NULL,
  `price` double DEFAULT NULL,
  `sale_price` double DEFAULT NULL,
  `picture` text,
  PRIMARY KEY (`id`)
) ENGINE=InnoDB DEFAULT CHARSET=latin1;

/*Data for the table `ivo_varians` */

/*Table structure for table `ivo_wishes` */

DROP TABLE IF EXISTS `ivo_wishes`;

CREATE TABLE `ivo_wishes` (
  `id` int(11) NOT NULL AUTO_INCREMENT,
  `user_id` int(11) DEFAULT NULL,
  `product_id` int(11) DEFAULT NULL,
  PRIMARY KEY (`id`)
) ENGINE=InnoDB AUTO_INCREMENT=4 DEFAULT CHARSET=latin1;

/*Data for the table `ivo_wishes` */

insert  into `ivo_wishes`(`id`,`user_id`,`product_id`) values (2,7,1);

/*!40101 SET SQL_MODE=@OLD_SQL_MODE */;
/*!40014 SET UNIQUE_CHECKS=@OLD_UNIQUE_CHECKS */;
/*!40111 SET SQL_NOTES=@OLD_SQL_NOTES */;
