-- phpMyAdmin SQL Dump
-- version 4.1.12
-- http://www.phpmyadmin.net
--
-- Host: localhost
-- Generation Time: Sep 02, 2015 at 09:49
-- Server version: 5.5.36
-- PHP Version: 5.4.27

SET SQL_MODE = "NO_AUTO_VALUE_ON_ZERO";
SET time_zone = "+00:00";

--
-- Database: `ivodent`
--

-- --------------------------------------------------------

--
-- Table structure for table `ivo_categories`
--

CREATE TABLE IF NOT EXISTS `ivo_categories` (
  `id` int(11) NOT NULL AUTO_INCREMENT,
  `code` varchar(255) DEFAULT NULL,
  `name` varchar(255) DEFAULT NULL,
  `description` text,
  `slug` varchar(255) DEFAULT NULL,
  `seo_title` varchar(255) DEFAULT NULL,
  `seo_description` varchar(255) DEFAULT NULL,
  `seo_keyword` varchar(255) DEFAULT NULL,
  `created_at` time DEFAULT NULL,
  `updated_at` time DEFAULT NULL,
  PRIMARY KEY (`id`)
) ENGINE=InnoDB  DEFAULT CHARSET=latin1 AUTO_INCREMENT=5 ;

--
-- Dumping data for table `ivo_categories`
--

INSERT INTO `ivo_categories` (`id`, `code`, `name`, `description`, `slug`, `seo_title`, `seo_description`, `seo_keyword`, `created_at`, `updated_at`) VALUES
(1, 'SWISH', 'Swish™ System', 'The Swish™ Implant System now offers the simplicity of one surgical tray and one price at any level. Each Swish implant design is surgicallycompatible with the Straumann drills1 and deliver All-in-1 Packaging with a transfer/carrier, cover screw and healing collar. The new bonelevel SwishActive implant features platform-shifting and a conical hex connection. The internal hex provides six indexing positions for precise prosthetic placement while matched transgingival profiles on a range of prosthetics also allow for consistent soft tissue management throughout treatment.', 'swish-system', 'Swish Products', 'The Swish™ Implant System now offers the simplicity of one surgical tray and one price at any level.', '', '10:46:42', '04:29:43'),
(2, 'SALE10', 'Sale 10%', '', 'sale-10', 'Sale 10%', 'Sale 10%', '', '04:43:47', '04:43:47'),
(3, 'LEGACY', 'Legacy™ System', '', 'legacy-system', '', '', '', '04:15:48', '04:15:48'),
(4, 'FEATURED', 'Featured Products', '', 'featured-products', '', '', '', '20:15:10', '20:15:10');

-- --------------------------------------------------------

--
-- Table structure for table `ivo_files`
--

CREATE TABLE IF NOT EXISTS `ivo_files` (
  `id` int(11) NOT NULL AUTO_INCREMENT,
  `filename` varchar(255) DEFAULT NULL,
  `type` varchar(255) DEFAULT NULL,
  `size` varchar(255) DEFAULT NULL,
  `metadata` text,
  `created_at` datetime DEFAULT NULL,
  PRIMARY KEY (`id`)
) ENGINE=InnoDB  DEFAULT CHARSET=latin1 AUTO_INCREMENT=9 ;

--
-- Dumping data for table `ivo_files`
--

INSERT INTO `ivo_files` (`id`, `filename`, `type`, `size`, `metadata`, `created_at`) VALUES
(2, 'photo-1438557068880-c5f474830377.jpg', 'image/jpeg', '3089.33', '{"file_name":"photo-1438557068880-c5f474830377.jpg","file_type":"image\\/jpeg","file_path":"D:\\/xampp\\/htdocs\\/ivodent\\/assets\\/uploads\\/images\\/","full_path":"D:\\/xampp\\/htdocs\\/ivodent\\/assets\\/uploads\\/images\\/photo-1438557068880-c5f474830377.jpg","raw_name":"photo-1438557068880-c5f474830377","orig_name":"photo-1438557068880-c5f474830377.jpg","client_name":"photo-1438557068880-c5f474830377.jpg","file_ext":".jpg","file_size":3089.33,"is_image":true,"image_width":4672,"image_height":3104,"image_type":"jpeg","image_size_str":"width=\\"4672\\" height=\\"3104\\""}', '2015-09-01 06:09:19'),
(3, 'photo-1438557068880-c5f4748303771.jpg', 'image/jpeg', '3089.33', '{"file_name":"photo-1438557068880-c5f4748303771.jpg","file_type":"image\\/jpeg","file_path":"D:\\/xampp\\/htdocs\\/ivodent\\/assets\\/uploads\\/images\\/","full_path":"D:\\/xampp\\/htdocs\\/ivodent\\/assets\\/uploads\\/images\\/photo-1438557068880-c5f4748303771.jpg","raw_name":"photo-1438557068880-c5f4748303771","orig_name":"photo-1438557068880-c5f474830377.jpg","client_name":"photo-1438557068880-c5f474830377.jpg","file_ext":".jpg","file_size":3089.33,"is_image":true,"image_width":4672,"image_height":3104,"image_type":"jpeg","image_size_str":"width=\\"4672\\" height=\\"3104\\""}', '2015-09-02 04:51:41'),
(4, 'photo-1439242088854-0c76045f4124.jpg', 'image/jpeg', '6505.09', '{"file_name":"photo-1439242088854-0c76045f4124.jpg","file_type":"image\\/jpeg","file_path":"D:\\/xampp\\/htdocs\\/ivodent\\/assets\\/uploads\\/images\\/","full_path":"D:\\/xampp\\/htdocs\\/ivodent\\/assets\\/uploads\\/images\\/photo-1439242088854-0c76045f4124.jpg","raw_name":"photo-1439242088854-0c76045f4124","orig_name":"photo-1439242088854-0c76045f4124.jpg","client_name":"photo-1439242088854-0c76045f4124.jpg","file_ext":".jpg","file_size":6505.09,"is_image":true,"image_width":5472,"image_height":3648,"image_type":"jpeg","image_size_str":"width=\\"5472\\" height=\\"3648\\""}', '2015-09-02 04:51:59'),
(5, 'photo-1432972045743-21ecf2f127d9.jpg', 'image/jpeg', '1650.31', '{"file_name":"photo-1432972045743-21ecf2f127d9.jpg","file_type":"image\\/jpeg","file_path":"D:\\/xampp\\/htdocs\\/ivodent\\/assets\\/uploads\\/images\\/","full_path":"D:\\/xampp\\/htdocs\\/ivodent\\/assets\\/uploads\\/images\\/photo-1432972045743-21ecf2f127d9.jpg","raw_name":"photo-1432972045743-21ecf2f127d9","orig_name":"photo-1432972045743-21ecf2f127d9.jpg","client_name":"photo-1432972045743-21ecf2f127d9.jpg","file_ext":".jpg","file_size":1650.31,"is_image":true,"image_width":3625,"image_height":5437,"image_type":"jpeg","image_size_str":"width=\\"3625\\" height=\\"5437\\""}', '2015-09-02 06:14:09'),
(6, 'slide1.jpg', 'image/jpeg', '116.93', '{"file_name":"slide1.jpg","file_type":"image\\/jpeg","file_path":"D:\\/xampp\\/htdocs\\/ivodent\\/assets\\/uploads\\/images\\/","full_path":"D:\\/xampp\\/htdocs\\/ivodent\\/assets\\/uploads\\/images\\/slide1.jpg","raw_name":"slide1","orig_name":"slide1.jpg","client_name":"slide1.jpg","file_ext":".jpg","file_size":116.93,"is_image":true,"image_width":1140,"image_height":420,"image_type":"jpeg","image_size_str":"width=\\"1140\\" height=\\"420\\""}', '2015-09-02 07:21:48'),
(7, 'slide2.jpg', 'image/jpeg', '137.91', '{"file_name":"slide2.jpg","file_type":"image\\/jpeg","file_path":"D:\\/xampp\\/htdocs\\/ivodent\\/assets\\/uploads\\/images\\/","full_path":"D:\\/xampp\\/htdocs\\/ivodent\\/assets\\/uploads\\/images\\/slide2.jpg","raw_name":"slide2","orig_name":"slide2.jpg","client_name":"slide2.jpg","file_ext":".jpg","file_size":137.91,"is_image":true,"image_width":1140,"image_height":420,"image_type":"jpeg","image_size_str":"width=\\"1140\\" height=\\"420\\""}', '2015-09-02 07:21:49'),
(8, 'slide3.jpg', 'image/jpeg', '310.23', '{"file_name":"slide3.jpg","file_type":"image\\/jpeg","file_path":"D:\\/xampp\\/htdocs\\/ivodent\\/assets\\/uploads\\/images\\/","full_path":"D:\\/xampp\\/htdocs\\/ivodent\\/assets\\/uploads\\/images\\/slide3.jpg","raw_name":"slide3","orig_name":"slide3.jpg","client_name":"slide3.jpg","file_ext":".jpg","file_size":310.23,"is_image":true,"image_width":1140,"image_height":420,"image_type":"jpeg","image_size_str":"width=\\"1140\\" height=\\"420\\""}', '2015-09-02 07:21:49');

-- --------------------------------------------------------

--
-- Table structure for table `ivo_pages`
--

CREATE TABLE IF NOT EXISTS `ivo_pages` (
  `id` int(11) NOT NULL AUTO_INCREMENT,
  `title` varchar(255) DEFAULT NULL,
  `slug` varchar(255) DEFAULT NULL,
  `content` text,
  `excerpt` text,
  `seo_title` varchar(255) DEFAULT NULL,
  `seo_description` varchar(255) DEFAULT NULL,
  `seo_keyword` varchar(255) DEFAULT NULL,
  `featured_image` varchar(255) DEFAULT NULL,
  `gallery` text,
  `created_at` time DEFAULT NULL,
  `updated_at` time DEFAULT NULL,
  `user_id` int(11) DEFAULT NULL,
  PRIMARY KEY (`id`)
) ENGINE=InnoDB DEFAULT CHARSET=latin1 AUTO_INCREMENT=1 ;

-- --------------------------------------------------------

--
-- Table structure for table `ivo_products`
--

CREATE TABLE IF NOT EXISTS `ivo_products` (
  `id` int(10) unsigned NOT NULL AUTO_INCREMENT,
  `sku` varchar(255) DEFAULT NULL,
  `barcode` varchar(255) DEFAULT NULL,
  `name` varchar(255) DEFAULT NULL,
  `sequence` int(11) DEFAULT '1',
  `category_id` int(10) unsigned DEFAULT NULL,
  `description` text,
  `excerpt` text,
  `price` double DEFAULT NULL,
  `sale_price` double DEFAULT NULL,
  `note` text,
  `status` int(1) DEFAULT '1',
  `slug` varchar(255) DEFAULT NULL,
  `inventory_tracking` int(1) DEFAULT '1',
  `quantity` int(1) DEFAULT '0',
  `seo_title` varchar(255) DEFAULT NULL,
  `seo_description` varchar(255) DEFAULT NULL,
  `seo_keyword` varchar(255) DEFAULT NULL,
  `created_at` time NOT NULL,
  `updated_at` time DEFAULT NULL,
  PRIMARY KEY (`id`)
) ENGINE=InnoDB  DEFAULT CHARSET=latin1 AUTO_INCREMENT=18 ;

--
-- Dumping data for table `ivo_products`
--

INSERT INTO `ivo_products` (`id`, `sku`, `barcode`, `name`, `sequence`, `category_id`, `description`, `excerpt`, `price`, `sale_price`, `note`, `status`, `slug`, `inventory_tracking`, `quantity`, `seo_title`, `seo_description`, `seo_keyword`, `created_at`, `updated_at`) VALUES
(1, '33mmD', '', 'SwishActive - Bone-Level Implant', 0, NULL, '<p>Features &amp; Benefits</p>\r\n<ul>\r\n<li>Bone-level implant featuring surgical compatibility with Straumann&reg; drills1</li>\r\n<li>12&deg; conical hex connection with platform switching(utilizes InterActive prosthetics)</li>\r\n<li>Micro-grooves for improved tissue attachment &amp; reduced stress2</li>\r\n<li>Progressively-deeper single-lead threads for increased initial stability</li>\r\n<li>Self-tapping groove for surgical simplicity</li>\r\n<li>2mm extender retained by cover screw for use as a healing collar for one-stage surgery features a concave</li>\r\n<li>transgingival profile which matches prosthetics</li>\r\n<li>Color-coded carrier features demarcations for easy indexing and functions as a transfer</li>\r\n</ul>', 'Bone-level implant featuring surgical compatibility with Straumann® drills1', 150, 0, '', 1, 'swishactive-bone-level-implant', 1, 10, '', '', '', '11:06:19', '17:45:47'),
(3, '', '', 'Legacy1', 0, NULL, '<p>Two-Piece Implant for Two-Stage Surgery</p>', '', 0, 0, '', 1, 'legacy1', 1, 0, '', '', '', '04:18:56', '20:19:14'),
(4, '', '', 'Replacement Surgical Cover Screws', 0, NULL, '<p>Components include Tri-Grip&trade; feature for use with 1.25mmD Hex Tool,<br />Nobel Unigrip ScrewDriver orStraumann<br />SCS Driver</p>', '', 20, 0, '', 1, 'replacement-surgical-cover-screws', 1, 0, '', '', '', '04:56:30', '20:19:20'),
(5, '', '', 'SwishPlus: Tissue-Level Implant', 0, NULL, '<p>Features &amp; Benefits<br />&bull; Complete compatibility with Straumann&reg; Tissue-Level drills,<br />tools &amp; prosthetics plus standard ratchet &amp; hex tools (excluding<br />3.3mmD &amp; 5.7mmD)<br />&bull; 2mm neck half textured for tissue-level or esthetic placement1<br />&bull; Micro-grooves for improved tissue attachment &amp; reduced stress2*<br />&bull; Progressively-deeper single-lead threads for initial stability*<br />&bull; Self-tapping groove for surgical simplicity<br />&bull; All-in-1 Packaging includes Cover Screw, 2mm Healing Collar<br />&amp; Carrier/Transfer<br />&bull; Color-coded carrier features demarcations for easy indexing of<br />internal octagon flats<br />* Excluding the 3.3mmD which features a SwishTapered implant<br />thread pattern</p>', '', 150, 0, '', 1, 'swishplus-tissue-level-implant', 1, 0, '', '', '', '05:04:09', '20:57:50'),
(6, '', '', 'SwishTapered Implant System', 0, NULL, '<p>Features &amp; Benefits<br />&bull; Complete compatibility with Straumann&reg; Tissue-Level drills,<br />tools &amp; prosthetics plus standard ratchet &amp; hex tools (excluding<br />3.3mmD &amp; 5.7mmD)<br />&bull; Implant dimensions designed to allow insertion in soft bone using<br />Straumann drills<br />&bull; 2mm neck lightly textured for bone- or tissue-level placement<br />&bull; Micro-threads for improved tissue attachment, reduced stress &amp;<br />increased stability1<br />&bull; Tapered body for soft bone expansion<br />&bull; Progressively-deeper double-lead threads for increased initial<br />stability &amp; faster insertion<br />&bull; Self-tapping groove for surgical simplicity<br />&bull; All-in-1 Packaging includes Cover Screw, 2mm Healing Collar<br />&amp; Carrier/Transfer<br />&bull; Color-coded carrier features demarcations for easy indexing of<br />internal octagon flats</p>', 'SwishTapered: Bone- or Tissue-Level Implant', 150, 0, '', 1, 'swishtapered-implant-system', 1, 0, '', '', '', '05:21:35', '20:57:30'),
(7, '', '', 'SwishActive Narrow Healing Collars', 0, NULL, '<p>Components include Tri-Grip&trade; feature for use with 1.25mmD Hex Tool, Nobel Unigrip ScrewDriver orStraumann<br />SCS Driver</p>', '', 35, 0, '', 1, 'swishactive-narrow-healing-collars', 1, 0, '', '', '', '23:22:51', '20:19:34'),
(8, '', '', 'SwishActive Healing Collars', 0, NULL, '<p>Components include Tri-Grip&trade; feature for use with 1.25mmD Hex Tool, Nobel Unigrip ScrewDriver orStraumann<br />SCS Driver</p>', '', 35, 0, '', 1, 'swishactive-healing-collars', 1, 0, '', '', '', '23:27:38', '17:44:43'),
(9, '', '', 'SwishActive Wide Healing Collars', 0, NULL, '', '', 35, 0, '', 1, 'swishactive-wide-healing-collars', 1, 0, '', '', '', '23:57:17', '17:44:48'),
(10, '', '', 'SwishActive Open-Tray Implant Transfers', 0, NULL, '<p>Includes Tri-Grip&trade; Fixation Screw</p>', '', 40, 0, '', 1, 'swishactive-open-tray-implant-transfers', 1, 0, '', '', '', '00:01:29', '17:44:55'),
(11, '', '', 'SwishActive Closed-Tray Implant Transfers', 0, NULL, '<p>Includes Tri-Grip&trade; Fixation Screw</p>', '', 40, 0, '', 1, 'swishactive-closed-tray-implant-transfers', 1, 0, '', '', '', '00:04:44', '17:45:01'),
(12, '', '', 'SwishActive Implant Analogs', 0, NULL, '', '', 20, 0, '', 1, 'swishactive-implant-analogs', 1, 0, '', '', '', '00:08:06', '17:45:06'),
(13, '', '', 'SwishActive Straight Abutments Kits', 0, NULL, '<p>Includes Straight Abutment Transfer, Analog, Castable Coping,Comfort<br />Cap &amp; Fixation Screw with Tri-Grip&trade;</p>', '', 125, 0, '', 1, 'swishactive-straight-abutments-kits', 1, 0, '', '', '', '00:12:00', '17:45:17'),
(14, '', '', 'SwishActive Straight Abutments Transfers', 0, NULL, '', '', 30, 0, '', 1, 'swishactive-straight-abutments-transfers', 1, 0, '', '', '', '00:21:14', '17:45:23'),
(15, '', '', 'SwishActive Straight Abutment Comfort Caps', 0, NULL, '', '', 30, 0, '', 1, 'swishactive-straight-abutment-comfort-caps', 1, 0, '', '', '', '00:23:54', '17:45:29'),
(16, '', '', 'SwishActive Straight Abutment Analogs', 0, NULL, '<p>Includes Castable Coping</p>', '', 35, 0, '', 1, 'swishactive-straight-abutment-analogs', 1, 0, '', '', '', '00:26:56', '17:45:35'),
(17, '', '', 'SwishActive Straight Abutment Castable Copings', 0, NULL, '', '', 30, 0, '', 1, 'swishactive-straight-abutment-castable-copings', 1, 0, '', '', '', '00:29:32', '17:45:41');

-- --------------------------------------------------------

--
-- Table structure for table `ivo_products_rel_categories`
--

CREATE TABLE IF NOT EXISTS `ivo_products_rel_categories` (
  `id` int(11) NOT NULL AUTO_INCREMENT,
  `product_id` int(11) DEFAULT NULL,
  `category_id` int(11) DEFAULT NULL,
  PRIMARY KEY (`id`)
) ENGINE=InnoDB  DEFAULT CHARSET=latin1 AUTO_INCREMENT=27 ;

--
-- Dumping data for table `ivo_products_rel_categories`
--

INSERT INTO `ivo_products_rel_categories` (`id`, `product_id`, `category_id`) VALUES
(6, 1, 2),
(7, 3, 3),
(8, 4, 1),
(9, 5, 1),
(10, 6, 1),
(11, 8, 1),
(12, 7, 1),
(13, 9, 1),
(14, 10, 1),
(15, 11, 1),
(16, 12, 1),
(17, 13, 1),
(18, 14, 1),
(19, 15, 1),
(20, 16, 1),
(21, 17, 1),
(22, 3, 4),
(23, 4, 4),
(24, 5, 4),
(25, 6, 4),
(26, 7, 4);

-- --------------------------------------------------------

--
-- Table structure for table `ivo_product_images`
--

CREATE TABLE IF NOT EXISTS `ivo_product_images` (
  `id` int(11) NOT NULL AUTO_INCREMENT,
  `product_id` int(11) DEFAULT NULL,
  `file_id` int(11) DEFAULT NULL,
  PRIMARY KEY (`id`)
) ENGINE=InnoDB  DEFAULT CHARSET=latin1 AUTO_INCREMENT=19 ;

--
-- Dumping data for table `ivo_product_images`
--

INSERT INTO `ivo_product_images` (`id`, `product_id`, `file_id`) VALUES
(1, 3, 2),
(2, 3, 4),
(3, 4, 4),
(5, 7, 2),
(6, 8, 2),
(7, 9, 4),
(8, 10, 5),
(9, 11, 3),
(10, 12, 5),
(11, 13, 3),
(12, 14, 4),
(13, 15, 8),
(14, 16, 3),
(15, 17, 4),
(16, 1, 5),
(17, 6, 3),
(18, 5, 4);

-- --------------------------------------------------------

--
-- Table structure for table `ivo_sessions`
--

CREATE TABLE IF NOT EXISTS `ivo_sessions` (
  `id` varchar(40) NOT NULL,
  `ip_address` varchar(45) NOT NULL,
  `timestamp` int(10) unsigned NOT NULL DEFAULT '0',
  `data` blob NOT NULL,
  PRIMARY KEY (`id`),
  KEY `ci_sessions_timestamp` (`timestamp`)
) ENGINE=InnoDB DEFAULT CHARSET=latin1;

--
-- Dumping data for table `ivo_sessions`
--

INSERT INTO `ivo_sessions` (`id`, `ip_address`, `timestamp`, `data`) VALUES
('00513e52969bbb42dc84e0fb9367cf687f83d8be', '::1', 1441159850, 0x5f5f63695f6c6173745f726567656e65726174657c693a313434313135393832373b),
('00f2fdd9c29c42c8c1d92a142084399ebbdc62aa', '::1', 1439349597, 0x5f5f63695f6c6173745f726567656e65726174657c693a313433393334393536333b617574685f757365727c613a313a7b733a353a22746f6b656e223b733a38383a22576a7057684d33732f5a4664536854574c7752573246436358533159624e645072573141544968527643316c42796437467639716f65695155625153677a58326e5351562f7379575a6a593938386271482f7a4447513d3d223b7d),
('010b9212f1fe6c4e2d464c6ebe5d80f6d8ec62bd', '::1', 1439274582, 0x5f5f63695f6c6173745f726567656e65726174657c693a313433393237343533373b617574685f757365727c613a313a7b733a353a22746f6b656e223b733a38383a225363614b4b646267784d4a6a6d374e6c324766515776364465505976437856796b376e6c6e68372b7a6b4c505063754330736c7a727a384d64756457636a7a485239505a59624a6b344946353031366a3151433850513d3d223b7d),
('02deb55e8714a2409c1a06bd5e340bc5a7fd13e8', '::1', 1439347431, 0x5f5f63695f6c6173745f726567656e65726174657c693a313433393334373337393b617574685f757365727c613a313a7b733a353a22746f6b656e223b733a38383a22576a7057684d33732f5a4664536854574c7752573246436358533159624e645072573141544968527643316c42796437467639716f65695155625153677a58326e5351562f7379575a6a593938386271482f7a4447513d3d223b7d),
('0362b2d774f8807e12b9ae508ec5dd5b43129d1c', '::1', 1439882585, 0x5f5f63695f6c6173745f726567656e65726174657c693a313433393838323538353b617574685f757365727c613a313a7b733a353a22746f6b656e223b733a38383a2257414234793464356f6f67674c51794c554d397858427264624a4564744b69677655796a6e544e596734374e4653794f55506b6b67495044764c356938774e2b7054776b4678556f65304763634b6a4f3538664234673d3d223b7d),
('040e373cc6f8bb833c8f093bed691a366ce64e2d', '::1', 1439523864, 0x5f5f63695f6c6173745f726567656e65726174657c693a313433393532333637383b617574685f757365727c613a313a7b733a353a22746f6b656e223b733a38383a226c6d71507375647a464f45474b352b733377656e57446843696a70732b62474f6f755a63494e4a36636230656e616478494e52455349657465505643556f656333396633424c6865414771554c78624f554f4a3445673d3d223b7d),
('05475bdda0b2e2a9514fcf35e8e804ce391e0cbf', '::1', 1439541182, 0x5f5f63695f6c6173745f726567656e65726174657c693a313433393534313138323b617574685f757365727c613a313a7b733a353a22746f6b656e223b733a38383a226d622b6b496a3373587456796974766a485169596b77716e376a71546730735233565070364f434d73596c4f357574516c58544174455a4f306f696b524c514c756b32726745483165423375366a36584c706a4458773d3d223b7d),
('05528bba4d9f265ffff30de6f6b3290ee89da79e', '::1', 1440665519, 0x5f5f63695f6c6173745f726567656e65726174657c693a313434303636353232353b),
('0823d8fda17a6b6d48819bba870befdb5d238cfc', '::1', 1440054729, 0x5f5f63695f6c6173745f726567656e65726174657c693a313434303035343531333b617574685f757365727c613a313a7b733a353a22746f6b656e223b733a38383a2235426f766c34414858505a435869546f6c5132444e6344555537476655594d54324c724d734f45436c737838626a66317a6f41384f3650444f546a354e5835746e5932677a3461356c71766f6d6a71686d71514d77413d3d223b7d),
('08832ba4bc455705b3a9d43db1a86b242ae06e36', '::1', 1440383850, 0x5f5f63695f6c6173745f726567656e65726174657c693a313434303338333833393b),
('0b2acaede3104f793906889d1923d36a2939f88d', '::1', 1440992177, 0x5f5f63695f6c6173745f726567656e65726174657c693a313434303939323133373b617574685f757365727c613a313a7b733a353a22746f6b656e223b733a38383a2270552b78586c52664941565a4e48673857663379434e3237716f45425373796371794256374a4e3036766d33637945414d756f4c43446c6f3435794477765542444331546b7279744b723546566b717651366e2b61513d3d223b7d),
('0c53dd2d4d88ea0fe3340221f312e961cc7c6176', '::1', 1439955821, 0x5f5f63695f6c6173745f726567656e65726174657c693a313433393935353539323b617574685f757365727c613a313a7b733a353a22746f6b656e223b733a38383a22624f317a346a485245614676726830436a5857507a74506a51746b646c695462456362774a53566d4467457a357248316a6342476a4b5476495937752f523262344d647a30593647504830495069695168335a6a49673d3d223b7d),
('0c773cc527be60610e180efffc47e33112f0eec6', '::1', 1441088983, 0x5f5f63695f6c6173745f726567656e65726174657c693a313434313038383938303b617574685f757365727c613a313a7b733a353a22746f6b656e223b733a38383a222b2b77536e78325253354f4371747449306d6e2b775a6a4c304262747233732f75497a38793743542b3054574a353163794b5a696d76714c4b62684835356a636838504675784354776657654b4c78724761464b4d413d3d223b7d),
('0d8fe9c1228293f25e038c90d415bc6ce6059f1f', '::1', 1439518073, 0x5f5f63695f6c6173745f726567656e65726174657c693a313433393531383035363b617574685f757365727c613a313a7b733a353a22746f6b656e223b733a38383a226c6d71507375647a464f45474b352b733377656e57446843696a70732b62474f6f755a63494e4a36636230656e616478494e52455349657465505643556f656333396633424c6865414771554c78624f554f4a3445673d3d223b7d),
('115086946098e24778e89fa3689e369be0a370b6', '::1', 1440987094, 0x5f5f63695f6c6173745f726567656e65726174657c693a313434303938363838393b),
('1223ac1e8f3eaa11d76094aab0ae3b3d6c3f992c', '::1', 1441077145, 0x5f5f63695f6c6173745f726567656e65726174657c693a313434313037373130323b617574685f757365727c613a313a7b733a353a22746f6b656e223b733a38383a222b2b77536e78325253354f4371747449306d6e2b775a6a4c304262747233732f75497a38793743542b3054574a353163794b5a696d76714c4b62684835356a636838504675784354776657654b4c78724761464b4d413d3d223b7d),
('12ab22a14a64ce6349042cef507cb3be22dc16f7', '::1', 1441101235, 0x5f5f63695f6c6173745f726567656e65726174657c693a313434313130303933383b617574685f757365727c613a313a7b733a353a22746f6b656e223b733a38383a222b2b77536e78325253354f4371747449306d6e2b775a6a4c304262747233732f75497a38793743542b3054574a353163794b5a696d76714c4b62684835356a636838504675784354776657654b4c78724761464b4d413d3d223b7d),
('12d89635ca115b9bb3ff779eeff553dc3b3f796f', '::1', 1440743766, 0x5f5f63695f6c6173745f726567656e65726174657c693a313434303734333438383b),
('13072da8f1f9497a16fb95bb5048f5098cdd23e5', '::1', 1439283018, 0x5f5f63695f6c6173745f726567656e65726174657c693a313433393238323737303b617574685f757365727c613a313a7b733a353a22746f6b656e223b733a38383a225363614b4b646267784d4a6a6d374e6c324766515776364465505976437856796b376e6c6e68372b7a6b4c505063754330736c7a727a384d64756457636a7a485239505a59624a6b344946353031366a3151433850513d3d223b7d),
('1384dd7b1f8557c7ffb5ddf2ca5fc9e3dce22ba3', '::1', 1439957930, 0x5f5f63695f6c6173745f726567656e65726174657c693a313433393935373639363b617574685f757365727c613a313a7b733a353a22746f6b656e223b733a38383a22624f317a346a485245614676726830436a5857507a74506a51746b646c695462456362774a53566d4467457a357248316a6342476a4b5476495937752f523262344d647a30593647504830495069695168335a6a49673d3d223b7d),
('13a4cbbd9273204e754c46d6dd6bba7e0858e241', '::1', 1441073827, 0x5f5f63695f6c6173745f726567656e65726174657c693a313434313037333634333b617574685f757365727c613a313a7b733a353a22746f6b656e223b733a38383a222b2b77536e78325253354f4371747449306d6e2b775a6a4c304262747233732f75497a38793743542b3054574a353163794b5a696d76714c4b62684835356a636838504675784354776657654b4c78724761464b4d413d3d223b7d),
('146597bbe989f3848d28f30001f044a0a87cf0bb', '::1', 1439352625, 0x5f5f63695f6c6173745f726567656e65726174657c693a313433393335323632353b617574685f757365727c613a313a7b733a353a22746f6b656e223b733a38383a22576a7057684d33732f5a4664536854574c7752573246436358533159624e645072573141544968527643316c42796437467639716f65695155625153677a58326e5351562f7379575a6a593938386271482f7a4447513d3d223b7d),
('1470d8154240a7ca68c921ef70ef7a3505453abf', '::1', 1441191534, 0x5f5f63695f6c6173745f726567656e65726174657c693a313434313139313338353b),
('15ac193235e9aafeb7b5ffa49cf4478bdd239988', '127.0.0.1', 1441223333, 0x5f5f63695f6c6173745f726567656e65726174657c693a313434313232333232353b617574685f757365727c613a313a7b733a353a22746f6b656e223b733a38383a224e4e4b48714866346f55696a626d776252336d3739485456514a2f58347965504f4530463252306b742b794e617a566f6832654c4574786b47713564537646494d76456e46716b4846704f44574f54544836416751773d3d223b7d),
('173a47c388ead0a655016c6340b12f10c2eab40b', '::1', 1440036902, 0x5f5f63695f6c6173745f726567656e65726174657c693a313434303033363734373b617574685f757365727c613a313a7b733a353a22746f6b656e223b733a38383a224670592f3857427647364b727331325977444a666555694c58667439504b53335a317050337471374a4a6a387278365a4943616c4269676844735a644c73335a3059334e2b5847796c684f72316e52537872746e45513d3d223b7d),
('17b82c81c113ea55b7c66de80e221d9d7993a0b7', '::1', 1439264517, 0x5f5f63695f6c6173745f726567656e65726174657c693a313433393236343231383b617574685f757365727c613a313a7b733a353a22746f6b656e223b733a38383a225363614b4b646267784d4a6a6d374e6c324766515776364465505976437856796b376e6c6e68372b7a6b4c505063754330736c7a727a384d64756457636a7a485239505a59624a6b344946353031366a3151433850513d3d223b7d),
('19696ccbf95958fd5ae70e4e0f28d81c699b672b', '::1', 1439538439, 0x5f5f63695f6c6173745f726567656e65726174657c693a313433393533383134373b617574685f757365727c613a313a7b733a353a22746f6b656e223b733a38383a226d622b6b496a3373587456796974766a485169596b77716e376a71546730735233565070364f434d73596c4f357574516c58544174455a4f306f696b524c514c756b32726745483165423375366a36584c706a4458773d3d223b7d),
('1b003ea6a54b551c5b049de7dad1d44a50359c95', '::1', 1440743293, 0x5f5f63695f6c6173745f726567656e65726174657c693a313434303734333139323b617574685f757365727c613a313a7b733a353a22746f6b656e223b733a38383a22734c4a5574462b6a48466b7343515a774950697433694a4e6a4a7575784331384362627738307331323273425a692b4d706a494638463432756a6f3951632f5a4b484d4a5a553531396771675976552f377248435a513d3d223b7d),
('1b40c9027c25668751888dc629030be6a96fd904', '::1', 1440061878, 0x5f5f63695f6c6173745f726567656e65726174657c693a313434303036313833333b617574685f757365727c613a313a7b733a353a22746f6b656e223b733a38383a2235426f766c34414858505a435869546f6c5132444e6344555537476655594d54324c724d734f45436c737838626a66317a6f41384f3650444f546a354e5835746e5932677a3461356c71766f6d6a71686d71514d77413d3d223b7d),
('1b4cdfc9af91d69117c775c0ff15271a9ce427e8', '::1', 1440745562, 0x5f5f63695f6c6173745f726567656e65726174657c693a313434303734353536323b617574685f757365727c613a313a7b733a353a22746f6b656e223b733a38383a224f476c652f6a324f50763237716f6d6647624537717142664c76557055314533584d4a6477724b69757430363253492b4238357175626b533364684f75716b6a6268623355756b6239354c39553869535034746b55413d3d223b7d),
('1b783902983d9d50c24c7a2a00889268c45722c6', '::1', 1440564645, 0x5f5f63695f6c6173745f726567656e65726174657c693a313434303536343536333b617574685f757365727c613a313a7b733a353a22746f6b656e223b733a38383a227179375a71734452744b6765522f305344392b50456271364a4e6e62303471443938526476326a65346a62382f554f4170485a3549416d4f3667547347482f615664352f61777062764347614b514c5663654e3851773d3d223b7d),
('1b8154e25536fdea6486850588db3d8525037eb2', '::1', 1439350226, 0x5f5f63695f6c6173745f726567656e65726174657c693a313433393335303232363b617574685f757365727c613a313a7b733a353a22746f6b656e223b733a38383a22576a7057684d33732f5a4664536854574c7752573246436358533159624e645072573141544968527643316c42796437467639716f65695155625153677a58326e5351562f7379575a6a593938386271482f7a4447513d3d223b7d),
('1d5e08aa1f4df5f552f61a3b9f36eeefd999015d', '::1', 1440742149, 0x5f5f63695f6c6173745f726567656e65726174657c693a313434303734313932323b),
('1e2b119a14cc7a50958651d4f8caee5c23a71263', '::1', 1439533195, 0x5f5f63695f6c6173745f726567656e65726174657c693a313433393533333035333b617574685f757365727c613a313a7b733a353a22746f6b656e223b733a38383a226d622b6b496a3373587456796974766a485169596b77716e376a71546730735233565070364f434d73596c4f357574516c58544174455a4f306f696b524c514c756b32726745483165423375366a36584c706a4458773d3d223b7d),
('1f4666c09c3a211fc9c9b3a0ea72d4e7f789236a', '::1', 1441092130, 0x5f5f63695f6c6173745f726567656e65726174657c693a313434313039323130363b617574685f757365727c613a313a7b733a353a22746f6b656e223b733a38383a222b2b77536e78325253354f4371747449306d6e2b775a6a4c304262747233732f75497a38793743542b3054574a353163794b5a696d76714c4b62684835356a636838504675784354776657654b4c78724761464b4d413d3d223b7d),
('214e0d4974fd2030a7afdb2ea2b714cc5aed84a5', '::1', 1440130145, 0x5f5f63695f6c6173745f726567656e65726174657c693a313434303132393930353b),
('21c1e327f62de5d3688547b686be2af2dbabdff7', '::1', 1441099837, 0x5f5f63695f6c6173745f726567656e65726174657c693a313434313039393535343b617574685f757365727c613a313a7b733a353a22746f6b656e223b733a38383a222b2b77536e78325253354f4371747449306d6e2b775a6a4c304262747233732f75497a38793743542b3054574a353163794b5a696d76714c4b62684835356a636838504675784354776657654b4c78724761464b4d413d3d223b7d),
('2227323a145678c12bb596a67b247143a7602037', '::1', 1439350648, 0x5f5f63695f6c6173745f726567656e65726174657c693a313433393335303630353b617574685f757365727c613a313a7b733a353a22746f6b656e223b733a38383a22576a7057684d33732f5a4664536854574c7752573246436358533159624e645072573141544968527643316c42796437467639716f65695155625153677a58326e5351562f7379575a6a593938386271482f7a4447513d3d223b7d),
('24826f362f3b3f6fc11633e243315b9b257579af', '::1', 1440990272, 0x5f5f63695f6c6173745f726567656e65726174657c693a313434303939303037383b617574685f757365727c613a313a7b733a353a22746f6b656e223b733a38383a2270552b78586c52664941565a4e48673857663379434e3237716f45425373796371794256374a4e3036766d33637945414d756f4c43446c6f3435794477765542444331546b7279744b723546566b717651366e2b61513d3d223b7d737563636573737c733a31353a2253657474696e67732073617665642e223b5f5f63695f766172737c613a313a7b733a373a2273756363657373223b733a333a226f6c64223b7d),
('27a02a6962b47474b8be734b57cb7ff43af7e2fd', '::1', 1440661505, 0x5f5f63695f6c6173745f726567656e65726174657c693a313434303636313236353b),
('286d1fff5ce6ab9aada8ce3b754147fe9fa66d9a', '::1', 1439446385, 0x5f5f63695f6c6173745f726567656e65726174657c693a313433393434363231363b617574685f757365727c613a313a7b733a353a22746f6b656e223b733a38383a22676475524e326752505753394759784d62474c364e6a7371343365466b624649635575696566624e6e4e4d566b3573636e7a6d33566349535554757868777175504d794a7871336349546a6a7637504d4774334343413d3d223b7d737563636573737c733a32363a2243617465676f727920686173206265656e2064656c657465642e223b5f5f63695f766172737c613a313a7b733a373a2273756363657373223b733a333a226f6c64223b7d),
('29425cac32ebdbc03389b6e806733ae63a398d39', '::1', 1440036418, 0x5f5f63695f6c6173745f726567656e65726174657c693a313434303033363430373b617574685f757365727c613a313a7b733a353a22746f6b656e223b733a38383a224670592f3857427647364b727331325977444a666555694c58667439504b53335a317050337471374a4a6a387278365a4943616c4269676844735a644c73335a3059334e2b5847796c684f72316e52537872746e45513d3d223b7d),
('2afdb31721f06205dc38dad8b56f1bf64867ba09', '::1', 1439880751, 0x5f5f63695f6c6173745f726567656e65726174657c693a313433393838303435393b617574685f757365727c613a313a7b733a353a22746f6b656e223b733a38383a2257414234793464356f6f67674c51794c554d397858427264624a4564744b69677655796a6e544e596734374e4653794f55506b6b67495044764c356938774e2b7054776b4678556f65304763634b6a4f3538664234673d3d223b7d),
('2c161f15d13924a9f10c3a77c70df116906759b8', '::1', 1441161256, 0x5f5f63695f6c6173745f726567656e65726174657c693a313434313136313235363b617574685f757365727c613a313a7b733a353a22746f6b656e223b733a38383a22614d2f322f4e485656594f78434731796a2f74614d4e4d4d467a5636654c445852786342423952376b7139547977322f71782f42593053624468516d626d32616c51745956726631594e68424c5a41336f72643953513d3d223b7d),
('2c5e1d5834a08ffcbdabd73d814ccf048a467d14', '::1', 1439879198, 0x5f5f63695f6c6173745f726567656e65726174657c693a313433393837393038373b617574685f757365727c613a313a7b733a353a22746f6b656e223b733a38383a2257414234793464356f6f67674c51794c554d397858427264624a4564744b69677655796a6e544e596734374e4653794f55506b6b67495044764c356938774e2b7054776b4678556f65304763634b6a4f3538664234673d3d223b7d),
('2c62620868a30b28d1b044d41d033e35b2704ab6', '::1', 1441185256, 0x5f5f63695f6c6173745f726567656e65726174657c693a313434313138353235363b),
('2cb040fa961cc6d5364e611cf4645c29f98a073c', '::1', 1441083621, 0x5f5f63695f6c6173745f726567656e65726174657c693a313434313038333530313b617574685f757365727c613a313a7b733a353a22746f6b656e223b733a38383a222b2b77536e78325253354f4371747449306d6e2b775a6a4c304262747233732f75497a38793743542b3054574a353163794b5a696d76714c4b62684835356a636838504675784354776657654b4c78724761464b4d413d3d223b7d),
('2cb556320b9aec117bed45af6dd0a5be4caa9320', '::1', 1439520813, 0x5f5f63695f6c6173745f726567656e65726174657c693a313433393532303531363b617574685f757365727c613a313a7b733a353a22746f6b656e223b733a38383a226c6d71507375647a464f45474b352b733377656e57446843696a70732b62474f6f755a63494e4a36636230656e616478494e52455349657465505643556f656333396633424c6865414771554c78624f554f4a3445673d3d223b7d),
('2cf3e588e9e2eec586a601822ecc18579a564d25', '::1', 1441013944, 0x5f5f63695f6c6173745f726567656e65726174657c693a313434313031333934343b),
('2d780926fe078ed3e408bd178c4d06785a6be237', '::1', 1439449795, 0x5f5f63695f6c6173745f726567656e65726174657c693a313433393434393634393b617574685f757365727c613a313a7b733a353a22746f6b656e223b733a38383a22676475524e326752505753394759784d62474c364e6a7371343365466b624649635575696566624e6e4e4d566b3573636e7a6d33566349535554757868777175504d794a7871336349546a6a7637504d4774334343413d3d223b7d),
('2efe385c77f74ef1a95d69d0dd7063654a4ab232', '::1', 1439353167, 0x5f5f63695f6c6173745f726567656e65726174657c693a313433393335333034343b617574685f757365727c613a313a7b733a353a22746f6b656e223b733a38383a22576a7057684d33732f5a4664536854574c7752573246436358533159624e645072573141544968527643316c42796437467639716f65695155625153677a58326e5351562f7379575a6a593938386271482f7a4447513d3d223b7d),
('31653341d48501a6a48f198adb6e79b05158c874', '::1', 1439877989, 0x5f5f63695f6c6173745f726567656e65726174657c693a313433393837373736373b617574685f757365727c613a313a7b733a353a22746f6b656e223b733a38383a2257414234793464356f6f67674c51794c554d397858427264624a4564744b69677655796a6e544e596734374e4653794f55506b6b67495044764c356938774e2b7054776b4678556f65304763634b6a4f3538664234673d3d223b7d),
('31a7d4e10b069df10c220cf7dd8aeded0cfc77a9', '::1', 1440666423, 0x5f5f63695f6c6173745f726567656e65726174657c693a313434303636363339383b),
('323c7ddf8d45bbcba3b35d85712220108d9d422b', '::1', 1439362839, 0x5f5f63695f6c6173745f726567656e65726174657c693a313433393336323833393b617574685f757365727c613a313a7b733a353a22746f6b656e223b733a38383a22366f37444e2f70574353586130464b77633273614734786d76622b413361625264346f514a476265354947314545684f565a4a5a5a2f507235734556323359654137317a37596f63657a5248756d5850434f647330673d3d223b7d),
('34a756562782925314c0cfc6aa850aa76559901c', '::1', 1439276356, 0x5f5f63695f6c6173745f726567656e65726174657c693a313433393237363335363b617574685f757365727c613a313a7b733a353a22746f6b656e223b733a38383a225363614b4b646267784d4a6a6d374e6c324766515776364465505976437856796b376e6c6e68372b7a6b4c505063754330736c7a727a384d64756457636a7a485239505a59624a6b344946353031366a3151433850513d3d223b7d),
('34b7e2f6f489fd0677ad195f8c55d5da5bd5c7a5', '::1', 1439524314, 0x5f5f63695f6c6173745f726567656e65726174657c693a313433393532343132343b617574685f757365727c613a313a7b733a353a22746f6b656e223b733a38383a226c6d71507375647a464f45474b352b733377656e57446843696a70732b62474f6f755a63494e4a36636230656e616478494e52455349657465505643556f656333396633424c6865414771554c78624f554f4a3445673d3d223b7d),
('352d5ecf071bee48b4bbf44be41cce1cc1039cf6', '::1', 1439523299, 0x5f5f63695f6c6173745f726567656e65726174657c693a313433393532333138363b617574685f757365727c613a313a7b733a353a22746f6b656e223b733a38383a226c6d71507375647a464f45474b352b733377656e57446843696a70732b62474f6f755a63494e4a36636230656e616478494e52455349657465505643556f656333396633424c6865414771554c78624f554f4a3445673d3d223b7d),
('35dcf307189337f7aa71808f18fad2b142effee6', '::1', 1441081238, 0x5f5f63695f6c6173745f726567656e65726174657c693a313434313038313138393b617574685f757365727c613a313a7b733a353a22746f6b656e223b733a38383a222b2b77536e78325253354f4371747449306d6e2b775a6a4c304262747233732f75497a38793743542b3054574a353163794b5a696d76714c4b62684835356a636838504675784354776657654b4c78724761464b4d413d3d223b7d),
('3609138375b8524bc68c9bceec4cdfb2b3cd08f7', '::1', 1439556215, 0x5f5f63695f6c6173745f726567656e65726174657c693a313433393535363231323b617574685f757365727c613a313a7b733a353a22746f6b656e223b733a38383a225862794b46466a75372f46734f6d47522f343759756c79714d6b4a634b31726a706b6b4d374c4433734b574a69395a6831717955323143684e41446c664f6a61624758714a2b766f4b69484d6c744f494a6a425777413d3d223b7d),
('368aa69f6f6c26c9fe563fab172b08b86b1f52b3', '127.0.0.1', 1441217720, 0x5f5f63695f6c6173745f726567656e65726174657c693a313434313231373634313b617574685f757365727c613a313a7b733a353a22746f6b656e223b733a38383a224e4e4b48714866346f55696a626d776252336d3739485456514a2f58347965504f4530463252306b742b794e617a566f6832654c4574786b47713564537646494d76456e46716b4846704f44574f54544836416751773d3d223b7d),
('36a91b9b0188453c068188845722a2d401663ae5', '::1', 1441167690, 0x5f5f63695f6c6173745f726567656e65726174657c693a313434313136373435393b617574685f757365727c613a313a7b733a353a22746f6b656e223b733a38383a22614d2f322f4e485656594f78434731796a2f74614d4e4d4d467a5636654c445852786342423952376b7139547977322f71782f42593053624468516d626d32616c51745956726631594e68424c5a41336f72643953513d3d223b7d),
('386ceef3ca559740f526669f9b6477e880ffac12', '::1', 1439883918, 0x5f5f63695f6c6173745f726567656e65726174657c693a313433393838333633313b617574685f757365727c613a313a7b733a353a22746f6b656e223b733a38383a2257414234793464356f6f67674c51794c554d397858427264624a4564744b69677655796a6e544e596734374e4653794f55506b6b67495044764c356938774e2b7054776b4678556f65304763634b6a4f3538664234673d3d223b7d),
('392158afcb504191d40a805220c938d1d400ceeb', '::1', 1439453432, 0x5f5f63695f6c6173745f726567656e65726174657c693a313433393435333433323b617574685f757365727c613a313a7b733a353a22746f6b656e223b733a38383a22676475524e326752505753394759784d62474c364e6a7371343365466b624649635575696566624e6e4e4d566b3573636e7a6d33566349535554757868777175504d794a7871336349546a6a7637504d4774334343413d3d223b7d),
('39ae98995a20690ef52ec56f64b89048627960c1', '::1', 1439865008, 0x5f5f63695f6c6173745f726567656e65726174657c693a313433393836343732383b617574685f757365727c613a313a7b733a353a22746f6b656e223b733a38383a2257414234793464356f6f67674c51794c554d397858427264624a4564744b69677655796a6e544e596734374e4653794f55506b6b67495044764c356938774e2b7054776b4678556f65304763634b6a4f3538664234673d3d223b7d),
('3a56c1f7d564d5cefa011fc31310678fa562e260', '::1', 1441096543, 0x5f5f63695f6c6173745f726567656e65726174657c693a313434313039363236353b617574685f757365727c613a313a7b733a353a22746f6b656e223b733a38383a222b2b77536e78325253354f4371747449306d6e2b775a6a4c304262747233732f75497a38793743542b3054574a353163794b5a696d76714c4b62684835356a636838504675784354776657654b4c78724761464b4d413d3d223b7d),
('3a73327441103588430d8150e21acafff5dc53ad', '::1', 1439351576, 0x5f5f63695f6c6173745f726567656e65726174657c693a313433393335313534363b617574685f757365727c613a313a7b733a353a22746f6b656e223b733a38383a22576a7057684d33732f5a4664536854574c7752573246436358533159624e645072573141544968527643316c42796437467639716f65695155625153677a58326e5351562f7379575a6a593938386271482f7a4447513d3d223b7d),
('3b5c54dc2f6d52d767e0abe8588a37aca3b0a5b2', '::1', 1441190836, 0x5f5f63695f6c6173745f726567656e65726174657c693a313434313139303732383b),
('3b822dd151b639f2c112ef2a008be452f35c6561', '::1', 1438913960, 0x5f5f63695f6c6173745f726567656e65726174657c693a313433383931333936303b),
('3bc0f2ba810f847cd4e8b50f2f5e42bc8cb0c95b', '127.0.0.1', 1441220273, 0x5f5f63695f6c6173745f726567656e65726174657c693a313434313232303138313b617574685f757365727c613a313a7b733a353a22746f6b656e223b733a38383a224e4e4b48714866346f55696a626d776252336d3739485456514a2f58347965504f4530463252306b742b794e617a566f6832654c4574786b47713564537646494d76456e46716b4846704f44574f54544836416751773d3d223b7d),
('3d1ae3c7e0ed6cefffb1012cd0a8301de02bc0cd', '::1', 1440213120, 0x5f5f63695f6c6173745f726567656e65726174657c693a313434303231333037323b),
('3dd8fee556dcadea123b7108e19a117f753097ee', '::1', 1440667285, 0x5f5f63695f6c6173745f726567656e65726174657c693a313434303636373139313b),
('3f7d8cc1f95b1ab154dbaa2330a6dfce0d948dd3', '::1', 1440556292, 0x5f5f63695f6c6173745f726567656e65726174657c693a313434303535363239323b617574685f757365727c613a313a7b733a353a22746f6b656e223b733a38383a227179375a71734452744b6765522f305344392b50456271364a4e6e62303471443938526476326a65346a62382f554f4170485a3549416d4f3667547347482f615664352f61777062764347614b514c5663654e3851773d3d223b7d737563636573737c733a31353a2253657474696e67732073617665642e223b5f5f63695f766172737c613a313a7b733a373a2273756363657373223b733a333a226f6c64223b7d),
('40cfd357661fea5b1c6bc1c6a429bae6d3cd98cc', '::1', 1439269889, 0x5f5f63695f6c6173745f726567656e65726174657c693a313433393236393832343b617574685f757365727c613a313a7b733a353a22746f6b656e223b733a38383a225363614b4b646267784d4a6a6d374e6c324766515776364465505976437856796b376e6c6e68372b7a6b4c505063754330736c7a727a384d64756457636a7a485239505a59624a6b344946353031366a3151433850513d3d223b7d),
('4287eb75a237fb672366c951701d935155cc83b4', '::1', 1440060922, 0x5f5f63695f6c6173745f726567656e65726174657c693a313434303036303637333b617574685f757365727c613a313a7b733a353a22746f6b656e223b733a38383a2235426f766c34414858505a435869546f6c5132444e6344555537476655594d54324c724d734f45436c737838626a66317a6f41384f3650444f546a354e5835746e5932677a3461356c71766f6d6a71686d71514d77413d3d223b7d),
('42ddf1d1adf8962fb707d1f895616b746058735f', '::1', 1440131250, 0x5f5f63695f6c6173745f726567656e65726174657c693a313434303133313235303b),
('433955af403bfe1ad43d99e924f031a3bceef6af', '::1', 1439371237, 0x5f5f63695f6c6173745f726567656e65726174657c693a313433393337313136383b617574685f757365727c613a313a7b733a353a22746f6b656e223b733a38383a22366f37444e2f70574353586130464b77633273614734786d76622b413361625264346f514a476265354947314545684f565a4a5a5a2f507235734556323359654137317a37596f63657a5248756d5850434f647330673d3d223b7d),
('43770d4dad036b6e68f15a5ba34de1bfa4e26b31', '::1', 1439283430, 0x5f5f63695f6c6173745f726567656e65726174657c693a313433393238333138343b617574685f757365727c613a313a7b733a353a22746f6b656e223b733a38383a225363614b4b646267784d4a6a6d374e6c324766515776364465505976437856796b376e6c6e68372b7a6b4c505063754330736c7a727a384d64756457636a7a485239505a59624a6b344946353031366a3151433850513d3d223b7d),
('44c926930317bb96d3b0f751c05d869f5eaca9e6', '::1', 1439881151, 0x5f5f63695f6c6173745f726567656e65726174657c693a313433393838313135313b617574685f757365727c613a313a7b733a353a22746f6b656e223b733a38383a2257414234793464356f6f67674c51794c554d397858427264624a4564744b69677655796a6e544e596734374e4653794f55506b6b67495044764c356938774e2b7054776b4678556f65304763634b6a4f3538664234673d3d223b7d),
('4595069b446789d7d78f8bd2f34c89ba0c7d8703', '::1', 1440668308, 0x5f5f63695f6c6173745f726567656e65726174657c693a313434303636383031303b),
('4657d9d4bf3db300d3adb44a40e72c488708b9d0', '::1', 1440563019, 0x5f5f63695f6c6173745f726567656e65726174657c693a313434303536333031393b617574685f757365727c613a313a7b733a353a22746f6b656e223b733a38383a227179375a71734452744b6765522f305344392b50456271364a4e6e62303471443938526476326a65346a62382f554f4170485a3549416d4f3667547347482f615664352f61777062764347614b514c5663654e3851773d3d223b7d),
('46b947df984d5a75352cf67d25573fe621e37934', '::1', 1439278399, 0x5f5f63695f6c6173745f726567656e65726174657c693a313433393237383133383b617574685f757365727c613a313a7b733a353a22746f6b656e223b733a38383a225363614b4b646267784d4a6a6d374e6c324766515776364465505976437856796b376e6c6e68372b7a6b4c505063754330736c7a727a384d64756457636a7a485239505a59624a6b344946353031366a3151433850513d3d223b7d),
('46e1647f44003e4cb5efe3abfe0fd40784ced01d', '::1', 1439449489, 0x5f5f63695f6c6173745f726567656e65726174657c693a313433393434393332313b617574685f757365727c613a313a7b733a353a22746f6b656e223b733a38383a22676475524e326752505753394759784d62474c364e6a7371343365466b624649635575696566624e6e4e4d566b3573636e7a6d33566349535554757868777175504d794a7871336349546a6a7637504d4774334343413d3d223b7d),
('476374f1127e4aa23aa44c9c7f480b64b3ae99a3', '::1', 1441009997, 0x5f5f63695f6c6173745f726567656e65726174657c693a313434313030393730383b),
('47cf949ad11df816b91441f7ed8c327cf8d9aa31', '::1', 1438843508, 0x5f5f63695f6c6173745f726567656e65726174657c693a313433383834333232343b617574685f757365727c613a313a7b733a353a22746f6b656e223b733a38383a2269496b436b436e55525a3253714d4e654b7656346d4478375069476831514f7a2f7a79446e632b6a4979632b676b62686f47444632556459414f527663624b6974643743366e43467632714274346f48556232526a773d3d223b7d),
('47ebf23c44b6875f75bb7ec01ee9ccd37e84d45e', '::1', 1440398770, 0x5f5f63695f6c6173745f726567656e65726174657c693a313434303339383631373b617574685f757365727c613a313a7b733a353a22746f6b656e223b733a38383a227158597a466f30526d546a5239385742516667516c494f7a75536a5370676e574e4f59647a344e4a766a6f6857573759754e4e626e6245617577533250726166577468795666596371694664653954546f59513854773d3d223b7d),
('47f7ecf47b2efb8a1de4201b30cf3cb93526de8e', '::1', 1441160877, 0x5f5f63695f6c6173745f726567656e65726174657c693a313434313136303837373b617574685f757365727c613a313a7b733a353a22746f6b656e223b733a38383a22614d2f322f4e485656594f78434731796a2f74614d4e4d4d467a5636654c445852786342423952376b7139547977322f71782f42593053624468516d626d32616c51745956726631594e68424c5a41336f72643953513d3d223b7d),
('4856e9eb9a9fbfd17633e1966bc3df966ed1d170', '::1', 1440484724, 0x5f5f63695f6c6173745f726567656e65726174657c693a313434303438343732343b),
('48efa0ce1c893cf4a3e28f761fc37c6e2a40ad44', '::1', 1438842237, 0x5f5f63695f6c6173745f726567656e65726174657c693a313433383834323233323b617574685f757365727c613a313a7b733a353a22746f6b656e223b733a38383a2269496b436b436e55525a3253714d4e654b7656346d4478375069476831514f7a2f7a79446e632b6a4979632b676b62686f47444632556459414f527663624b6974643743366e43467632714274346f48556232526a773d3d223b7d),
('490ed1521b5b2633ada29e5c9161237cdc97eac7', '::1', 1439968591, 0x5f5f63695f6c6173745f726567656e65726174657c693a313433393936383330303b617574685f757365727c613a313a7b733a353a22746f6b656e223b733a38383a22346b55737865364338645a586452615a4a69383539455751314e77725648497049394678545545643137413953545570657473796359637a463258306e494b4a696f6f4450596237722f3152733653336c54587271413d3d223b7d),
('4b915e1d1759a97fe0026014abd90e2711f8e2e6', '::1', 1440564479, 0x5f5f63695f6c6173745f726567656e65726174657c693a313434303536343232323b617574685f757365727c613a313a7b733a353a22746f6b656e223b733a38383a227179375a71734452744b6765522f305344392b50456271364a4e6e62303471443938526476326a65346a62382f554f4170485a3549416d4f3667547347482f615664352f61777062764347614b514c5663654e3851773d3d223b7d),
('4cdb5127dbe01bb777126403c4cd4d77c4ded95a', '::1', 1440990053, 0x5f5f63695f6c6173745f726567656e65726174657c693a313434303938393737363b617574685f757365727c613a313a7b733a353a22746f6b656e223b733a38383a2270552b78586c52664941565a4e48673857663379434e3237716f45425373796371794256374a4e3036766d33637945414d756f4c43446c6f3435794477765542444331546b7279744b723546566b717651366e2b61513d3d223b7d),
('4ec1c262ec3c8e0402082bc3544552cab3e0a7d5', '::1', 1440384816, 0x5f5f63695f6c6173745f726567656e65726174657c693a313434303338343639353b),
('50212bc2ee2105ae4305f72ac2994cf6f38f6011', '::1', 1441097399, 0x5f5f63695f6c6173745f726567656e65726174657c693a313434313039373231363b617574685f757365727c613a313a7b733a353a22746f6b656e223b733a38383a222b2b77536e78325253354f4371747449306d6e2b775a6a4c304262747233732f75497a38793743542b3054574a353163794b5a696d76714c4b62684835356a636838504675784354776657654b4c78724761464b4d413d3d223b7d),
('50779317431962a502ed2af334a0a164941d6da5', '::1', 1440744354, 0x5f5f63695f6c6173745f726567656e65726174657c693a313434303734343130323b617574685f757365727c613a313a7b733a353a22746f6b656e223b733a38383a224f476c652f6a324f50763237716f6d6647624537717142664c76557055314533584d4a6477724b69757430363253492b4238357175626b533364684f75716b6a6268623355756b6239354c39553869535034746b55413d3d223b7d),
('50aae8e5f8ba8a6a6c3c4b27a5ac85245cadf775', '::1', 1440400162, 0x5f5f63695f6c6173745f726567656e65726174657c693a313434303339393936393b617574685f757365727c613a313a7b733a353a22746f6b656e223b733a38383a227158597a466f30526d546a5239385742516667516c494f7a75536a5370676e574e4f59647a344e4a766a6f6857573759754e4e626e6245617577533250726166577468795666596371694664653954546f59513854773d3d223b7d),
('5476a61ae1512c76729811137eb1e4667e616bac', '::1', 1440741686, 0x5f5f63695f6c6173745f726567656e65726174657c693a313434303734313435393b),
('54de1736505d68bbfac0416569740b151521fdbe', '::1', 1439368374, 0x5f5f63695f6c6173745f726567656e65726174657c693a313433393336383332323b617574685f757365727c613a313a7b733a353a22746f6b656e223b733a38383a22366f37444e2f70574353586130464b77633273614734786d76622b413361625264346f514a476265354947314545684f565a4a5a5a2f507235734556323359654137317a37596f63657a5248756d5850434f647330673d3d223b7d),
('558672be265d64136b1f6b4dc39d94d8ba899910', '::1', 1439450134, 0x5f5f63695f6c6173745f726567656e65726174657c693a313433393435303034313b617574685f757365727c613a313a7b733a353a22746f6b656e223b733a38383a22676475524e326752505753394759784d62474c364e6a7371343365466b624649635575696566624e6e4e4d566b3573636e7a6d33566349535554757868777175504d794a7871336349546a6a7637504d4774334343413d3d223b7d),
('560caf6bb7ac3c91e62d4af46750a7a44e29b4cd', '::1', 1440992632, 0x5f5f63695f6c6173745f726567656e65726174657c693a313434303939323436333b617574685f757365727c613a313a7b733a353a22746f6b656e223b733a38383a2270552b78586c52664941565a4e48673857663379434e3237716f45425373796371794256374a4e3036766d33637945414d756f4c43446c6f3435794477765542444331546b7279744b723546566b717651366e2b61513d3d223b7d),
('562f8482004dfe624f8d345fd519a0644697b9cd', '::1', 1440125794, 0x5f5f63695f6c6173745f726567656e65726174657c693a313434303132353739343b),
('564bfb6b585945bbf8d6f5c44dd85dda7b4021bb', '::1', 1439365018, 0x5f5f63695f6c6173745f726567656e65726174657c693a313433393336343738303b617574685f757365727c613a313a7b733a353a22746f6b656e223b733a38383a22366f37444e2f70574353586130464b77633273614734786d76622b413361625264346f514a476265354947314545684f565a4a5a5a2f507235734556323359654137317a37596f63657a5248756d5850434f647330673d3d223b7d),
('5650d6837101507a91e7c221e0783e7f20e80a0e', '::1', 1439519360, 0x5f5f63695f6c6173745f726567656e65726174657c693a313433393531393130363b617574685f757365727c613a313a7b733a353a22746f6b656e223b733a38383a226c6d71507375647a464f45474b352b733377656e57446843696a70732b62474f6f755a63494e4a36636230656e616478494e52455349657465505643556f656333396633424c6865414771554c78624f554f4a3445673d3d223b7d),
('569093f65c16e244f37f064e5b058f8ae3f029f4', '::1', 1439367161, 0x5f5f63695f6c6173745f726567656e65726174657c693a313433393336373030393b617574685f757365727c613a313a7b733a353a22746f6b656e223b733a38383a22366f37444e2f70574353586130464b77633273614734786d76622b413361625264346f514a476265354947314545684f565a4a5a5a2f507235734556323359654137317a37596f63657a5248756d5850434f647330673d3d223b7d),
('572e61299059e188249435a5abe32502c881fb2c', '::1', 1441168844, 0x5f5f63695f6c6173745f726567656e65726174657c693a313434313136383534393b617574685f757365727c613a313a7b733a353a22746f6b656e223b733a38383a22614d2f322f4e485656594f78434731796a2f74614d4e4d4d467a5636654c445852786342423952376b7139547977322f71782f42593053624468516d626d32616c51745956726631594e68424c5a41336f72643953513d3d223b7d737563636573737c733a32363a2243617465676f727920686173206265656e20757064617465642e223b5f5f63695f766172737c613a313a7b733a373a2273756363657373223b733a333a226e6577223b7d),
('57f4e9688e78a479b16b50e8830c857382c24788', '::1', 1439353897, 0x5f5f63695f6c6173745f726567656e65726174657c693a313433393335333839353b617574685f757365727c613a313a7b733a353a22746f6b656e223b733a38383a22576a7057684d33732f5a4664536854574c7752573246436358533159624e645072573141544968527643316c42796437467639716f65695155625153677a58326e5351562f7379575a6a593938386271482f7a4447513d3d223b7d),
('5810323c5783ebe222dbcd64fe4aa027bea87826', '::1', 1440743159, 0x5f5f63695f6c6173745f726567656e65726174657c693a313434303734333134303b617574685f757365727c613a313a7b733a353a22746f6b656e223b733a38383a22507957534f3959536e2f4b574d7670337964562b3735595a35704b352f66313274786469544f6d37576278334d58576c536a377968457852456167425163653437437531774e73435336624c596f7873445a576f44773d3d223b7d),
('5883d45d899916d7d24e41a56c25231f72b03790', '::1', 1439276086, 0x5f5f63695f6c6173745f726567656e65726174657c693a313433393237363034363b617574685f757365727c613a313a7b733a353a22746f6b656e223b733a38383a225363614b4b646267784d4a6a6d374e6c324766515776364465505976437856796b376e6c6e68372b7a6b4c505063754330736c7a727a384d64756457636a7a485239505a59624a6b344946353031366a3151433850513d3d223b7d),
('59a6311e11fec8903e45e4a415ef347c8d2dad5a', '::1', 1439277692, 0x5f5f63695f6c6173745f726567656e65726174657c693a313433393237373535323b617574685f757365727c613a313a7b733a353a22746f6b656e223b733a38383a225363614b4b646267784d4a6a6d374e6c324766515776364465505976437856796b376e6c6e68372b7a6b4c505063754330736c7a727a384d64756457636a7a485239505a59624a6b344946353031366a3151433850513d3d223b7d),
('5a2b53994ba6e69125e12fb6f55c02444a51c8a2', '::1', 1440665018, 0x5f5f63695f6c6173745f726567656e65726174657c693a313434303636343837363b),
('5ab20da54ef01bd35f06bf88363a0b2a53c7e087', '::1', 1440741024, 0x5f5f63695f6c6173745f726567656e65726174657c693a313434303734313032343b),
('5acc3c7d372f12eb0772ec6d99c6baa12ed0dfee', '::1', 1440559976, 0x5f5f63695f6c6173745f726567656e65726174657c693a313434303535393937363b617574685f757365727c613a313a7b733a353a22746f6b656e223b733a38383a227179375a71734452744b6765522f305344392b50456271364a4e6e62303471443938526476326a65346a62382f554f4170485a3549416d4f3667547347482f615664352f61777062764347614b514c5663654e3851773d3d223b7d),
('5bb0f8bc51c1df726d716e267e31dd9b8658eb57', '::1', 1440661790, 0x5f5f63695f6c6173745f726567656e65726174657c693a313434303636313630363b),
('5ca4d3663a4f502444916755d88fbe65fbb6be03', '::1', 1441099358, 0x5f5f63695f6c6173745f726567656e65726174657c693a313434313039393138383b617574685f757365727c613a313a7b733a353a22746f6b656e223b733a38383a222b2b77536e78325253354f4371747449306d6e2b775a6a4c304262747233732f75497a38793743542b3054574a353163794b5a696d76714c4b62684835356a636838504675784354776657654b4c78724761464b4d413d3d223b7d),
('5d894e13963fce5d8c9d2a478338e200059fb46b', '::1', 1439555842, 0x5f5f63695f6c6173745f726567656e65726174657c693a313433393535353534373b617574685f757365727c613a313a7b733a353a22746f6b656e223b733a38383a225862794b46466a75372f46734f6d47522f343759756c79714d6b4a634b31726a706b6b4d374c4433734b574a69395a6831717955323143684e41446c664f6a61624758714a2b766f4b69484d6c744f494a6a425777413d3d223b7d737563636573737c733a33323a2250726f647563742076617269616e20686173206265656e20757064617465642e223b5f5f63695f766172737c613a313a7b733a373a2273756363657373223b733a333a226e6577223b7d),
('5d9e6b28f4ed5df76b21c8354876f6c6e986f5a9', '::1', 1440212279, 0x5f5f63695f6c6173745f726567656e65726174657c693a313434303231323237393b),
('5da500ead411b6cad2cf893d1026538cd4da61e1', '::1', 1440132795, 0x5f5f63695f6c6173745f726567656e65726174657c693a313434303133323739353b),
('5e04d041199e64eb37820e8acecc448e95d7cd62', '::1', 1440650352, 0x5f5f63695f6c6173745f726567656e65726174657c693a313434303635303135383b),
('5e50761eef9716e20fbea79ac3f1b7d20c404e16', '::1', 1441169903, 0x5f5f63695f6c6173745f726567656e65726174657c693a313434313136393834363b617574685f757365727c613a313a7b733a353a22746f6b656e223b733a38383a22614d2f322f4e485656594f78434731796a2f74614d4e4d4d467a5636654c445852786342423952376b7139547977322f71782f42593053624468516d626d32616c51745956726631594e68424c5a41336f72643953513d3d223b7d),
('5eac86422038537ed25e3bd7444a6f2b23aedc7b', '::1', 1441076415, 0x5f5f63695f6c6173745f726567656e65726174657c693a313434313037363431353b617574685f757365727c613a313a7b733a353a22746f6b656e223b733a38383a222b2b77536e78325253354f4371747449306d6e2b775a6a4c304262747233732f75497a38793743542b3054574a353163794b5a696d76714c4b62684835356a636838504675784354776657654b4c78724761464b4d413d3d223b7d),
('5faf860e385a4fb77221f3f4e2cfba3bafc8b3d7', '::1', 1441162497, 0x5f5f63695f6c6173745f726567656e65726174657c693a313434313136323239373b617574685f757365727c613a313a7b733a353a22746f6b656e223b733a38383a22614d2f322f4e485656594f78434731796a2f74614d4e4d4d467a5636654c445852786342423952376b7139547977322f71782f42593053624468516d626d32616c51745956726631594e68424c5a41336f72643953513d3d223b7d),
('6127594511898e1e79cb0ed11bfe00a937edd1cf', '::1', 1439544452, 0x5f5f63695f6c6173745f726567656e65726174657c693a313433393534343137313b617574685f757365727c613a313a7b733a353a22746f6b656e223b733a38383a226d622b6b496a3373587456796974766a485169596b77716e376a71546730735233565070364f434d73596c4f357574516c58544174455a4f306f696b524c514c756b32726745483165423375366a36584c706a4458773d3d223b7d),
('6181051f3721f6ee13ce34d97197785cae5102f8', '127.0.0.1', 1441220802, 0x5f5f63695f6c6173745f726567656e65726174657c693a313434313232303534343b617574685f757365727c613a313a7b733a353a22746f6b656e223b733a38383a224e4e4b48714866346f55696a626d776252336d3739485456514a2f58347965504f4530463252306b742b794e617a566f6832654c4574786b47713564537646494d76456e46716b4846704f44574f54544836416751773d3d223b7d),
('62a1c0ee3b2c4712794de260cf53f25b6eb336b7', '::1', 1441098998, 0x5f5f63695f6c6173745f726567656e65726174657c693a313434313039383735363b617574685f757365727c613a313a7b733a353a22746f6b656e223b733a38383a222b2b77536e78325253354f4371747449306d6e2b775a6a4c304262747233732f75497a38793743542b3054574a353163794b5a696d76714c4b62684835356a636838504675784354776657654b4c78724761464b4d413d3d223b7d),
('62da4f9901c304c00646f170509d77d95a357cb9', '::1', 1440668665, 0x5f5f63695f6c6173745f726567656e65726174657c693a313434303636383636313b),
('64fa045983a4ea01f28ba13d155b87923bb33cc9', '::1', 1441088797, 0x5f5f63695f6c6173745f726567656e65726174657c693a313434313038383637323b617574685f757365727c613a313a7b733a353a22746f6b656e223b733a38383a222b2b77536e78325253354f4371747449306d6e2b775a6a4c304262747233732f75497a38793743542b3054574a353163794b5a696d76714c4b62684835356a636838504675784354776657654b4c78724761464b4d413d3d223b7d),
('6637d7258ea82800967772f3721aa77f31261c80', '127.0.0.1', 1441222651, 0x5f5f63695f6c6173745f726567656e65726174657c693a313434313232323530303b617574685f757365727c613a313a7b733a353a22746f6b656e223b733a38383a224e4e4b48714866346f55696a626d776252336d3739485456514a2f58347965504f4530463252306b742b794e617a566f6832654c4574786b47713564537646494d76456e46716b4846704f44574f54544836416751773d3d223b7d),
('672e2d52b879e7e0d319c05184eb8035e18d2ba3', '::1', 1441098374, 0x5f5f63695f6c6173745f726567656e65726174657c693a313434313039383336373b617574685f757365727c613a313a7b733a353a22746f6b656e223b733a38383a222b2b77536e78325253354f4371747449306d6e2b775a6a4c304262747233732f75497a38793743542b3054574a353163794b5a696d76714c4b62684835356a636838504675784354776657654b4c78724761464b4d413d3d223b7d),
('673ab752e39e8d69686b79fe26a2f3fd5acf2059', '::1', 1439864573, 0x5f5f63695f6c6173745f726567656e65726174657c693a313433393836343339313b617574685f757365727c613a313a7b733a353a22746f6b656e223b733a38383a2257414234793464356f6f67674c51794c554d397858427264624a4564744b69677655796a6e544e596734374e4653794f55506b6b67495044764c356938774e2b7054776b4678556f65304763634b6a4f3538664234673d3d223b7d737563636573737c733a32363a2243617465676f727920686173206265656e2064656c657465642e223b5f5f63695f766172737c613a313a7b733a373a2273756363657373223b733a333a226f6c64223b7d),
('676c1b9795df7df852261e7edcb989f461bc1dc1', '::1', 1440989013, 0x5f5f63695f6c6173745f726567656e65726174657c693a313434303938393030353b617574685f757365727c613a313a7b733a353a22746f6b656e223b733a38383a2270552b78586c52664941565a4e48673857663379434e3237716f45425373796371794256374a4e3036766d33637945414d756f4c43446c6f3435794477765542444331546b7279744b723546566b717651366e2b61513d3d223b7d),
('6a6165740ffcbb70b7dd3673247c1563bb326fdd', '::1', 1439369677, 0x5f5f63695f6c6173745f726567656e65726174657c693a313433393336393339313b617574685f757365727c613a313a7b733a353a22746f6b656e223b733a38383a22366f37444e2f70574353586130464b77633273614734786d76622b413361625264346f514a476265354947314545684f565a4a5a5a2f507235734556323359654137317a37596f63657a5248756d5850434f647330673d3d223b7d),
('6b7bf4c2aa9a7cfc45b534c5bf1fb148fa55c458', '::1', 1439952305, 0x5f5f63695f6c6173745f726567656e65726174657c693a313433393935323234383b),
('6c6ed2c5be7a3e0fa88b22f84aabdb4727f552b5', '::1', 1441159628, 0x5f5f63695f6c6173745f726567656e65726174657c693a313434313135393336313b),
('6d70ada7021a54c6ca499e51c80a90edb8c121d8', '::1', 1441083211, 0x5f5f63695f6c6173745f726567656e65726174657c693a313434313038333138303b617574685f757365727c613a313a7b733a353a22746f6b656e223b733a38383a222b2b77536e78325253354f4371747449306d6e2b775a6a4c304262747233732f75497a38793743542b3054574a353163794b5a696d76714c4b62684835356a636838504675784354776657654b4c78724761464b4d413d3d223b7d),
('6d8762f9404c09ad7a4dd76c7b3a571d0bed0436', '::1', 1439865102, 0x5f5f63695f6c6173745f726567656e65726174657c693a313433393836353036363b617574685f757365727c613a313a7b733a353a22746f6b656e223b733a38383a2257414234793464356f6f67674c51794c554d397858427264624a4564744b69677655796a6e544e596734374e4653794f55506b6b67495044764c356938774e2b7054776b4678556f65304763634b6a4f3538664234673d3d223b7d737563636573737c733a32363a2243617465676f727920686173206265656e2064656c657465642e223b5f5f63695f766172737c613a313a7b733a373a2273756363657373223b733a333a226f6c64223b7d),
('6eeb6c161a6bf4bc5a35f4858cac6e32bedda06e', '::1', 1439370393, 0x5f5f63695f6c6173745f726567656e65726174657c693a313433393337303134343b617574685f757365727c613a313a7b733a353a22746f6b656e223b733a38383a22366f37444e2f70574353586130464b77633273614734786d76622b413361625264346f514a476265354947314545684f565a4a5a5a2f507235734556323359654137317a37596f63657a5248756d5850434f647330673d3d223b7d),
('6ef177f4d6375f04b1d55201d255075280560037', '::1', 1440663085, 0x5f5f63695f6c6173745f726567656e65726174657c693a313434303636323830343b),
('6f9274f687874869acf4e8ad4036968babf972c0', '::1', 1440379745, 0x5f5f63695f6c6173745f726567656e65726174657c693a313434303337393436323b),
('6fee06b7a795dd03d6ad08ad2db2a1ac9d685577', '::1', 1439368974, 0x5f5f63695f6c6173745f726567656e65726174657c693a313433393336383639303b617574685f757365727c613a313a7b733a353a22746f6b656e223b733a38383a22366f37444e2f70574353586130464b77633273614734786d76622b413361625264346f514a476265354947314545684f565a4a5a5a2f507235734556323359654137317a37596f63657a5248756d5850434f647330673d3d223b7d),
('7041ba18426f96806f4688a7d72f6aa12d243e2b', '::1', 1440053078, 0x5f5f63695f6c6173745f726567656e65726174657c693a313434303035333037383b617574685f757365727c613a313a7b733a353a22746f6b656e223b733a38383a2235426f766c34414858505a435869546f6c5132444e6344555537476655594d54324c724d734f45436c737838626a66317a6f41384f3650444f546a354e5835746e5932677a3461356c71766f6d6a71686d71514d77413d3d223b7d),
('705c5f9b913cd987c3482f15a2dbdfb4924aa511', '::1', 1439370140, 0x5f5f63695f6c6173745f726567656e65726174657c693a313433393336393834333b617574685f757365727c613a313a7b733a353a22746f6b656e223b733a38383a22366f37444e2f70574353586130464b77633273614734786d76622b413361625264346f514a476265354947314545684f565a4a5a5a2f507235734556323359654137317a37596f63657a5248756d5850434f647330673d3d223b7d),
('70e3886193899d78e29e6260faad1f44244e40ae', '::1', 1441016248, 0x5f5f63695f6c6173745f726567656e65726174657c693a313434313031363234353b),
('71694531e9905da154f9d06de7e19d60ea18a223', '::1', 1441172617, 0x5f5f63695f6c6173745f726567656e65726174657c693a313434313137323337333b617574685f757365727c613a313a7b733a353a22746f6b656e223b733a38383a22614d2f322f4e485656594f78434731796a2f74614d4e4d4d467a5636654c445852786342423952376b7139547977322f71782f42593053624468516d626d32616c51745956726631594e68424c5a41336f72643953513d3d223b7d),
('7171deb82f5230b281eb2454dd4b74ce3c8a0e9b', '::1', 1438914689, 0x5f5f63695f6c6173745f726567656e65726174657c693a313433383931343638383b),
('7236c6a60693b5955239dbaae2b1701a42867ccd', '::1', 1441169149, 0x5f5f63695f6c6173745f726567656e65726174657c693a313434313136383836383b617574685f757365727c613a313a7b733a353a22746f6b656e223b733a38383a22614d2f322f4e485656594f78434731796a2f74614d4e4d4d467a5636654c445852786342423952376b7139547977322f71782f42593053624468516d626d32616c51745956726631594e68424c5a41336f72643953513d3d223b7d),
('7247eac976ef7f648133e0a54c6db11ada50206b', '::1', 1440668356, 0x5f5f63695f6c6173745f726567656e65726174657c693a313434303636383331323b),
('728f1ef73525a0b0fca8274b2c78f877e2cfd5bd', '::1', 1440061763, 0x5f5f63695f6c6173745f726567656e65726174657c693a313434303036313437303b617574685f757365727c613a313a7b733a353a22746f6b656e223b733a38383a2235426f766c34414858505a435869546f6c5132444e6344555537476655594d54324c724d734f45436c737838626a66317a6f41384f3650444f546a354e5835746e5932677a3461356c71766f6d6a71686d71514d77413d3d223b7d),
('73842b3d25d35eedd17fd9b3b15c8f44d519a833', '::1', 1441160728, 0x5f5f63695f6c6173745f726567656e65726174657c693a313434313136303436383b617574685f757365727c613a313a7b733a353a22746f6b656e223b733a38383a22614d2f322f4e485656594f78434731796a2f74614d4e4d4d467a5636654c445852786342423952376b7139547977322f71782f42593053624468516d626d32616c51745956726631594e68424c5a41336f72643953513d3d223b7d),
('746275ddaacd0405956396fc03770fc9ee59e3f3', '::1', 1439448900, 0x5f5f63695f6c6173745f726567656e65726174657c693a313433393434383834353b617574685f757365727c613a313a7b733a353a22746f6b656e223b733a38383a22676475524e326752505753394759784d62474c364e6a7371343365466b624649635575696566624e6e4e4d566b3573636e7a6d33566349535554757868777175504d794a7871336349546a6a7637504d4774334343413d3d223b7d),
('751cd17119f14f1326dfb85fcbee71273ee0555c', '::1', 1439345946, 0x5f5f63695f6c6173745f726567656e65726174657c693a313433393334353735383b617574685f757365727c613a313a7b733a353a22746f6b656e223b733a38383a22576a7057684d33732f5a4664536854574c7752573246436358533159624e645072573141544968527643316c42796437467639716f65695155625153677a58326e5351562f7379575a6a593938386271482f7a4447513d3d223b7d),
('76736e352cde98e27faaf9f8a480f0669792fbec', '::1', 1440651415, 0x5f5f63695f6c6173745f726567656e65726174657c693a313434303635313131363b),
('76ac3c7fb5a54bb0e9175633c130bee5ffc608ed', '::1', 1439559716, 0x5f5f63695f6c6173745f726567656e65726174657c693a313433393535393730393b617574685f757365727c613a313a7b733a353a22746f6b656e223b733a38383a225862794b46466a75372f46734f6d47522f343759756c79714d6b4a634b31726a706b6b4d374c4433734b574a69395a6831717955323143684e41446c664f6a61624758714a2b766f4b69484d6c744f494a6a425777413d3d223b7d);
INSERT INTO `ivo_sessions` (`id`, `ip_address`, `timestamp`, `data`) VALUES
('77ac295a0015bcf07453b454d67c6090e6c26e0c', '::1', 1439347871, 0x5f5f63695f6c6173745f726567656e65726174657c693a313433393334373737313b617574685f757365727c613a313a7b733a353a22746f6b656e223b733a38383a22576a7057684d33732f5a4664536854574c7752573246436358533159624e645072573141544968527643316c42796437467639716f65695155625153677a58326e5351562f7379575a6a593938386271482f7a4447513d3d223b7d),
('798f812c220fd975c6256de098b56b3848d8b9a9', '::1', 1440753986, 0x5f5f63695f6c6173745f726567656e65726174657c693a313434303735333837393b617574685f757365727c613a313a7b733a353a22746f6b656e223b733a38383a224f476c652f6a324f50763237716f6d6647624537717142664c76557055314533584d4a6477724b69757430363253492b4238357175626b533364684f75716b6a6268623355756b6239354c39553869535034746b55413d3d223b7d),
('7997afdc4436b2160c7867c48d037f58b3a46dfb', '::1', 1440753093, 0x5f5f63695f6c6173745f726567656e65726174657c693a313434303735333037333b617574685f757365727c613a313a7b733a353a22746f6b656e223b733a38383a224f476c652f6a324f50763237716f6d6647624537717142664c76557055314533584d4a6477724b69757430363253492b4238357175626b533364684f75716b6a6268623355756b6239354c39553869535034746b55413d3d223b7d),
('79e84c5eb2c94d34b48057c8621b240254d365c2', '::1', 1441098337, 0x5f5f63695f6c6173745f726567656e65726174657c693a313434313039383035323b617574685f757365727c613a313a7b733a353a22746f6b656e223b733a38383a222b2b77536e78325253354f4371747449306d6e2b775a6a4c304262747233732f75497a38793743542b3054574a353163794b5a696d76714c4b62684835356a636838504675784354776657654b4c78724761464b4d413d3d223b7d),
('7a3159fec0b0136b7e032ec2b2363d2efbd42c04', '::1', 1439275222, 0x5f5f63695f6c6173745f726567656e65726174657c693a313433393237343939363b617574685f757365727c613a313a7b733a353a22746f6b656e223b733a38383a225363614b4b646267784d4a6a6d374e6c324766515776364465505976437856796b376e6c6e68372b7a6b4c505063754330736c7a727a384d64756457636a7a485239505a59624a6b344946353031366a3151433850513d3d223b7d),
('7ab3dd658082bb6e6101785a1f69e289430ba72d', '::1', 1440388637, 0x5f5f63695f6c6173745f726567656e65726174657c693a313434303338383339313b),
('7fe4a7396c074c1add1d4ec270c292b7fec60775', '::1', 1440555859, 0x5f5f63695f6c6173745f726567656e65726174657c693a313434303535353833333b617574685f757365727c613a313a7b733a353a22746f6b656e223b733a38383a227179375a71734452744b6765522f305344392b50456271364a4e6e62303471443938526476326a65346a62382f554f4170485a3549416d4f3667547347482f615664352f61777062764347614b514c5663654e3851773d3d223b7d),
('81e5fb5c20e0786b7c1be659be3951c7d1977b40', '::1', 1441092041, 0x5f5f63695f6c6173745f726567656e65726174657c693a313434313039313735363b617574685f757365727c613a313a7b733a353a22746f6b656e223b733a38383a222b2b77536e78325253354f4371747449306d6e2b775a6a4c304262747233732f75497a38793743542b3054574a353163794b5a696d76714c4b62684835356a636838504675784354776657654b4c78724761464b4d413d3d223b7d),
('8241bdbf6ac143d15481fe0f45aed70762882582', '::1', 1440651567, 0x5f5f63695f6c6173745f726567656e65726174657c693a313434303635313432303b),
('8442fecdd29213c92ce9969f62db175814f8cfa2', '::1', 1441080562, 0x5f5f63695f6c6173745f726567656e65726174657c693a313434313038303331313b617574685f757365727c613a313a7b733a353a22746f6b656e223b733a38383a222b2b77536e78325253354f4371747449306d6e2b775a6a4c304262747233732f75497a38793743542b3054574a353163794b5a696d76714c4b62684835356a636838504675784354776657654b4c78724761464b4d413d3d223b7d),
('85281b2e84d51a6ae096e27621eb1cdf3040fe1e', '::1', 1439879494, 0x5f5f63695f6c6173745f726567656e65726174657c693a313433393837393439343b617574685f757365727c613a313a7b733a353a22746f6b656e223b733a38383a2257414234793464356f6f67674c51794c554d397858427264624a4564744b69677655796a6e544e596734374e4653794f55506b6b67495044764c356938774e2b7054776b4678556f65304763634b6a4f3538664234673d3d223b7d),
('85fe33260e3ddb2ca8a359723fca7fd07bdfe515', '::1', 1440647772, 0x5f5f63695f6c6173745f726567656e65726174657c693a313434303634373737323b),
('87537e7fa793f386100399f1386d60db6960d8bc', '::1', 1439542682, 0x5f5f63695f6c6173745f726567656e65726174657c693a313433393534323638313b617574685f757365727c613a313a7b733a353a22746f6b656e223b733a38383a226d622b6b496a3373587456796974766a485169596b77716e376a71546730735233565070364f434d73596c4f357574516c58544174455a4f306f696b524c514c756b32726745483165423375366a36584c706a4458773d3d223b7d737563636573737c733a33343a22412070726f647563742076617269616e20686173206265656e20637265617465642e223b5f5f63695f766172737c613a313a7b733a373a2273756363657373223b733a333a226f6c64223b7d),
('87877b60dd5a24c13c1ad5b35be5d45e1bbacc77', '::1', 1441089691, 0x5f5f63695f6c6173745f726567656e65726174657c693a313434313038393531363b617574685f757365727c613a313a7b733a353a22746f6b656e223b733a38383a222b2b77536e78325253354f4371747449306d6e2b775a6a4c304262747233732f75497a38793743542b3054574a353163794b5a696d76714c4b62684835356a636838504675784354776657654b4c78724761464b4d413d3d223b7d),
('87bf7ba8f95303b6e10a5f78ed1b3ab80579f506', '::1', 1441091414, 0x5f5f63695f6c6173745f726567656e65726174657c693a313434313039313236313b617574685f757365727c613a313a7b733a353a22746f6b656e223b733a38383a222b2b77536e78325253354f4371747449306d6e2b775a6a4c304262747233732f75497a38793743542b3054574a353163794b5a696d76714c4b62684835356a636838504675784354776657654b4c78724761464b4d413d3d223b7d),
('87defed6b92627495d4dacfcb4f5075d4ae83a83', '::1', 1439870479, 0x5f5f63695f6c6173745f726567656e65726174657c693a313433393837303138303b617574685f757365727c613a313a7b733a353a22746f6b656e223b733a38383a2257414234793464356f6f67674c51794c554d397858427264624a4564744b69677655796a6e544e596734374e4653794f55506b6b67495044764c356938774e2b7054776b4678556f65304763634b6a4f3538664234673d3d223b7d),
('87ee3c634a0ccdba82fbae51d0b1e2772bffb34a', '::1', 1439879042, 0x5f5f63695f6c6173745f726567656e65726174657c693a313433393837383735393b617574685f757365727c613a313a7b733a353a22746f6b656e223b733a38383a2257414234793464356f6f67674c51794c554d397858427264624a4564744b69677655796a6e544e596734374e4653794f55506b6b67495044764c356938774e2b7054776b4678556f65304763634b6a4f3538664234673d3d223b7d),
('89e715c03f8774e5d880f3d8fcde4827f11daede', '::1', 1439283580, 0x5f5f63695f6c6173745f726567656e65726174657c693a313433393238333533353b617574685f757365727c613a313a7b733a353a22746f6b656e223b733a38383a225363614b4b646267784d4a6a6d374e6c324766515776364465505976437856796b376e6c6e68372b7a6b4c505063754330736c7a727a384d64756457636a7a485239505a59624a6b344946353031366a3151433850513d3d223b7d),
('8bb68b8867e4f3b70c423e23c192406635f0d702', '::1', 1439558306, 0x5f5f63695f6c6173745f726567656e65726174657c693a313433393535383130393b617574685f757365727c613a313a7b733a353a22746f6b656e223b733a38383a225862794b46466a75372f46734f6d47522f343759756c79714d6b4a634b31726a706b6b4d374c4433734b574a69395a6831717955323143684e41446c664f6a61624758714a2b766f4b69484d6c744f494a6a425777413d3d223b7d),
('8c48947c27b7b9c8af3144dd902b2846be852bc9', '::1', 1440667949, 0x5f5f63695f6c6173745f726567656e65726174657c693a313434303636373730323b),
('8cd2d69bda76f01ac8213bd5e99ac4dfc0c221c1', '::1', 1439366961, 0x5f5f63695f6c6173745f726567656e65726174657c693a313433393336363639343b617574685f757365727c613a313a7b733a353a22746f6b656e223b733a38383a22366f37444e2f70574353586130464b77633273614734786d76622b413361625264346f514a476265354947314545684f565a4a5a5a2f507235734556323359654137317a37596f63657a5248756d5850434f647330673d3d223b7d),
('8d12681da5678c35d9ed1faeccfceec8f2240cf5', '::1', 1439521470, 0x5f5f63695f6c6173745f726567656e65726174657c693a313433393532313335333b617574685f757365727c613a313a7b733a353a22746f6b656e223b733a38383a226c6d71507375647a464f45474b352b733377656e57446843696a70732b62474f6f755a63494e4a36636230656e616478494e52455349657465505643556f656333396633424c6865414771554c78624f554f4a3445673d3d223b7d),
('8d232e660d907fd0ac80eab2b318fab5768ac8e0', '::1', 1440650091, 0x5f5f63695f6c6173745f726567656e65726174657c693a313434303634393835303b),
('8d3b6064da88fe7fb73bca33273e3aac6a145eee', '::1', 1440400660, 0x5f5f63695f6c6173745f726567656e65726174657c693a313434303430303636303b617574685f757365727c613a313a7b733a353a22746f6b656e223b733a38383a227158597a466f30526d546a5239385742516667516c494f7a75536a5370676e574e4f59647a344e4a766a6f6857573759754e4e626e6245617577533250726166577468795666596371694664653954546f59513854773d3d223b7d),
('8d3b86a9bad3674814c46f066232b93c8005e8ff', '::1', 1439877455, 0x5f5f63695f6c6173745f726567656e65726174657c693a313433393837373431333b617574685f757365727c613a313a7b733a353a22746f6b656e223b733a38383a2257414234793464356f6f67674c51794c554d397858427264624a4564744b69677655796a6e544e596734374e4653794f55506b6b67495044764c356938774e2b7054776b4678556f65304763634b6a4f3538664234673d3d223b7d),
('8e00e2e3434f6176b43adc240fd83f74eab50cda', '::1', 1441074098, 0x5f5f63695f6c6173745f726567656e65726174657c693a313434313037343035353b617574685f757365727c613a313a7b733a353a22746f6b656e223b733a38383a222b2b77536e78325253354f4371747449306d6e2b775a6a4c304262747233732f75497a38793743542b3054574a353163794b5a696d76714c4b62684835356a636838504675784354776657654b4c78724761464b4d413d3d223b7d),
('8e3b27de26226a6ea3b079a7082dcb8c0d5b40ce', '::1', 1441014882, 0x5f5f63695f6c6173745f726567656e65726174657c693a313434313031343739313b),
('906fb8f7fbbc352ca1cc4dc85e645f0c8e8c482a', '127.0.0.1', 1441208747, 0x5f5f63695f6c6173745f726567656e65726174657c693a313434313230383634363b617574685f757365727c613a313a7b733a353a22746f6b656e223b733a38383a227032466e31494e69336a634f3137475161426b375a6c346f425062734e3535686d532f7a432f6c5a6244496845694459756539375536476f6e6952465847476d7143717a38446e4c7262594a52463350437135356e413d3d223b7d737563636573737c733a32363a2243617465676f727920686173206265656e20757064617465642e223b5f5f63695f766172737c613a313a7b733a373a2273756363657373223b733a333a226f6c64223b7d),
('909d0407eeaebde55624107c6d84aa3b4b1ddf6b', '::1', 1439866267, 0x5f5f63695f6c6173745f726567656e65726174657c693a313433393836363236373b617574685f757365727c613a313a7b733a353a22746f6b656e223b733a38383a2257414234793464356f6f67674c51794c554d397858427264624a4564744b69677655796a6e544e596734374e4653794f55506b6b67495044764c356938774e2b7054776b4678556f65304763634b6a4f3538664234673d3d223b7d),
('9261ef9b47ee11bd7dc63dd976e38bd8ceb83a5e', '::1', 1440123904, 0x5f5f63695f6c6173745f726567656e65726174657c693a313434303132333930333b),
('927caf5dd38874f935f55dc65d996ed9fb2010ee', '::1', 1439369081, 0x5f5f63695f6c6173745f726567656e65726174657c693a313433393336393038313b617574685f757365727c613a313a7b733a353a22746f6b656e223b733a38383a22366f37444e2f70574353586130464b77633273614734786d76622b413361625264346f514a476265354947314545684f565a4a5a5a2f507235734556323359654137317a37596f63657a5248756d5850434f647330673d3d223b7d),
('937234f752e4eaa734457fac2c2159776f65e52b', '::1', 1439881613, 0x5f5f63695f6c6173745f726567656e65726174657c693a313433393838313439363b617574685f757365727c613a313a7b733a353a22746f6b656e223b733a38383a2257414234793464356f6f67674c51794c554d397858427264624a4564744b69677655796a6e544e596734374e4653794f55506b6b67495044764c356938774e2b7054776b4678556f65304763634b6a4f3538664234673d3d223b7d),
('93ede249e5d9ec7f51be7a55c458048d44f6e337', '::1', 1440055155, 0x5f5f63695f6c6173745f726567656e65726174657c693a313434303035343936313b617574685f757365727c613a313a7b733a353a22746f6b656e223b733a38383a2235426f766c34414858505a435869546f6c5132444e6344555537476655594d54324c724d734f45436c737838626a66317a6f41384f3650444f546a354e5835746e5932677a3461356c71766f6d6a71686d71514d77413d3d223b7d),
('9438d9f9a4d2763112a3a0fc37ecdd0aadefe65f', '::1', 1439951101, 0x5f5f63695f6c6173745f726567656e65726174657c693a313433393935313130313b),
('94fa944ab76b52e563a1eb421bd9d41906e7598e', '::1', 1441168194, 0x5f5f63695f6c6173745f726567656e65726174657c693a313434313136373930313b617574685f757365727c613a313a7b733a353a22746f6b656e223b733a38383a22614d2f322f4e485656594f78434731796a2f74614d4e4d4d467a5636654c445852786342423952376b7139547977322f71782f42593053624468516d626d32616c51745956726631594e68424c5a41336f72643953513d3d223b7d),
('951e61f865c494c2c11bf3efbdb204b649b25eaa', '::1', 1441162279, 0x5f5f63695f6c6173745f726567656e65726174657c693a313434313136313937313b617574685f757365727c613a313a7b733a353a22746f6b656e223b733a38383a22614d2f322f4e485656594f78434731796a2f74614d4e4d4d467a5636654c445852786342423952376b7139547977322f71782f42593053624468516d626d32616c51745956726631594e68424c5a41336f72643953513d3d223b7d),
('954010e52dd5bf21233f46f7d88f6b39c9a4a81b', '::1', 1441162732, 0x5f5f63695f6c6173745f726567656e65726174657c693a313434313136323633373b617574685f757365727c613a313a7b733a353a22746f6b656e223b733a38383a22614d2f322f4e485656594f78434731796a2f74614d4e4d4d467a5636654c445852786342423952376b7139547977322f71782f42593053624468516d626d32616c51745956726631594e68424c5a41336f72643953513d3d223b7d),
('96af0f54bfbf772028ab716e6b108a068342e8eb', '::1', 1440555808, 0x5f5f63695f6c6173745f726567656e65726174657c693a313434303535353532393b617574685f757365727c613a313a7b733a353a22746f6b656e223b733a38383a227179375a71734452744b6765522f305344392b50456271364a4e6e62303471443938526476326a65346a62382f554f4170485a3549416d4f3667547347482f615664352f61777062764347614b514c5663654e3851773d3d223b7d),
('9830c3d4bb8c62e00cdbfb9ee1bc9330490244a4', '::1', 1440666094, 0x5f5f63695f6c6173745f726567656e65726174657c693a313434303636353838353b),
('9a4abf840d559237a678f1b74b36b93b16d9308c', '::1', 1441012801, 0x5f5f63695f6c6173745f726567656e65726174657c693a313434313031323830313b),
('9abc231868d885cb948f4e5a344c25cdc57e4ffa', '::1', 1441191239, 0x5f5f63695f6c6173745f726567656e65726174657c693a313434313139313034353b),
('9b3c332890a445085a2d864db538da54ffb421a0', '::1', 1439544679, 0x5f5f63695f6c6173745f726567656e65726174657c693a313433393534343530343b617574685f757365727c613a313a7b733a353a22746f6b656e223b733a38383a226d622b6b496a3373587456796974766a485169596b77716e376a71546730735233565070364f434d73596c4f357574516c58544174455a4f306f696b524c514c756b32726745483165423375366a36584c706a4458773d3d223b7d),
('9d5bc9d22f2ad9414b28a5d7b08219e6a8ca2659', '::1', 1440648919, 0x5f5f63695f6c6173745f726567656e65726174657c693a313434303634383831363b),
('9dcc43974291b5ce4064723c36b80e916bfa0fc4', '::1', 1439348244, 0x5f5f63695f6c6173745f726567656e65726174657c693a313433393334383138373b617574685f757365727c613a313a7b733a353a22746f6b656e223b733a38383a22576a7057684d33732f5a4664536854574c7752573246436358533159624e645072573141544968527643316c42796437467639716f65695155625153677a58326e5351562f7379575a6a593938386271482f7a4447513d3d223b7d),
('9de7aa502b9a1cc9f6f71fce224271792f64fd84', '::1', 1440128826, 0x5f5f63695f6c6173745f726567656e65726174657c693a313434303132383537303b),
('9ec12925c5e912bbdfdccf7444dc35f551002091', '::1', 1441078608, 0x5f5f63695f6c6173745f726567656e65726174657c693a313434313037383630333b617574685f757365727c613a313a7b733a353a22746f6b656e223b733a38383a222b2b77536e78325253354f4371747449306d6e2b775a6a4c304262747233732f75497a38793743542b3054574a353163794b5a696d76714c4b62684835356a636838504675784354776657654b4c78724761464b4d413d3d223b7d),
('9fb30240beefd71fe37d5dcec542a6e384bf6ad2', '::1', 1439524724, 0x5f5f63695f6c6173745f726567656e65726174657c693a313433393532343439363b617574685f757365727c613a313a7b733a353a22746f6b656e223b733a38383a226c6d71507375647a464f45474b352b733377656e57446843696a70732b62474f6f755a63494e4a36636230656e616478494e52455349657465505643556f656333396633424c6865414771554c78624f554f4a3445673d3d223b7d),
('a11eef5f5143b630ece4192936ba61b057de4a50', '::1', 1441168504, 0x5f5f63695f6c6173745f726567656e65726174657c693a313434313136383230363b617574685f757365727c613a313a7b733a353a22746f6b656e223b733a38383a22614d2f322f4e485656594f78434731796a2f74614d4e4d4d467a5636654c445852786342423952376b7139547977322f71782f42593053624468516d626d32616c51745956726631594e68424c5a41336f72643953513d3d223b7d),
('a13e7b33db166d2d65295263d564d8bcd0e76698', '::1', 1439348679, 0x5f5f63695f6c6173745f726567656e65726174657c693a313433393334383635373b617574685f757365727c613a313a7b733a353a22746f6b656e223b733a38383a22576a7057684d33732f5a4664536854574c7752573246436358533159624e645072573141544968527643316c42796437467639716f65695155625153677a58326e5351562f7379575a6a593938386271482f7a4447513d3d223b7d),
('a1bb2bf785560983a3058fdbdb4975da1bde2577', '::1', 1438842744, 0x5f5f63695f6c6173745f726567656e65726174657c693a313433383834323538343b617574685f757365727c613a313a7b733a353a22746f6b656e223b733a38383a2269496b436b436e55525a3253714d4e654b7656346d4478375069476831514f7a2f7a79446e632b6a4979632b676b62686f47444632556459414f527663624b6974643743366e43467632714274346f48556232526a773d3d223b7d),
('a279fe7f6ed83e6fc970eca82b69e523090c8ec3', '::1', 1439362493, 0x5f5f63695f6c6173745f726567656e65726174657c693a313433393336323439333b617574685f757365727c613a313a7b733a353a22746f6b656e223b733a38383a22366f37444e2f70574353586130464b77633273614734786d76622b413361625264346f514a476265354947314545684f565a4a5a5a2f507235734556323359654137317a37596f63657a5248756d5850434f647330673d3d223b7d),
('a3b8a4847253e6ccff1523a51b7095b6d1666c4d', '::1', 1439533752, 0x5f5f63695f6c6173745f726567656e65726174657c693a313433393533333735323b617574685f757365727c613a313a7b733a353a22746f6b656e223b733a38383a226d622b6b496a3373587456796974766a485169596b77716e376a71546730735233565070364f434d73596c4f357574516c58544174455a4f306f696b524c514c756b32726745483165423375366a36584c706a4458773d3d223b7d),
('a416a8203f384a51562cb860caccd4b15ee6ed5d', '::1', 1441091224, 0x5f5f63695f6c6173745f726567656e65726174657c693a313434313039303936303b617574685f757365727c613a313a7b733a353a22746f6b656e223b733a38383a222b2b77536e78325253354f4371747449306d6e2b775a6a4c304262747233732f75497a38793743542b3054574a353163794b5a696d76714c4b62684835356a636838504675784354776657654b4c78724761464b4d413d3d223b7d),
('a56f4d8e5940f9dec395fec84fe642ab51b648fd', '::1', 1439537231, 0x5f5f63695f6c6173745f726567656e65726174657c693a313433393533373138343b617574685f757365727c613a313a7b733a353a22746f6b656e223b733a38383a226d622b6b496a3373587456796974766a485169596b77716e376a71546730735233565070364f434d73596c4f357574516c58544174455a4f306f696b524c514c756b32726745483165423375366a36584c706a4458773d3d223b7d),
('a58af21f9d906c349f483d4b54fe3c6fe2d2c3c1', '::1', 1439274001, 0x5f5f63695f6c6173745f726567656e65726174657c693a313433393237333934383b617574685f757365727c613a313a7b733a353a22746f6b656e223b733a38383a225363614b4b646267784d4a6a6d374e6c324766515776364465505976437856796b376e6c6e68372b7a6b4c505063754330736c7a727a384d64756457636a7a485239505a59624a6b344946353031366a3151433850513d3d223b7d),
('a62dcebfc65c803abca3deb7d4d465ea2e34c942', '::1', 1440381530, 0x5f5f63695f6c6173745f726567656e65726174657c693a313434303338313530353b),
('a6c81c8f2de9a43b118566a61a1c45b9acd4abe2', '::1', 1439520963, 0x5f5f63695f6c6173745f726567656e65726174657c693a313433393532303935353b617574685f757365727c613a313a7b733a353a22746f6b656e223b733a38383a226c6d71507375647a464f45474b352b733377656e57446843696a70732b62474f6f755a63494e4a36636230656e616478494e52455349657465505643556f656333396633424c6865414771554c78624f554f4a3445673d3d223b7d),
('a8f15baea20002fed353b27a09dd6a09c1aae3a9', '::1', 1439540929, 0x5f5f63695f6c6173745f726567656e65726174657c693a313433393534303638303b617574685f757365727c613a313a7b733a353a22746f6b656e223b733a38383a226d622b6b496a3373587456796974766a485169596b77716e376a71546730735233565070364f434d73596c4f357574516c58544174455a4f306f696b524c514c756b32726745483165423375366a36584c706a4458773d3d223b7d),
('aaa9000230999b73854ed36884380e17bde137ed', '::1', 1439346568, 0x5f5f63695f6c6173745f726567656e65726174657c693a313433393334363237393b617574685f757365727c613a313a7b733a353a22746f6b656e223b733a38383a22576a7057684d33732f5a4664536854574c7752573246436358533159624e645072573141544968527643316c42796437467639716f65695155625153677a58326e5351562f7379575a6a593938386271482f7a4447513d3d223b7d),
('ab433cfffdde7d274a8cbabc3afdf9a518db6571', '::1', 1440037965, 0x5f5f63695f6c6173745f726567656e65726174657c693a313434303033373836393b617574685f757365727c613a313a7b733a353a22746f6b656e223b733a38383a224670592f3857427647364b727331325977444a666555694c58667439504b53335a317050337471374a4a6a387278365a4943616c4269676844735a644c73335a3059334e2b5847796c684f72316e52537872746e45513d3d223b7d),
('ac5eacba26254cfcd6c23b07979ddef3ec4cb107', '::1', 1440062474, 0x5f5f63695f6c6173745f726567656e65726174657c693a313434303036323237363b617574685f757365727c613a313a7b733a353a22746f6b656e223b733a38383a2235426f766c34414858505a435869546f6c5132444e6344555537476655594d54324c724d734f45436c737838626a66317a6f41384f3650444f546a354e5835746e5932677a3461356c71766f6d6a71686d71514d77413d3d223b7d737563636573737c733a31353a2253657474696e67732073617665642e223b5f5f63695f766172737c613a313a7b733a373a2273756363657373223b733a333a226f6c64223b7d),
('acf64cdfcf271d90dbe7471b5fe260e2260b0d81', '::1', 1439539107, 0x5f5f63695f6c6173745f726567656e65726174657c693a313433393533383831393b617574685f757365727c613a313a7b733a353a22746f6b656e223b733a38383a226d622b6b496a3373587456796974766a485169596b77716e376a71546730735233565070364f434d73596c4f357574516c58544174455a4f306f696b524c514c756b32726745483165423375366a36584c706a4458773d3d223b7d),
('af952ba08155dfc05af18f8e32710612cf1f7d2b', '::1', 1440055680, 0x5f5f63695f6c6173745f726567656e65726174657c693a313434303035353433333b617574685f757365727c613a313a7b733a353a22746f6b656e223b733a38383a2235426f766c34414858505a435869546f6c5132444e6344555537476655594d54324c724d734f45436c737838626a66317a6f41384f3650444f546a354e5835746e5932677a3461356c71766f6d6a71686d71514d77413d3d223b7d),
('b0968c33506723aaa13acd4c2f30a2079b512bd9', '::1', 1440665635, 0x5f5f63695f6c6173745f726567656e65726174657c693a313434303636353538333b),
('b138d89c839be7b3f91b955fd707f1003e017455', '::1', 1440743005, 0x5f5f63695f6c6173745f726567656e65726174657c693a313434303734323832363b617574685f757365727c613a313a7b733a353a22746f6b656e223b733a38383a22507957534f3959536e2f4b574d7670337964562b3735595a35704b352f66313274786469544f6d37576278334d58576c536a377968457852456167425163653437437531774e73435336624c596f7873445a576f44773d3d223b7d),
('b1b877fe68df58aaa7cd8c8c16427a95500cc4f3', '::1', 1440379784, 0x5f5f63695f6c6173745f726567656e65726174657c693a313434303337393738343b),
('b2b5cc20ed6d56bb9049f0149a391f33d7f47705', '::1', 1439532908, 0x5f5f63695f6c6173745f726567656e65726174657c693a313433393533323734343b617574685f757365727c613a313a7b733a353a22746f6b656e223b733a38383a226d622b6b496a3373587456796974766a485169596b77716e376a71546730735233565070364f434d73596c4f357574516c58544174455a4f306f696b524c514c756b32726745483165423375366a36584c706a4458773d3d223b7d),
('b34711c4d0d9f245fe6b523d57dda9aeb94edcae', '127.0.0.1', 1441206951, 0x5f5f63695f6c6173745f726567656e65726174657c693a313434313230363935313b),
('b3ed0f709a2f630c1ee4af27501b0a56079b3818', '::1', 1439953451, 0x5f5f63695f6c6173745f726567656e65726174657c693a313433393935333339383b617574685f757365727c613a313a7b733a353a22746f6b656e223b733a38383a22624f317a346a485245614676726830436a5857507a74506a51746b646c695462456362774a53566d4467457a357248316a6342476a4b5476495937752f523262344d647a30593647504830495069695168335a6a49673d3d223b7d),
('b68156e2cdb5b1a4aaabce6f2a5f923d7ed3567f', '::1', 1439556145, 0x5f5f63695f6c6173745f726567656e65726174657c693a313433393535353930353b617574685f757365727c613a313a7b733a353a22746f6b656e223b733a38383a225862794b46466a75372f46734f6d47522f343759756c79714d6b4a634b31726a706b6b4d374c4433734b574a69395a6831717955323143684e41446c664f6a61624758714a2b766f4b69484d6c744f494a6a425777413d3d223b7d),
('b9264ef5ac59070a30086fc67199cfb8eadd92ba', '::1', 1440400486, 0x5f5f63695f6c6173745f726567656e65726174657c693a313434303430303333383b617574685f757365727c613a313a7b733a353a22746f6b656e223b733a38383a227158597a466f30526d546a5239385742516667516c494f7a75536a5370676e574e4f59647a344e4a766a6f6857573759754e4e626e6245617577533250726166577468795666596371694664653954546f59513854773d3d223b7d),
('b9f185c1cdf08f0b95df1fc4adc9a7853515ae8f', '127.0.0.1', 1441208644, 0x5f5f63695f6c6173745f726567656e65726174657c693a313434313230383334353b617574685f757365727c613a313a7b733a353a22746f6b656e223b733a38383a227032466e31494e69336a634f3137475161426b375a6c346f425062734e3535686d532f7a432f6c5a6244496845694459756539375536476f6e6952465847476d7143717a38446e4c7262594a52463350437135356e413d3d223b7d),
('ba5d695c7d544b0b6b883aa24e493448d1929012', '::1', 1440649366, 0x5f5f63695f6c6173745f726567656e65726174657c693a313434303634393336363b),
('bae565a174513b89c339c75a1f5de637cec0fd98', '::1', 1440742408, 0x5f5f63695f6c6173745f726567656e65726174657c693a313434303734323430383b),
('bcec3bda938580543265e59c5d2457c2f179fe56', '::1', 1440663263, 0x5f5f63695f6c6173745f726567656e65726174657c693a313434303636333131353b),
('bd880da1d33a9852a7a14c7a3532a50a3fbcf36c', '::1', 1439279933, 0x5f5f63695f6c6173745f726567656e65726174657c693a313433393237393933333b617574685f757365727c613a313a7b733a353a22746f6b656e223b733a38383a225363614b4b646267784d4a6a6d374e6c324766515776364465505976437856796b376e6c6e68372b7a6b4c505063754330736c7a727a384d64756457636a7a485239505a59624a6b344946353031366a3151433850513d3d223b7d),
('bdddd830082b5c9c82b878dc8d9eb246e4d08273', '::1', 1440132480, 0x5f5f63695f6c6173745f726567656e65726174657c693a313434303133323230343b),
('bef3638ad94cce0feb86ebcfa2fc2889f88962a4', '::1', 1441095035, 0x5f5f63695f6c6173745f726567656e65726174657c693a313434313039353033353b617574685f757365727c613a313a7b733a353a22746f6b656e223b733a38383a222b2b77536e78325253354f4371747449306d6e2b775a6a4c304262747233732f75497a38793743542b3054574a353163794b5a696d76714c4b62684835356a636838504675784354776657654b4c78724761464b4d413d3d223b7d),
('bf12956cae11ba2f28beb1a835e08621cd22c61b', '::1', 1440385468, 0x5f5f63695f6c6173745f726567656e65726174657c693a313434303338353436383b),
('c0114a5bf8e0790b2bcc2372a606980be38802b6', '::1', 1441096982, 0x5f5f63695f6c6173745f726567656e65726174657c693a313434313039363739373b617574685f757365727c613a313a7b733a353a22746f6b656e223b733a38383a222b2b77536e78325253354f4371747449306d6e2b775a6a4c304262747233732f75497a38793743542b3054574a353163794b5a696d76714c4b62684835356a636838504675784354776657654b4c78724761464b4d413d3d223b7d),
('c0edcf322c6bb8b2697e73e9e01c1b644fc0ec85', '::1', 1439349012, 0x5f5f63695f6c6173745f726567656e65726174657c693a313433393334393030343b617574685f757365727c613a313a7b733a353a22746f6b656e223b733a38383a22576a7057684d33732f5a4664536854574c7752573246436358533159624e645072573141544968527643316c42796437467639716f65695155625153677a58326e5351562f7379575a6a593938386271482f7a4447513d3d223b7d),
('c14b11f59ba4a90dfa677f483e768480e0585aa3', '::1', 1441095862, 0x5f5f63695f6c6173745f726567656e65726174657c693a313434313039353637313b617574685f757365727c613a313a7b733a353a22746f6b656e223b733a38383a222b2b77536e78325253354f4371747449306d6e2b775a6a4c304262747233732f75497a38793743542b3054574a353163794b5a696d76714c4b62684835356a636838504675784354776657654b4c78724761464b4d413d3d223b7d),
('c1a79b998ff7e4b873c63e37d9f124b0b4cc8f28', '::1', 1439265862, 0x5f5f63695f6c6173745f726567656e65726174657c693a313433393236353831313b617574685f757365727c613a313a7b733a353a22746f6b656e223b733a38383a225363614b4b646267784d4a6a6d374e6c324766515776364465505976437856796b376e6c6e68372b7a6b4c505063754330736c7a727a384d64756457636a7a485239505a59624a6b344946353031366a3151433850513d3d223b7d),
('c30f6924bb430029395d749a7a873b182effb5d3', '::1', 1440642494, 0x5f5f63695f6c6173745f726567656e65726174657c693a313434303634323439343b),
('c359aeb8004eb5528eaf5ff0a71446434ea42aa3', '::1', 1439884216, 0x5f5f63695f6c6173745f726567656e65726174657c693a313433393838343036343b617574685f757365727c613a313a7b733a353a22746f6b656e223b733a38383a2257414234793464356f6f67674c51794c554d397858427264624a4564744b69677655796a6e544e596734374e4653794f55506b6b67495044764c356938774e2b7054776b4678556f65304763634b6a4f3538664234673d3d223b7d),
('c3d9e37b52d54b7883da1cc49ffa2d8e99a589f8', '::1', 1441161698, 0x5f5f63695f6c6173745f726567656e65726174657c693a313434313136313539393b617574685f757365727c613a313a7b733a353a22746f6b656e223b733a38383a22614d2f322f4e485656594f78434731796a2f74614d4e4d4d467a5636654c445852786342423952376b7139547977322f71782f42593053624468516d626d32616c51745956726631594e68424c5a41336f72643953513d3d223b7d),
('c48cbe6c55a73c041b2742d6b185511bfbac5213', '::1', 1439452697, 0x5f5f63695f6c6173745f726567656e65726174657c693a313433393435323639373b617574685f757365727c613a313a7b733a353a22746f6b656e223b733a38383a22676475524e326752505753394759784d62474c364e6a7371343365466b624649635575696566624e6e4e4d566b3573636e7a6d33566349535554757868777175504d794a7871336349546a6a7637504d4774334343413d3d223b7d),
('c5e9593c30829627357d3e528b643a8b786c684d', '::1', 1439264766, 0x5f5f63695f6c6173745f726567656e65726174657c693a313433393236343532393b617574685f757365727c613a313a7b733a353a22746f6b656e223b733a38383a225363614b4b646267784d4a6a6d374e6c324766515776364465505976437856796b376e6c6e68372b7a6b4c505063754330736c7a727a384d64756457636a7a485239505a59624a6b344946353031366a3151433850513d3d223b7d),
('c62daa45e326538205e904257857fe1930acbcc4', '::1', 1440563730, 0x5f5f63695f6c6173745f726567656e65726174657c693a313434303536333539383b617574685f757365727c613a313a7b733a353a22746f6b656e223b733a38383a227179375a71734452744b6765522f305344392b50456271364a4e6e62303471443938526476326a65346a62382f554f4170485a3549416d4f3667547347482f615664352f61777062764347614b514c5663654e3851773d3d223b7d),
('c72b4448aacf7ef7cbc1d53d5709a96c0acbf3b3', '::1', 1439519482, 0x5f5f63695f6c6173745f726567656e65726174657c693a313433393531393438323b617574685f757365727c613a313a7b733a353a22746f6b656e223b733a38383a226c6d71507375647a464f45474b352b733377656e57446843696a70732b62474f6f755a63494e4a36636230656e616478494e52455349657465505643556f656333396633424c6865414771554c78624f554f4a3445673d3d223b7d),
('c74a9878075dc282a770f2691cecd10164444d96', '127.0.0.1', 1441207324, 0x5f5f63695f6c6173745f726567656e65726174657c693a313434313230373332343b),
('c8fdb0e9f7f0e1340e9be9fef7bf68acb4b8127e', '::1', 1440990694, 0x5f5f63695f6c6173745f726567656e65726174657c693a313434303939303436373b617574685f757365727c613a313a7b733a353a22746f6b656e223b733a38383a2270552b78586c52664941565a4e48673857663379434e3237716f45425373796371794256374a4e3036766d33637945414d756f4c43446c6f3435794477765542444331546b7279744b723546566b717651366e2b61513d3d223b7d),
('c9d457c5d2d299445d51481ff0f596851791485d', '::1', 1438844308, 0x5f5f63695f6c6173745f726567656e65726174657c693a313433383834343039363b617574685f757365727c613a313a7b733a353a22746f6b656e223b733a38383a2269496b436b436e55525a3253714d4e654b7656346d4478375069476831514f7a2f7a79446e632b6a4979632b676b62686f47444632556459414f527663624b6974643743366e43467632714274346f48556232526a773d3d223b7d),
('cb4ad6470625f5ebc5c2964bfd013b0c60da01d0', '::1', 1439883352, 0x5f5f63695f6c6173745f726567656e65726174657c693a313433393838333038383b617574685f757365727c613a313a7b733a353a22746f6b656e223b733a38383a2257414234793464356f6f67674c51794c554d397858427264624a4564744b69677655796a6e544e596734374e4653794f55506b6b67495044764c356938774e2b7054776b4678556f65304763634b6a4f3538664234673d3d223b7d),
('cb70dad6f9859b53a3d04f93084abc344a433785', '::1', 1440991996, 0x5f5f63695f6c6173745f726567656e65726174657c693a313434303939313736393b617574685f757365727c613a313a7b733a353a22746f6b656e223b733a38383a2270552b78586c52664941565a4e48673857663379434e3237716f45425373796371794256374a4e3036766d33637945414d756f4c43446c6f3435794477765542444331546b7279744b723546566b717651366e2b61513d3d223b7d),
('cb92ca36f9a17af0170a0d83b0ea588b9cbc4e4a', '::1', 1440733392, 0x5f5f63695f6c6173745f726567656e65726174657c693a313434303733333339323b),
('cd17b3339069f23b587b4da9d32512c698007410', '::1', 1440037618, 0x5f5f63695f6c6173745f726567656e65726174657c693a313434303033373337393b617574685f757365727c613a313a7b733a353a22746f6b656e223b733a38383a224670592f3857427647364b727331325977444a666555694c58667439504b53335a317050337471374a4a6a387278365a4943616c4269676844735a644c73335a3059334e2b5847796c684f72316e52537872746e45513d3d223b7d),
('cd4c36ccc5aa253f71d1bf80c044570879f6cd1a', '::1', 1439275821, 0x5f5f63695f6c6173745f726567656e65726174657c693a313433393237353634303b617574685f757365727c613a313a7b733a353a22746f6b656e223b733a38383a225363614b4b646267784d4a6a6d374e6c324766515776364465505976437856796b376e6c6e68372b7a6b4c505063754330736c7a727a384d64756457636a7a485239505a59624a6b344946353031366a3151433850513d3d223b7d),
('cdb969f6faa12c3194ce0840dd051d371b0e73c2', '::1', 1441189018, 0x5f5f63695f6c6173745f726567656e65726174657c693a313434313138393031373b),
('cef88bd284a20716d9a6bbe12f92e04820da5144', '::1', 1440062987, 0x5f5f63695f6c6173745f726567656e65726174657c693a313434303036323932363b617574685f757365727c613a313a7b733a353a22746f6b656e223b733a38383a2235426f766c34414858505a435869546f6c5132444e6344555537476655594d54324c724d734f45436c737838626a66317a6f41384f3650444f546a354e5835746e5932677a3461356c71766f6d6a71686d71514d77413d3d223b7d),
('cfac0f08107fea8b35295287b31d5feb3efa62b4', '::1', 1440471836, 0x5f5f63695f6c6173745f726567656e65726174657c693a313434303437313833363b),
('d067a1443e3acdd9a83e5476a7616c9c35e222f7', '::1', 1439870511, 0x5f5f63695f6c6173745f726567656e65726174657c693a313433393837303531313b617574685f757365727c613a313a7b733a353a22746f6b656e223b733a38383a2257414234793464356f6f67674c51794c554d397858427264624a4564744b69677655796a6e544e596734374e4653794f55506b6b67495044764c356938774e2b7054776b4678556f65304763634b6a4f3538664234673d3d223b7d),
('d11f57f67f5452fe5d08ddf0ff349d3fed698087', '::1', 1439522502, 0x5f5f63695f6c6173745f726567656e65726174657c693a313433393532323433343b617574685f757365727c613a313a7b733a353a22746f6b656e223b733a38383a226c6d71507375647a464f45474b352b733377656e57446843696a70732b62474f6f755a63494e4a36636230656e616478494e52455349657465505643556f656333396633424c6865414771554c78624f554f4a3445673d3d223b7d),
('d1509cdccdf71250b472dd3bb8e4e8ca12779643', '::1', 1440381426, 0x5f5f63695f6c6173745f726567656e65726174657c693a313434303338313132393b),
('d230342cde2f6b63a1082a9cfc6db50880359b46', '::1', 1440643045, 0x5f5f63695f6c6173745f726567656e65726174657c693a313434303634323936323b),
('d347febdfebe8ca0ed5f31d95cd4bc47bb97e269', '::1', 1439608055, 0x5f5f63695f6c6173745f726567656e65726174657c693a313433393630373939373b617574685f757365727c613a313a7b733a353a22746f6b656e223b733a38383a2251647674435445726e6646315144526f745572756458704835697a6446556d4978797751474f362f356d584e5059435470523163744841454f584b4241762b48445169744c6e483237454b56464661363049356f57513d3d223b7d),
('d36e9f788013c4185499cae7d85e14a79203f73a', '::1', 1439278729, 0x5f5f63695f6c6173745f726567656e65726174657c693a313433393237383435323b617574685f757365727c613a313a7b733a353a22746f6b656e223b733a38383a225363614b4b646267784d4a6a6d374e6c324766515776364465505976437856796b376e6c6e68372b7a6b4c505063754330736c7a727a384d64756457636a7a485239505a59624a6b344946353031366a3151433850513d3d223b7d),
('d49eb3b338a454a618fe862b264ce6cece4b18e4', '::1', 1439557260, 0x5f5f63695f6c6173745f726567656e65726174657c693a313433393535373130383b617574685f757365727c613a313a7b733a353a22746f6b656e223b733a38383a225862794b46466a75372f46734f6d47522f343759756c79714d6b4a634b31726a706b6b4d374c4433734b574a69395a6831717955323143684e41446c664f6a61624758714a2b766f4b69484d6c744f494a6a425777413d3d223b7d),
('d51e0ea1716f5a521b27675178ae4d3a0b2d8577', '::1', 1440057711, 0x5f5f63695f6c6173745f726567656e65726174657c693a313434303035373539393b617574685f757365727c613a313a7b733a353a22746f6b656e223b733a38383a2235426f766c34414858505a435869546f6c5132444e6344555537476655594d54324c724d734f45436c737838626a66317a6f41384f3650444f546a354e5835746e5932677a3461356c71766f6d6a71686d71514d77413d3d223b7d),
('d53afedee03713fcc34eb742540991e88e499f22', '::1', 1439268329, 0x5f5f63695f6c6173745f726567656e65726174657c693a313433393236383332323b617574685f757365727c613a313a7b733a353a22746f6b656e223b733a38383a225363614b4b646267784d4a6a6d374e6c324766515776364465505976437856796b376e6c6e68372b7a6b4c505063754330736c7a727a384d64756457636a7a485239505a59624a6b344946353031366a3151433850513d3d223b7d),
('d620492067cd4c533b05f272c9953b642302269c', '::1', 1439884416, 0x5f5f63695f6c6173745f726567656e65726174657c693a313433393838343430393b617574685f757365727c613a313a7b733a353a22746f6b656e223b733a38383a2257414234793464356f6f67674c51794c554d397858427264624a4564744b69677655796a6e544e596734374e4653794f55506b6b67495044764c356938774e2b7054776b4678556f65304763634b6a4f3538664234673d3d223b7d),
('d69e951c8a4e7bc0b4538f98826ad986598f77b2', '::1', 1440993278, 0x5f5f63695f6c6173745f726567656e65726174657c693a313434303939333237383b617574685f757365727c613a313a7b733a353a22746f6b656e223b733a38383a2270552b78586c52664941565a4e48673857663379434e3237716f45425373796371794256374a4e3036766d33637945414d756f4c43446c6f3435794477765542444331546b7279744b723546566b717651366e2b61513d3d223b7d),
('d6d934af4518b27380a83ae8c4b627591c519588', '::1', 1441172226, 0x5f5f63695f6c6173745f726567656e65726174657c693a313434313137313936373b617574685f757365727c613a313a7b733a353a22746f6b656e223b733a38383a22614d2f322f4e485656594f78434731796a2f74614d4e4d4d467a5636654c445852786342423952376b7139547977322f71782f42593053624468516d626d32616c51745956726631594e68424c5a41336f72643953513d3d223b7d),
('d7208a92836824077bb0e5ec5152872a74cea8d6', '::1', 1439454275, 0x5f5f63695f6c6173745f726567656e65726174657c693a313433393435333938303b617574685f757365727c613a313a7b733a353a22746f6b656e223b733a38383a22676475524e326752505753394759784d62474c364e6a7371343365466b624649635575696566624e6e4e4d566b3573636e7a6d33566349535554757868777175504d794a7871336349546a6a7637504d4774334343413d3d223b7d),
('d80694db05ae138389ad59d3ab233bcea6506c6d', '::1', 1439878320, 0x5f5f63695f6c6173745f726567656e65726174657c693a313433393837383038343b617574685f757365727c613a313a7b733a353a22746f6b656e223b733a38383a2257414234793464356f6f67674c51794c554d397858427264624a4564744b69677655796a6e544e596734374e4653794f55506b6b67495044764c356938774e2b7054776b4678556f65304763634b6a4f3538664234673d3d223b7d),
('d856c1ae831fb7607e0ff32c8cb487d785fc4251', '::1', 1440753735, 0x5f5f63695f6c6173745f726567656e65726174657c693a313434303735333437303b617574685f757365727c613a313a7b733a353a22746f6b656e223b733a38383a224f476c652f6a324f50763237716f6d6647624537717142664c76557055314533584d4a6477724b69757430363253492b4238357175626b533364684f75716b6a6268623355756b6239354c39553869535034746b55413d3d223b7d),
('da9378b742e1ad149fbf026e07e923d7329e5924', '::1', 1438841185, 0x5f5f63695f6c6173745f726567656e65726174657c693a313433383834313138353b617574685f757365727c613a313a7b733a353a22746f6b656e223b733a38383a2269496b436b436e55525a3253714d4e654b7656346d4478375069476831514f7a2f7a79446e632b6a4979632b676b62686f47444632556459414f527663624b6974643743366e43467632714274346f48556232526a773d3d223b7d),
('dbca9591600edacefa4b0283e2ad9c943bb75319', '::1', 1439955941, 0x5f5f63695f6c6173745f726567656e65726174657c693a313433393935353934313b617574685f757365727c613a313a7b733a353a22746f6b656e223b733a38383a22624f317a346a485245614676726830436a5857507a74506a51746b646c695462456362774a53566d4467457a357248316a6342476a4b5476495937752f523262344d647a30593647504830495069695168335a6a49673d3d223b7d),
('dc2674a41d0997939c1e98cca583ef0002d2d3b2', '::1', 1440745119, 0x5f5f63695f6c6173745f726567656e65726174657c693a313434303734353131393b617574685f757365727c613a313a7b733a353a22746f6b656e223b733a38383a224f476c652f6a324f50763237716f6d6647624537717142664c76557055314533584d4a6477724b69757430363253492b4238357175626b533364684f75716b6a6268623355756b6239354c39553869535034746b55413d3d223b7d),
('dcc79a79ef7554f941a9d4ebac54cf50d9f491dd', '::1', 1440561051, 0x5f5f63695f6c6173745f726567656e65726174657c693a313434303536303931373b617574685f757365727c613a313a7b733a353a22746f6b656e223b733a38383a227179375a71734452744b6765522f305344392b50456271364a4e6e62303471443938526476326a65346a62382f554f4170485a3549416d4f3667547347482f615664352f61777062764347614b514c5663654e3851773d3d223b7d),
('dccaf259d5c99dc85d7a00e00b3ef5508c1b74e8', '::1', 1439558779, 0x5f5f63695f6c6173745f726567656e65726174657c693a313433393535383631323b617574685f757365727c613a313a7b733a353a22746f6b656e223b733a38383a225862794b46466a75372f46734f6d47522f343759756c79714d6b4a634b31726a706b6b4d374c4433734b574a69395a6831717955323143684e41446c664f6a61624758714a2b766f4b69484d6c744f494a6a425777413d3d223b7d),
('dd7fe442e43b94246f42b13d1640aaf740e595ff', '::1', 1440662731, 0x5f5f63695f6c6173745f726567656e65726174657c693a313434303636323439313b),
('de79ebd668a8b3a99d047e32a2b7660c3e7fcebd', '::1', 1441082692, 0x5f5f63695f6c6173745f726567656e65726174657c693a313434313038323533333b617574685f757365727c613a313a7b733a353a22746f6b656e223b733a38383a222b2b77536e78325253354f4371747449306d6e2b775a6a4c304262747233732f75497a38793743542b3054574a353163794b5a696d76714c4b62684835356a636838504675784354776657654b4c78724761464b4d413d3d223b7d),
('e0c29bce14cc1aa0b72cd7a551180349377e8331', '::1', 1441013362, 0x5f5f63695f6c6173745f726567656e65726174657c693a313434313031333230323b),
('e0fdb0764b12628df561afde3796a2162b90b88e', '::1', 1441171713, 0x5f5f63695f6c6173745f726567656e65726174657c693a313434313137313531343b617574685f757365727c613a313a7b733a353a22746f6b656e223b733a38383a22614d2f322f4e485656594f78434731796a2f74614d4e4d4d467a5636654c445852786342423952376b7139547977322f71782f42593053624468516d626d32616c51745956726631594e68424c5a41336f72643953513d3d223b7d),
('e227a8664eb1dbd8c3f4839d4108e4f553f711b7', '::1', 1439361665, 0x5f5f63695f6c6173745f726567656e65726174657c693a313433393336313636303b617574685f757365727c613a313a7b733a353a22746f6b656e223b733a38383a22366f37444e2f70574353586130464b77633273614734786d76622b413361625264346f514a476265354947314545684f565a4a5a5a2f507235734556323359654137317a37596f63657a5248756d5850434f647330673d3d223b7d),
('e2c9544db5c179a20bf609f05ebbf255c56ee6cd', '::1', 1440648379, 0x5f5f63695f6c6173745f726567656e65726174657c693a313434303634383234393b),
('e31c5c25cb343fe51ff749d7d3fc9a32a5750301', '::1', 1439352182, 0x5f5f63695f6c6173745f726567656e65726174657c693a313433393335313937343b617574685f757365727c613a313a7b733a353a22746f6b656e223b733a38383a22576a7057684d33732f5a4664536854574c7752573246436358533159624e645072573141544968527643316c42796437467639716f65695155625153677a58326e5351562f7379575a6a593938386271482f7a4447513d3d223b7d),
('e3e7685a884a36348fb225ffac528bc4aa709545', '::1', 1441171471, 0x5f5f63695f6c6173745f726567656e65726174657c693a313434313137313139363b617574685f757365727c613a313a7b733a353a22746f6b656e223b733a38383a22614d2f322f4e485656594f78434731796a2f74614d4e4d4d467a5636654c445852786342423952376b7139547977322f71782f42593053624468516d626d32616c51745956726631594e68424c5a41336f72643953513d3d223b7d),
('e3ef9db90255728f99539749ead8cf138faec780', '::1', 1441097875, 0x5f5f63695f6c6173745f726567656e65726174657c693a313434313039373631393b617574685f757365727c613a313a7b733a353a22746f6b656e223b733a38383a222b2b77536e78325253354f4371747449306d6e2b775a6a4c304262747233732f75497a38793743542b3054574a353163794b5a696d76714c4b62684835356a636838504675784354776657654b4c78724761464b4d413d3d223b7d),
('e5fc4fc4853a5fc10ebd1a38589dc30949837645', '::1', 1440563912, 0x5f5f63695f6c6173745f726567656e65726174657c693a313434303536333930313b617574685f757365727c613a313a7b733a353a22746f6b656e223b733a38383a227179375a71734452744b6765522f305344392b50456271364a4e6e62303471443938526476326a65346a62382f554f4170485a3549416d4f3667547347482f615664352f61777062764347614b514c5663654e3851773d3d223b7d),
('e6ca0c4d60056252921baa84b8a72ac505a422e9', '::1', 1440661994, 0x5f5f63695f6c6173745f726567656e65726174657c693a313434303636313931303b),
('e704b1a2d4b5dd2ca812def59e0a090a042d782f', '::1', 1440127865, 0x5f5f63695f6c6173745f726567656e65726174657c693a313434303132373836353b),
('e99f117096dc524c1fecaca7b0ce02b04cfb4432', '::1', 1440743319, 0x5f5f63695f6c6173745f726567656e65726174657c693a313434303734333330313b617574685f757365727c613a313a7b733a353a22746f6b656e223b733a38383a22743654546131456c525a66576d6352516a564172764a356f4e784c4633374e71683034376454774746746c38465a66516e7265477858392b6637357a494349336c39494b72322b66374c4c4c78502f76592f443871773d3d223b7d),
('e9ee4a41524510fe07d673b7f9c477560084cf8a', '127.0.0.1', 1441219338, 0x5f5f63695f6c6173745f726567656e65726174657c693a313434313231393035353b617574685f757365727c613a313a7b733a353a22746f6b656e223b733a38383a224e4e4b48714866346f55696a626d776252336d3739485456514a2f58347965504f4530463252306b742b794e617a566f6832654c4574786b47713564537646494d76456e46716b4846704f44574f54544836416751773d3d223b7d),
('ea201f17309d8061e0d33c6e6d703051252c1f78', '::1', 1439555513, 0x5f5f63695f6c6173745f726567656e65726174657c693a313433393535353234353b617574685f757365727c613a313a7b733a353a22746f6b656e223b733a38383a225862794b46466a75372f46734f6d47522f343759756c79714d6b4a634b31726a706b6b4d374c4433734b574a69395a6831717955323143684e41446c664f6a61624758714a2b766f4b69484d6c744f494a6a425777413d3d223b7d),
('ea239429d00b2e5b3128306755ec2c4bce92629a', '::1', 1439878704, 0x5f5f63695f6c6173745f726567656e65726174657c693a313433393837383435383b617574685f757365727c613a313a7b733a353a22746f6b656e223b733a38383a2257414234793464356f6f67674c51794c554d397858427264624a4564744b69677655796a6e544e596734374e4653794f55506b6b67495044764c356938774e2b7054776b4678556f65304763634b6a4f3538664234673d3d223b7d),
('ea8c65a47f6861d8bd94b5b67fbd73b89570bd32', '::1', 1439546010, 0x5f5f63695f6c6173745f726567656e65726174657c693a313433393534353932323b617574685f757365727c613a313a7b733a353a22746f6b656e223b733a38383a226d622b6b496a3373587456796974766a485169596b77716e376a71546730735233565070364f434d73596c4f357574516c58544174455a4f306f696b524c514c756b32726745483165423375366a36584c706a4458773d3d223b7d),
('eae7041eb15d4d3ff8bce244316889d8fbce687a', '::1', 1440642140, 0x5f5f63695f6c6173745f726567656e65726174657c693a313434303634323033343b),
('eb77222f0491a366c251f92379975b7d4b65648a', '::1', 1440652061, 0x5f5f63695f6c6173745f726567656e65726174657c693a313434303635313830353b),
('ebbabbc1c16fc71953399d8ead1c48c63220a997', '::1', 1440994953, 0x5f5f63695f6c6173745f726567656e65726174657c693a313434303939343935333b617574685f757365727c613a313a7b733a353a22746f6b656e223b733a38383a2270552b78586c52664941565a4e48673857663379434e3237716f45425373796371794256374a4e3036766d33637945414d756f4c43446c6f3435794477765542444331546b7279744b723546566b717651366e2b61513d3d223b7d),
('ebbdd93d2778434112eb0c77ed87b2afc346bcb4', '::1', 1439346800, 0x5f5f63695f6c6173745f726567656e65726174657c693a313433393334363630323b617574685f757365727c613a313a7b733a353a22746f6b656e223b733a38383a22576a7057684d33732f5a4664536854574c7752573246436358533159624e645072573141544968527643316c42796437467639716f65695155625153677a58326e5351562f7379575a6a593938386271482f7a4447513d3d223b7d737563636573737c733a32363a2243617465676f727920686173206265656e20757064617465642e223b5f5f63695f766172737c613a313a7b733a373a2273756363657373223b733a333a226f6c64223b7d),
('ec656b0523fdb68b400768b5c84212972bd7ee0d', '::1', 1439345387, 0x5f5f63695f6c6173745f726567656e65726174657c693a313433393334353335373b617574685f757365727c613a313a7b733a353a22746f6b656e223b733a38383a22576a7057684d33732f5a4664536854574c7752573246436358533159624e645072573141544968527643316c42796437467639716f65695155625153677a58326e5351562f7379575a6a593938386271482f7a4447513d3d223b7d),
('ed105ef7fbd8104d5145f581ddb83ed547fca5a6', '::1', 1439865491, 0x5f5f63695f6c6173745f726567656e65726174657c693a313433393836353435333b617574685f757365727c613a313a7b733a353a22746f6b656e223b733a38383a2257414234793464356f6f67674c51794c554d397858427264624a4564744b69677655796a6e544e596734374e4653794f55506b6b67495044764c356938774e2b7054776b4678556f65304763634b6a4f3538664234673d3d223b7d),
('ed25df715b7587603c7c388b5043bbf38a09879a', '::1', 1439863328, 0x5f5f63695f6c6173745f726567656e65726174657c693a313433393836333332383b),
('ede08b1f2266302e04d3d020517760f53c309858', '::1', 1441017038, 0x5f5f63695f6c6173745f726567656e65726174657c693a313434313031373033383b),
('ef3add435d655972997aaeda84bcaf953de23f03', '::1', 1439270560, 0x5f5f63695f6c6173745f726567656e65726174657c693a313433393237303236353b617574685f757365727c613a313a7b733a353a22746f6b656e223b733a38383a225363614b4b646267784d4a6a6d374e6c324766515776364465505976437856796b376e6c6e68372b7a6b4c505063754330736c7a727a384d64756457636a7a485239505a59624a6b344946353031366a3151433850513d3d223b7d),
('ef4a7026681ae9aaaa70ad69318b3c63598a30ab', '::1', 1439518401, 0x5f5f63695f6c6173745f726567656e65726174657c693a313433393531383430313b617574685f757365727c613a313a7b733a353a22746f6b656e223b733a38383a226c6d71507375647a464f45474b352b733377656e57446843696a70732b62474f6f755a63494e4a36636230656e616478494e52455349657465505643556f656333396633424c6865414771554c78624f554f4a3445673d3d223b7d),
('efd751a5005ced34aab9753fc7e62747cce5b9e7', '::1', 1439273385, 0x5f5f63695f6c6173745f726567656e65726174657c693a313433393237333132373b617574685f757365727c613a313a7b733a353a22746f6b656e223b733a38383a225363614b4b646267784d4a6a6d374e6c324766515776364465505976437856796b376e6c6e68372b7a6b4c505063754330736c7a727a384d64756457636a7a485239505a59624a6b344946353031366a3151433850513d3d223b7d),
('f00b76e5475ac819e54ec0dbb478b5597b223f16', '::1', 1441094897, 0x5f5f63695f6c6173745f726567656e65726174657c693a313434313039343635363b617574685f757365727c613a313a7b733a353a22746f6b656e223b733a38383a222b2b77536e78325253354f4371747449306d6e2b775a6a4c304262747233732f75497a38793743542b3054574a353163794b5a696d76714c4b62684835356a636838504675784354776657654b4c78724761464b4d413d3d223b7d),
('f0577b78dd898c4b697991d6ad1ab760a9b96b7d', '::1', 1439559192, 0x5f5f63695f6c6173745f726567656e65726174657c693a313433393535393031353b617574685f757365727c613a313a7b733a353a22746f6b656e223b733a38383a225862794b46466a75372f46734f6d47522f343759756c79714d6b4a634b31726a706b6b4d374c4433734b574a69395a6831717955323143684e41446c664f6a61624758714a2b766f4b69484d6c744f494a6a425777413d3d223b7d737563636573737c733a33343a22412070726f647563742076617269616e20686173206265656e2064656c657465642e223b5f5f63695f766172737c613a313a7b733a373a2273756363657373223b733a333a226f6c64223b7d),
('f10c763bcc6ef593dea9f5f6fd44233df7ac8e71', '::1', 1438845269, 0x5f5f63695f6c6173745f726567656e65726174657c693a313433383834353131343b617574685f757365727c613a313a7b733a353a22746f6b656e223b733a38383a2269496b436b436e55525a3253714d4e654b7656346d4478375069476831514f7a2f7a79446e632b6a4979632b676b62686f47444632556459414f527663624b6974643743366e43467632714274346f48556232526a773d3d223b7d);
INSERT INTO `ivo_sessions` (`id`, `ip_address`, `timestamp`, `data`) VALUES
('f2e04ef4b40b8e7c0d9b5813e331e74fee165079', '::1', 1441177988, 0x5f5f63695f6c6173745f726567656e65726174657c693a313434313137373737343b617574685f757365727c613a313a7b733a353a22746f6b656e223b733a38383a22614d2f322f4e485656594f78434731796a2f74614d4e4d4d467a5636654c445852786342423952376b7139547977322f71782f42593053624468516d626d32616c51745956726631594e68424c5a41336f72643953513d3d223b7d),
('f3083fdba7eea31dfb2e751c5a428936c0de6595', '127.0.0.1', 1441219654, 0x5f5f63695f6c6173745f726567656e65726174657c693a313434313231393433333b617574685f757365727c613a313a7b733a353a22746f6b656e223b733a38383a224e4e4b48714866346f55696a626d776252336d3739485456514a2f58347965504f4530463252306b742b794e617a566f6832654c4574786b47713564537646494d76456e46716b4846704f44574f54544836416751773d3d223b7d),
('f3a2497f05b041a62d816c79fb364d3080e0af37', '::1', 1439538499, 0x5f5f63695f6c6173745f726567656e65726174657c693a313433393533383437323b617574685f757365727c613a313a7b733a353a22746f6b656e223b733a38383a226d622b6b496a3373587456796974766a485169596b77716e376a71546730735233565070364f434d73596c4f357574516c58544174455a4f306f696b524c514c756b32726745483165423375366a36584c706a4458773d3d223b7d),
('f3d034478b2885019e721fa25371a3be4aecfb4c', '::1', 1440380556, 0x5f5f63695f6c6173745f726567656e65726174657c693a313434303338303332373b),
('f410f37aa2c3d63989a4583e71155b805d912072', '::1', 1441167441, 0x5f5f63695f6c6173745f726567656e65726174657c693a313434313136373134323b617574685f757365727c613a313a7b733a353a22746f6b656e223b733a38383a22614d2f322f4e485656594f78434731796a2f74614d4e4d4d467a5636654c445852786342423952376b7139547977322f71782f42593053624468516d626d32616c51745956726631594e68424c5a41336f72643953513d3d223b7d),
('f4ad5d65d2c9be94856eb16bf5d046c9acd3ba25', '::1', 1439882030, 0x5f5f63695f6c6173745f726567656e65726174657c693a313433393838323033303b617574685f757365727c613a313a7b733a353a22746f6b656e223b733a38383a2257414234793464356f6f67674c51794c554d397858427264624a4564744b69677655796a6e544e596734374e4653794f55506b6b67495044764c356938774e2b7054776b4678556f65304763634b6a4f3538664234673d3d223b7d),
('f54e056e1b98fb979d7964e42326b2ac73a52579', '::1', 1440644548, 0x5f5f63695f6c6173745f726567656e65726174657c693a313434303634343534383b),
('f5e0987fb7332b8789a0127bbe91940c995137c5', '::1', 1440562725, 0x5f5f63695f6c6173745f726567656e65726174657c693a313434303536323439313b617574685f757365727c613a313a7b733a353a22746f6b656e223b733a38383a227179375a71734452744b6765522f305344392b50456271364a4e6e62303471443938526476326a65346a62382f554f4170485a3549416d4f3667547347482f615664352f61777062764347614b514c5663654e3851773d3d223b7d),
('f615f4f055898fc83785770d6b8bc88fa075ed15', '::1', 1439281111, 0x5f5f63695f6c6173745f726567656e65726174657c693a313433393238313131313b617574685f757365727c613a313a7b733a353a22746f6b656e223b733a38383a225363614b4b646267784d4a6a6d374e6c324766515776364465505976437856796b376e6c6e68372b7a6b4c505063754330736c7a727a384d64756457636a7a485239505a59624a6b344946353031366a3151433850513d3d223b7d),
('f76e56973d40211becd1ec24ccc776fd8ef9657f', '::1', 1441090676, 0x5f5f63695f6c6173745f726567656e65726174657c693a313434313039303339393b617574685f757365727c613a313a7b733a353a22746f6b656e223b733a38383a222b2b77536e78325253354f4371747449306d6e2b775a6a4c304262747233732f75497a38793743542b3054574a353163794b5a696d76714c4b62684835356a636838504675784354776657654b4c78724761464b4d413d3d223b7d),
('f88b9b4eb7f0b04393cc9d89be364a920af05b9e', '::1', 1440652224, 0x5f5f63695f6c6173745f726567656e65726174657c693a313434303635323134303b),
('f8e8ae4c6112509d478a1c0c185d983932f00c68', '::1', 1440053057, 0x5f5f63695f6c6173745f726567656e65726174657c693a313434303035323737373b617574685f757365727c613a313a7b733a353a22746f6b656e223b733a38383a2235426f766c34414858505a435869546f6c5132444e6344555537476655594d54324c724d734f45436c737838626a66317a6f41384f3650444f546a354e5835746e5932677a3461356c71766f6d6a71686d71514d77413d3d223b7d),
('f92d34a73aa9789f70465a772bf691f97b2b23d4', '127.0.0.1', 1441221904, 0x5f5f63695f6c6173745f726567656e65726174657c693a313434313232313630353b617574685f757365727c613a313a7b733a353a22746f6b656e223b733a38383a224e4e4b48714866346f55696a626d776252336d3739485456514a2f58347965504f4530463252306b742b794e617a566f6832654c4574786b47713564537646494d76456e46716b4846704f44574f54544836416751773d3d223b7d),
('f946f14637e09b6a3f71cc99f1962088168de669', '::1', 1438850795, 0x5f5f63695f6c6173745f726567656e65726174657c693a313433383835303735333b617574685f757365727c613a313a7b733a353a22746f6b656e223b733a38383a2269496b436b436e55525a3253714d4e654b7656346d4478375069476831514f7a2f7a79446e632b6a4979632b676b62686f47444632556459414f527663624b6974643743366e43467632714274346f48556232526a773d3d223b7d),
('f97b46226572954149a591cb781efbce2ca41d10', '::1', 1439557667, 0x5f5f63695f6c6173745f726567656e65726174657c693a313433393535373435313b617574685f757365727c613a313a7b733a353a22746f6b656e223b733a38383a225862794b46466a75372f46734f6d47522f343759756c79714d6b4a634b31726a706b6b4d374c4433734b574a69395a6831717955323143684e41446c664f6a61624758714a2b766f4b69484d6c744f494a6a425777413d3d223b7d),
('fb71bb053579ec8a7e55b2cc5a9e433668ee088a', '::1', 1438843529, 0x5f5f63695f6c6173745f726567656e65726174657c693a313433383834333532393b617574685f757365727c613a313a7b733a353a22746f6b656e223b733a38383a2269496b436b436e55525a3253714d4e654b7656346d4478375069476831514f7a2f7a79446e632b6a4979632b676b62686f47444632556459414f527663624b6974643743366e43467632714274346f48556232526a773d3d223b7d),
('fbcaf8e3b87c989a5b72ca08c2a99293278827d6', '::1', 1439542214, 0x5f5f63695f6c6173745f726567656e65726174657c693a313433393534323030343b617574685f757365727c613a313a7b733a353a22746f6b656e223b733a38383a226d622b6b496a3373587456796974766a485169596b77716e376a71546730735233565070364f434d73596c4f357574516c58544174455a4f306f696b524c514c756b32726745483165423375366a36584c706a4458773d3d223b7d737563636573737c733a32383a22412063617465676f727920686173206265656e20637265617465642e223b5f5f63695f766172737c613a313a7b733a373a2273756363657373223b733a333a226e6577223b7d),
('fc60385bd147c6570a51a7e5578f160a9768a2e0', '::1', 1440554941, 0x5f5f63695f6c6173745f726567656e65726174657c693a313434303535343839393b),
('fd82f709c1ab9b5894575dbd86962c7422828f70', '::1', 1441099868, 0x5f5f63695f6c6173745f726567656e65726174657c693a313434313039393836383b617574685f757365727c613a313a7b733a353a22746f6b656e223b733a38383a222b2b77536e78325253354f4371747449306d6e2b775a6a4c304262747233732f75497a38793743542b3054574a353163794b5a696d76714c4b62684835356a636838504675784354776657654b4c78724761464b4d413d3d223b7d),
('fea09cdcf1d57a80fd961ba30cce5dbf55efff42', '::1', 1440650744, 0x5f5f63695f6c6173745f726567656e65726174657c693a313434303635303438373b),
('feceaa9d2f856365ff63629faa3acf8f36947b09', '::1', 1440751978, 0x5f5f63695f6c6173745f726567656e65726174657c693a313434303735313937383b617574685f757365727c613a313a7b733a353a22746f6b656e223b733a38383a224f476c652f6a324f50763237716f6d6647624537717142664c76557055314533584d4a6477724b69757430363253492b4238357175626b533364684f75716b6a6268623355756b6239354c39553869535034746b55413d3d223b7d),
('ff3ede1cec957ea4b9bc172ec2e0c74759acbce9', '::1', 1439522104, 0x5f5f63695f6c6173745f726567656e65726174657c693a313433393532313934333b617574685f757365727c613a313a7b733a353a22746f6b656e223b733a38383a226c6d71507375647a464f45474b352b733377656e57446843696a70732b62474f6f755a63494e4a36636230656e616478494e52455349657465505643556f656333396633424c6865414771554c78624f554f4a3445673d3d223b7d),
('ff4bdd580a34b30fbf31b0fcfc8579b150bf4d5c', '::1', 1440666928, 0x5f5f63695f6c6173745f726567656e65726174657c693a313434303636363730313b),
('ff9886003566d6a794a18aaa796223ecf7288b1a', '::1', 1439368099, 0x5f5f63695f6c6173745f726567656e65726174657c693a313433393336373932353b617574685f757365727c613a313a7b733a353a22746f6b656e223b733a38383a22366f37444e2f70574353586130464b77633273614734786d76622b413361625264346f514a476265354947314545684f565a4a5a5a2f507235734556323359654137317a37596f63657a5248756d5850434f647330673d3d223b7d),
('ffe81655adcd11c9fddd2d246b8361935331c473', '127.0.0.1', 1441218194, 0x5f5f63695f6c6173745f726567656e65726174657c693a313434313231373934333b617574685f757365727c613a313a7b733a353a22746f6b656e223b733a38383a224e4e4b48714866346f55696a626d776252336d3739485456514a2f58347965504f4530463252306b742b794e617a566f6832654c4574786b47713564537646494d76456e46716b4846704f44574f54544836416751773d3d223b7d);

-- --------------------------------------------------------

--
-- Table structure for table `ivo_settings`
--

CREATE TABLE IF NOT EXISTS `ivo_settings` (
  `id` int(11) NOT NULL AUTO_INCREMENT,
  `label` varchar(255) DEFAULT NULL,
  `key` varchar(255) DEFAULT NULL,
  `value` text,
  PRIMARY KEY (`id`)
) ENGINE=InnoDB  DEFAULT CHARSET=latin1 AUTO_INCREMENT=52 ;

--
-- Dumping data for table `ivo_settings`
--

INSERT INTO `ivo_settings` (`id`, `label`, `key`, `value`) VALUES
(1, 'Site Name', 'site_name', 'Ivodent'),
(2, 'Tagline', 'site_tagline', 'Ivodent Dental Supplies - Bali Dental Clinic - Dental Lab and Treatment In Bali - Bali Dentist'),
(3, 'Date Format', 'date_format', 'j F Y'),
(4, 'Time Format', 'time_format', 'g:i a'),
(5, 'Currency', 'currency', 'IDR'),
(6, 'Currency Position', 'currency_position', 'left_space'),
(7, 'Thousand Separator', 'thousand_separator', ','),
(8, 'Decimal Separator', 'decimal_separator', '.'),
(9, 'Number of Decimals', 'number_decimal', '0'),
(10, 'Image Thumnail Size', 'image_thumbnail', '150x150'),
(11, 'Thumnail Crop', 'image_thumbnail_crop', '1'),
(12, 'Image Medium Size', 'image_medium', '300x300'),
(13, 'Image Medium Crop', 'image_medium_crop', '0'),
(14, 'Image Large Size', 'image_large', '600x600'),
(15, 'Image Large Crop', 'image_large_crop', '0'),
(34, 'Image 1 ( 1140px x 420px )', 'slide_image1', '6'),
(35, 'Title 1', 'slide_title1', 'Cool Slide 1'),
(36, 'Description 1', 'slide_description1', 'Description of slide 1'),
(37, 'Image 2 ( 1140px x 420px )', 'slide_image2', '7'),
(38, 'Title 2', 'slide_title2', 'Awesome Slide 2'),
(39, 'Description 2', 'slide_description2', 'Description slide 2'),
(40, 'Image 3 ( 1140px x 420px )', 'slide_image3', '8'),
(41, 'Title 3', 'slide_title3', 'Wonderful Slide 3'),
(42, 'Description 3', 'slide_description3', 'Description of slide 3'),
(43, 'Image 4 ( 1140px x 420px )', 'slide_image4', ''),
(44, 'Title 4', 'slide_title4', ''),
(45, 'Description 4', 'slide_description4', ''),
(46, 'Image 5 ( 1140px x 420px )', 'slide_image5', ''),
(47, 'Title 5', 'slide_title5', ''),
(48, 'Description 5', 'slide_description5', ''),
(49, 'Image 6 ( 1140px x 420px )', 'slide_image6', ''),
(50, 'Title 6', 'slide_title6', ''),
(51, 'Description 6', 'slide_description6', '');

-- --------------------------------------------------------

--
-- Table structure for table `ivo_users`
--

CREATE TABLE IF NOT EXISTS `ivo_users` (
  `id` int(11) NOT NULL AUTO_INCREMENT,
  `username` varchar(255) DEFAULT NULL,
  `email` varchar(255) DEFAULT NULL,
  `role` varchar(255) NOT NULL DEFAULT 'member',
  `password` text,
  `token` text,
  `timestamp` timestamp NOT NULL DEFAULT CURRENT_TIMESTAMP ON UPDATE CURRENT_TIMESTAMP,
  PRIMARY KEY (`id`)
) ENGINE=InnoDB  DEFAULT CHARSET=latin1 AUTO_INCREMENT=3 ;

--
-- Dumping data for table `ivo_users`
--

INSERT INTO `ivo_users` (`id`, `username`, `email`, `role`, `password`, `token`, `timestamp`) VALUES
(1, 'tirta', 'tirta@balibagus.com', 'admin', 'nWvPTa+4ltq2tJdSPe/rGKnHkaX3fJFP7OLLByGPw7YXOnjNtVZvNQbNHhNsXahGagw4ke65lCVpJVMAn/TIVA==', 'NNKHqHf4oUijbmwbR3m79HTVQJ/X4yePOE0F2R0kt+yNazVoh2eLEtxkGq5dSvFIMvEnFqkHFpODWOTTH6AgQw==', '2015-09-02 18:14:15'),
(2, 'gun', 'gun@balibagus.com', 'admin', '/6JrI7TSoXXwStQ6Hfv8OIOk90X74rAaLu7jCJK491bfv0EC4ZT+PVcRjNliqW4XdnQSJRaYD7say8oX+T23+A==', NULL, '2015-08-28 06:47:13');

-- --------------------------------------------------------

--
-- Table structure for table `ivo_varians`
--

CREATE TABLE IF NOT EXISTS `ivo_varians` (
  `id` int(10) unsigned NOT NULL AUTO_INCREMENT,
  `product_id` int(11) DEFAULT NULL,
  `varian1_key` varchar(255) DEFAULT NULL,
  `varian1_value` varchar(255) DEFAULT NULL,
  `varian2_key` varchar(255) DEFAULT NULL,
  `varian2_value` varchar(255) DEFAULT NULL,
  `varian3_key` varchar(255) DEFAULT NULL,
  `varian3_value` varchar(255) DEFAULT NULL,
  `sku` varchar(255) DEFAULT NULL,
  `barcode` varchar(255) DEFAULT NULL,
  `quantity` int(11) DEFAULT NULL,
  `price` double DEFAULT NULL,
  `sale_price` double DEFAULT NULL,
  `picture` text,
  PRIMARY KEY (`id`)
) ENGINE=InnoDB  DEFAULT CHARSET=latin1 AUTO_INCREMENT=138 ;

--
-- Dumping data for table `ivo_varians`
--

INSERT INTO `ivo_varians` (`id`, `product_id`, `varian1_key`, `varian1_value`, `varian2_key`, `varian2_value`, `varian3_key`, `varian3_value`, `sku`, `barcode`, `quantity`, `price`, `sale_price`, `picture`) VALUES
(3, 1, 'Diameter', '3.3mmD', 'Length', '8mmL', '', '', '943308', '', 0, 150, 0, NULL),
(4, 3, 'Diameter', '3.7mmD', 'Length', '8mmL', '', '', '803708', '', 0, 150, 0, NULL),
(5, 1, 'Diameter', '3.3mmD', 'Length', '10mmL', '', '', '943310', '', 0, 150, 0, NULL),
(6, 1, 'Diameter', '3.3mmD', 'Length', '12mmL', '', '', '943312', '', 0, 150, 150, NULL),
(7, 1, 'Diameter', '3.3mmD', 'Length', '14mmL', '', '', '943314', '', 0, 150, 0, NULL),
(8, 1, 'Diameter', '3.3mmD', 'Length', '16mmL', '', '', '943316', '', 0, 150, 0, NULL),
(9, 1, 'Diameter', '4.1mmD', 'Length', '6mmL', '', '', '944106', '', 0, 150, 0, NULL),
(10, 1, 'Diameter', '4.1mmD', 'Length', '8mmL', '', '', '944108', '', 0, 150, 0, NULL),
(11, 1, 'Diameter', '4.1mmD', 'Length', '10mmL', '', '', '944110', '', 0, 150, 0, NULL),
(12, 1, 'Diameter', '4.1mmD', 'Length', '12mmL', '', '', '944112 ', '', 0, 150, 0, NULL),
(13, 1, 'Diameter', '4.1mmD', 'Length', '14mmL', '', '', '944114', '', 0, 150, 0, NULL),
(14, 1, 'Diameter', '4.1mmD', 'Length', '16mmL', '', '', '944116', '', 0, 150, 0, NULL),
(15, 1, 'Diameter', '4.8mmD', 'Length', '6mmL', '', '', '944806', '', 0, 150, 0, NULL),
(16, 1, 'Diameter', '4.8mmD', 'Length', '8mmL', '', '', '944808', '', 0, 150, 0, NULL),
(17, 1, 'Diameter', '4.8mmD', 'Length', '10mmL', '', '', '944810', '', 0, 150, 0, NULL),
(18, 1, 'Diameter', '4.8mmD', 'Length', '12mmL', '', '', '944812', '', 0, 150, 0, NULL),
(19, 1, 'Diameter', '4.8mmD', 'Length', '14mmL', '', '', '944814', '', 0, 150, 0, NULL),
(20, 3, 'Diameter', '3.7mmD', 'Length', '10mmL', '', '', '803710', '', 0, 150, 0, NULL),
(21, 3, 'Diameter', '3.7mmD', 'Length', '11.5mmL', '', '', '803711', '', 0, 150, 0, NULL),
(22, 4, 'Platform', '3.0mmD', '', '', '', '', '6530-01', '', 0, 20, 0, NULL),
(23, 4, 'Platform', '3.0mmD', '', '', '', '', '6530-01S', '', 0, 20, 0, NULL),
(24, 4, 'Platform', '3.4mmD', '', '', '', '', '6534-01', '', 0, 20, 0, NULL),
(25, 4, 'Platform', '3.4mmD', '', '', '', '', '6534-01S', '', 0, 20, 0, NULL),
(26, 3, 'Diameter', '3.7mmD', 'Length', '13mmL', '', '', '803713', '', 0, 150, 0, NULL),
(27, 3, 'Diameter', '3.7mmD', 'Length', '16mmL', '', '', '803716', '', 0, 150, 0, NULL),
(28, 5, 'Diameter', '3.3mmD', 'Length', '8mmL', 'Platform', '3.7mmD', '923308', '', 0, 150, 0, NULL),
(29, 5, 'Diameter', '3.3mmD', 'Length', '10mmL', 'Platform', '3.7mmD', '923310', '', 0, 150, 0, NULL),
(30, 5, 'Diameter', '3.3mmD', 'Length', '12mmL', 'Platform', '3.7mmD', '923312', '', 0, 150, 0, NULL),
(31, 5, 'Diameter', '3.3mmD', 'Length', '14mmL', 'Platform', '3.7mmD', '923314', '', 0, 150, 0, NULL),
(32, 5, 'Diameter', '3.3mmD', 'Length', '16mmL', 'Platform', '3.7mmD', '923316', '', 0, 150, 0, NULL),
(33, 5, 'Diameter', '4.1mmD', 'Length', '6mmL', 'Platform', '4.8mmD', '924106', '', 0, 150, 0, NULL),
(34, 3, 'Diameter', '4.2mmD', 'Length', '8mmL', '', '', '804208', '', 0, 150, 0, NULL),
(35, 5, 'Diameter', '4.1mmD', 'Length', '8mmL', 'Platform', '4.8mmD', '924108', '', 0, 150, 0, NULL),
(36, 5, 'Diameter', '4.1mmD', 'Length', '10mmL', 'Platform', '4.8mmD', '924110', '', 0, 150, 0, NULL),
(37, 5, 'Diameter', '4.1mmD', 'Length', '12mmL', 'Platform', '4.8mmD', '924112', '', 0, 150, 0, NULL),
(38, 5, 'Diameter', '4.1mmD', 'Length', '14mmL', 'Platform', '4.8mmD', '924114', '', 0, 150, 0, NULL),
(39, 5, 'Diameter', '4.1mmD', 'Length', '16mmL', 'Platform', '4.8mmD', '924116', '', 0, 150, 0, NULL),
(40, 5, 'Diameter', '4.8mmD', 'Length', '6mmL', 'Platform', '4.8mmD', '924806', '', 0, 150, 0, NULL),
(41, 5, 'Diameter', '4.8mmD', 'Length', '8mmL', 'Platform', '4.8mmD', '924808', '', 0, 150, 0, NULL),
(42, 5, 'Diameter', '4.8mmD', 'Length', '10mmL', 'Platform', '4.8mmD', '924810', '', 0, 150, 0, NULL),
(43, 5, 'Diameter', '4.8mmD', 'Length', '12mmL', 'Platform', '4.8mmD', '924812', '', 0, 150, 0, NULL),
(44, 5, 'Diameter', '4.8mmD', 'Length', '14mmL', 'Platform', '4.8mmD', '924814', '', 0, 150, 0, NULL),
(45, 5, 'Diameter', '4.8mmD', 'Length', '6mmL', 'Platform', '6.5mmD', '924806W', '', 0, 150, 0, NULL),
(46, 5, 'Diameter', '4.8mmD', 'Length', '8mmL', 'Platform', '6.5mmD', '924808W', '', 0, 150, 0, NULL),
(47, 5, 'Diameter', '4.8mmD', 'Length', '10mmL', 'Platform', '6.5mmD', '924810W', '', 0, 150, 0, NULL),
(48, 5, 'Diameter', '4.8mmD', 'Length', '12mmL', 'Platform', '6.5mmD', '924812W', '', 0, 150, 0, NULL),
(49, 5, 'Diameter', '4.8mmD', 'Length', '14mmL', 'Platform', '6.5mmD', '924814W', '', 0, 150, 0, NULL),
(50, 5, 'Diameter', '5.7mmD', 'Length', '6mmL', 'Platform', '6.5mmD', '925706', '', 0, 150, 0, NULL),
(51, 5, 'Diameter', '5.7mmD', 'Length', '8mmL', 'Platform', '6.5mmD', '925708', '', 0, 150, 0, NULL),
(52, 5, 'Diameter', '5.7mmD', 'Length', '10mmL', 'Platform', '6.5mmD', '925710', '', 0, 150, 0, NULL),
(53, 5, 'Diameter', '5.7mmD', 'Length', '12mmL', 'Platform', '6.5mmD', '925712', '', 0, 150, 0, NULL),
(54, 5, 'Diameter', '5.7mmD', 'Length', '14mmL', 'Platform', '6.5mmD', '925714', '', 0, 150, 0, NULL),
(55, 3, 'Diameter', '4.2mmD', 'Length', '10mmL', '', '', '804210', '', 0, 150, 0, NULL),
(56, 3, 'Diameter', '4.2mmD', 'Length', '11.5mmL', '', '', '804211', '', 0, 150, 0, NULL),
(57, 3, 'Diameter', '4.2mmD', 'Length', '13mmL', '', '', '804213', '', 0, 150, 0, NULL),
(58, 3, 'Diameter', '4.2mmD', 'Length', '16mmL', '', '', '804216', '', 0, 150, 0, NULL),
(59, 6, 'Diameter', '3.3mmD', 'Length', '8mmL', 'Platform', '3.7mmD', '933308', '', 0, 150, 0, NULL),
(60, 6, 'Diameter', '3.3mmD', 'Length', '10mmL', 'Platform', '3.7mmD', '933310', '', 0, 150, 0, NULL),
(61, 6, 'Diameter', '3.3mmD', 'Length', '12mmL', 'Platform', '3.7mmD', '933312', '', 0, 150, 0, NULL),
(62, 6, 'Diameter', '3.3mmD', 'Length', '14mmL', 'Platform', '3.7mmD', '933314', '', 0, 150, 0, NULL),
(63, 6, 'Diameter', '4.1mmD', 'Length', '6mmL', 'Platform', '4.8mmD', '934106', '', 0, 150, 0, NULL),
(64, 6, 'Diameter', '4.1mmD', 'Length', '8mmL', 'Platform', '4.8mmD', '934108', '', 0, 150, 0, NULL),
(65, 6, 'Diameter', '4.1mmD', 'Length', '10mmL', 'Platform', '4.8mmD', '934110', '', 0, 150, 0, NULL),
(66, 6, 'Diameter', '4.1mmD', 'Length', '12mmL', 'Platform', '4.8mmD', '934112', '', 0, 150, 0, NULL),
(67, 6, 'Diameter', '4.1mmD', 'Length', '14mmL', 'Platform', '4.8mmD', '934114', '', 0, 150, 0, NULL),
(68, 6, 'Diameter', '4.8mmD', 'Length', '6mmL', 'Platform', '4.8mmD', '934806', '', 0, 150, 0, NULL),
(69, 6, 'Diameter', '4.8mmD', 'Length', '8mmL', 'Platform', '4.8mmD', '934808', '', 0, 150, 0, NULL),
(70, 6, 'Diameter', '4.8mmD', 'Length', '10mmL', 'Platform', '4.8mmD', '934810', '', 0, 150, 0, NULL),
(71, 6, 'Diameter', '4.8mmD', 'Length', '12mmL', 'Platform', '4.8mmD', '934812', '', 0, 150, 0, NULL),
(72, 6, 'Diameter', '4.8mmD', 'Length', '14mmL', 'Platform', '4.8mmD', '934814', '', 0, 150, 0, NULL),
(73, 6, 'Diameter', '4.8mmD', 'Length', '6mmL', 'Platform', '6.5mmD', '934806W', '', 0, 150, 0, NULL),
(74, 6, 'Diameter', '4.8mmD', 'Length', '8mmL', 'Platform', '6.5mmD', '934808W', '', 0, 150, 0, NULL),
(75, 6, 'Diameter', '4.8mmD', 'Length', '10mmL', 'Platform', '6.5mmD', '934810W', '', 0, 150, 0, NULL),
(76, 6, 'Diameter', '4.8mmD', 'Length', '12mmL', 'Platform', '6.5mmD', '934812W', '', 0, 150, 0, NULL),
(77, 6, 'Diameter', '5.7mmD', 'Length', '8mmL', 'Platform', '6.5mmD', '935708', '', 0, 150, 0, NULL),
(78, 6, 'Diameter', '5.7mmD', 'Length', '10mmL', 'Platform', '6.5mmD', '935710', '', 0, 150, 0, NULL),
(79, 6, 'Diameter', '5.7mmD', 'Length', '12mmL', 'Platform', '6.5mmD', '935712', '', 0, 150, 0, NULL),
(80, 7, 'Width', '3.8mmD', 'Length', '2mmL', 'Platform', '3.0mmD', '6530-12N', '', 0, 35, 0, NULL),
(81, 7, 'Width', '3.8mmD', 'Length', '3mmL', 'Platform', '3.0mmD', '6530-13N', '', 0, 35, 0, NULL),
(82, 7, 'Width', '3.8mmD', 'Length', '5mmL', 'Platform', '3.0mmD', '6530-15N', '', 0, 35, 0, NULL),
(83, 7, 'Width', '5.0mmD', 'Length', '2mmL', 'Platform', '3.4mmD', '6534-12N', '', 0, 35, 0, NULL),
(84, 7, 'Width', '5.0mmD', 'Length', '3mmL', 'Platform', '3.4mmD', '6534-13N', '', 0, 35, 0, NULL),
(85, 7, 'Width', '5.0mmD', 'Length', '5mmL', 'Platform', '3.4mmD', '6534-15N', '', 0, 35, 0, NULL),
(86, 8, 'Width', '5.0mmD', 'Length', '2mmL', 'Platform', '3.0mmD', '6530-12', '', 0, 35, 0, NULL),
(87, 8, 'Width', '5.0mmD', 'Length', '3mmL', 'Platform', '3.0mmD', '6530-13', '', 0, 35, 0, NULL),
(88, 8, 'Width', '5.0mmD', 'Length', '5mmL', 'Platform', '3.0mmD', '6530-15', '', 0, 35, 0, NULL),
(89, 8, 'Width', '5.8mmD', 'Length', '2mmL', 'Platform', '3.4mmD', '6534-12', '', 0, 35, 0, NULL),
(90, 8, 'Width', '5.8mmD', 'Length', '3mmL', 'Platform', '3.4mmD', '6534-13', '', 0, 35, 0, NULL),
(91, 8, 'Width', '5.8mmD', 'Length', '5mmL', 'Platform', '3.4mmD', '6534-15', '', 0, 35, 0, NULL),
(92, 9, 'Width', '6.6mmD', 'Length', '2mmL', 'Platform', '3.4mmD', '6534-12W', '', 0, 35, 0, NULL),
(93, 9, 'Width', '6.6mmD', 'Length', '3mmL', 'Platform', '3.4mmD', '6534-13W', '', 0, 35, 0, NULL),
(94, 9, 'Width', '6.6mmD', 'Length', '5mmL', 'Platform', '3.4mmD', '6534-15W', '', 0, 35, 0, NULL),
(95, 10, 'Platform', '3.0mmD', 'Replacement Screw - 2ea', '1000-37', '', '', '6530-08N', '', 0, 40, 0, NULL),
(96, 10, 'Platform', '3.0mmD', 'Replacement Screw - 2ea', '1000-37', '', '', '6530-08', '', 0, 40, 0, NULL),
(97, 10, 'Platform', '3.4mmD', 'Replacement Screw - 2ea', '1000-35', '', '', '6534-08N', '', 0, 40, 0, NULL),
(98, 10, 'Platform', '3.4mmD', 'Replacement Screw - 2ea', '1000-35', '', '', '6534-08', '', 0, 40, 0, NULL),
(99, 10, 'Platform', '3.4mmD', 'Replacement Screw - 2ea', '1000-35', '', '', '6534-08W', '', 0, 40, 0, NULL),
(100, 11, 'Platform', '3.0mmD', 'Replacement Screw - 2ea', '1000-36', '', '', '6530-05N', '', 0, 40, 0, NULL),
(101, 11, 'Platform', '3.0mmD', 'Replacement Screw - 2ea', '1000-36', '', '', '6530-05', '', 0, 40, 0, NULL),
(102, 11, 'Platform', '3.4mmD', 'Replacement Screw - 2ea', '1000-33', '', '', '6534-05N', '', 0, 40, 0, NULL),
(103, 11, 'Platform', '3.4mmD', 'Replacement Screw - 2ea', '1000-33', '', '', '6534-05', '', 0, 40, 0, NULL),
(104, 11, 'Platform', '3.4mmD', 'Replacement Screw - 2ea', '1000-33', '', '', '6534-05W', '', 0, 40, 0, NULL),
(105, 12, 'Platform', '3.0mmD', '', '', '', '', '6530-06', '', 0, 20, 0, NULL),
(106, 12, 'Platform', '3.4mmD', '', '', '', '', '6534-06', '', 0, 20, 0, NULL),
(107, 13, 'Platform', '3.0mmD', 'Abutment Width', '3.7mmD', 'Collar Heights', '1mm', '6530-21N', '', 0, 125, 0, NULL),
(108, 13, 'Platform', '3.0mmD', 'Abutment Width', '3.7mmD', 'Collar Heights', '2mm', '6530-22N', '', 0, 125, 0, NULL),
(109, 13, 'Platform', '3.0mmD', 'Abutment Width', '3.7mmD', 'Collar Heights', '3mm', '6530-23N', '', 0, 125, 0, NULL),
(110, 13, 'Platform', '3.0mmD', 'Abutment Width', '4.7mmD', 'Collar Heights', '1mm', '6530-21', '', 0, 125, 0, NULL),
(111, 13, 'Platform', '3.0mmD', 'Abutment Width', '4.7mmD', 'Collar Heights', '2mm', '6530-22', '', 0, 125, 0, NULL),
(112, 13, 'Platform', '3.0mmD', 'Abutment Width', '4.7mmD', 'Collar Heights', '3mm', '6530-23', '', 0, 125, 0, NULL),
(113, 13, 'Platform', '3.4mmD', 'Abutment Width', '4.7mmD', 'Collar Heights', '1mm', '6534-21N', '', 0, 125, 0, NULL),
(114, 13, 'Platform', '3.4mmD', 'Abutment Width', '4.7mmD', 'Collar Heights', '2mm', '6534-22N', '', 0, 125, 0, NULL),
(115, 13, 'Platform', '3.4mmD', 'Abutment Width', '4.7mmD', 'Collar Heights', '3mm', '6534-23N', '', 0, 125, 0, NULL),
(116, 13, 'Platform', '3.4mmD', 'Abutment Width', '5.7mmD', 'Collar Heights', '1mm', '6534-21', '', 0, 125, 0, NULL),
(117, 13, 'Platform', '3.4mmD', 'Abutment Width', '5.7mmD', 'Collar Heights', '2mm', '6534-22', '', 0, 125, 0, NULL),
(118, 13, 'Platform', '3.4mmD', 'Abutment Width', '5.7mmD', 'Collar Heights', '3mm', '6534-23', '', 0, 125, 0, NULL),
(119, 13, 'Platform', '3.4mmD', 'Abutment Width', '6.5mmD', 'Collar Heights', '1mm', '6534-21W', '', 0, 125, 0, NULL),
(120, 13, 'Platform', '3.4mmD', 'Abutment Width', '6.5mmD', 'Collar Heights', '2mm', '6534-22W', '', 0, 125, 0, NULL),
(121, 13, 'Platform', '3.4mmD', 'Abutment Width', '6.5mmD', 'Collar Heights', '3mm', '6534-23W', '', 0, 125, 0, NULL),
(122, 14, 'Abutment Width', '3.7mmD', '', '', '', '', '3037-02', '', 0, 30, 0, NULL),
(123, 14, 'Abutment Width', '4.7mmD', '', '', '', '', '3047-02', '', 0, 30, 0, NULL),
(124, 14, 'Abutment Width', '5.7mmD', '', '', '', '', '3057-02', '', 0, 30, 0, NULL),
(125, 14, 'Abutment Width', '6.5mmD', '', '', '', '', '3065-02', '', 0, 30, 0, NULL),
(126, 15, 'Abutment Width', '3.7mmD', '', '', '', '', '3037-26', '', 0, 35, 0, NULL),
(127, 15, 'Abutment Width', '4.7mmD', '', '', '', '', '3047-26', '', 0, 35, 0, NULL),
(128, 15, 'Abutment Width', '5.7mmD', '', '', '', '', '3057-26', '', 0, 35, 0, NULL),
(129, 15, 'Abutment Width', '6.5mmD', '', '', '', '', '3065-26', '', 0, 35, 0, NULL),
(130, 16, 'Abutment Width', '3.7mmD', '', '', '', '', '3037', '', 0, 35, 0, NULL),
(131, 16, 'Abutment Width', '4.7mmD', '', '', '', '', '3047', '', 0, 35, 0, NULL),
(132, 16, 'Abutment Width', '5.7mmD', '', '', '', '', '3057', '', 0, 35, 0, NULL),
(133, 16, 'Abutment Width', '6.5mmD', '', '', '', '', '3065', '', 0, 35, 0, NULL),
(134, 17, 'Abutment Width', '3.7mmD', '', '', '', '', '3037-28', '', 0, 30, 0, NULL),
(135, 17, 'Abutment Width', '4.7mmD', '', '', '', '', '3047-28', '', 0, 30, 0, NULL),
(136, 17, 'Abutment Width', '5.7mmD', '', '', '', '', '3057-28', '', 0, 30, 0, NULL),
(137, 17, 'Abutment Width', '6.5mmD', '', '', '', '', '3065-28', '', 0, 30, 0, NULL);
